{
  "Fifteen_Min": [
    0,
    31.42666,
    31.44004,
    31.52952,
    31.53582,
    31.53499,
    31.56386,
    31.56874,
    31.57364,
    31.55189,
    31.53558,
    31.5089,
    31.52104,
    31.50706,
    31.4851,
    31.50717,
    31.50674
  ],
  "Thirty_Min": [
    0,
    0,
    0
  ],
  "One_Hour": [
    0,
    0,
    0
  ],
  "Two_Hour": [
    0,
    0,
    0
  ],
  "Four_Hour": [
    0,
    27.98948,
    27.67334,
    27.2994,
    27.49542,
    27.72508,
    27.6996,
    27.71886,
    27.62847,
    27.81633,
    27.89408,
    27.92712,
    27.9176,
    27.73326,
    26.99918,
    27.01592,
    26.92041,
    26.98341,
    26.9979,
    26.974,
    26.98326,
    27.09293,
    27.05818,
    27.00097,
    26.94294,
    26.98737,
    26.9112,
    26.8535,
    26.86928,
    26.9536,
    26.99458,
    27.05994,
    27.04634,
    27.06259,
    26.97128,
    26.87558,
    26.82078,
    26.79161,
    26.99669,
    26.80366,
    27.08488,
    27.52528,
    27.6068,
    27.64966,
    27.64476,
    27.63727,
    27.96034,
    27.93936,
    27.77084,
    27.92912,
    28.00444,
    28.0415,
    28.01482,
    27.82464,
    28.0167,
    27.88149,
    27.64386,
    27.43198,
    27.63077,
    27.49783,
    27.58367,
    27.69446,
    27.67248,
    27.65694,
    27.76396,
    27.7699,
    27.77648,
    27.85308,
    27.66267,
    27.19973,
    27.45239,
    27.41171,
    27.4847,
    27.64494,
    27.96588,
    28.04302,
    27.83814,
    27.80948,
    27.77097,
    27.90234,
    27.85064,
    27.79586,
    28.05677,
    27.94748,
    27.86662,
    27.89942,
    27.74528,
    27.55548,
    27.76406,
    27.70922,
    27.61474,
    27.5487,
    27.40235,
    27.3452,
    27.37666,
    27.21886,
    27.31376,
    27.04854,
    27.08088,
    27.023,
    26.85182,
    26.78085,
    26.85256,
    26.82932,
    27.41485,
    27.64744,
    27.55663,
    27.45732,
    27.3223,
    27.33273,
    27.22065,
    27.05735,
    27.14228,
    27.37704,
    27.54842,
    27.5229,
    27.58657,
    27.35006,
    27.33683,
    27.13602,
    27.01379,
    26.84518,
    26.98884,
    26.8521,
    27.22216,
    27.52271,
    27.33614,
    27.20774,
    27.1907,
    27.28279,
    27.46448,
    27.39402,
    27.20806,
    27.11024,
    27.12644,
    27.1797,
    27.17912,
    27.22404,
    27.42992,
    27.50026,
    27.72234,
    27.42354,
    27.524,
    27.81418,
    27.78254,
    27.85394,
    27.7606,
    27.70186,
    27.06942,
    27.0231,
    26.99612,
    26.88339,
    27.0564,
    27.02222,
    27.01297,
    26.784,
    26.87999,
    26.83268,
    26.97156,
    27.09476,
    27.02972,
    27.17968,
    27.33785,
    27.32865,
    27.38353,
    27.60517,
    27.83911,
    27.90204,
    27.85363,
    27.9528,
    27.55404,
    27.51224,
    27.55488,
    27.46731,
    27.20169,
    27.29972,
    27.32711,
    27.24397,
    26.75716,
    27.01844,
    27.01812,
    26.85146,
    26.99092,
    26.80414,
    27.10202,
    27.46173,
    27.46732,
    27.25268,
    27.36616,
    27.40703,
    27.33541,
    27.39098,
    27.00259,
    26.90342,
    27.40816,
    27.2893,
    27.56286,
    27.4317,
    27.48778,
    27.5059,
    27.47672,
    27.26584,
    27.51066,
    27.44167,
    27.52322,
    27.5074,
    27.18174,
    27.14939,
    27.09074,
    27.1064,
    27.08456,
    26.8951,
    27.00738,
    27.07207,
    27.13954
  ],
  "Daily": [
    0,
    31.31913,
    31.47477,
    32.23036,
    31.27076,
    31.85092,
    31.5249,
    32.4859,
    31.7205,
    32.41306,
    32.36395,
    31.4388,
    32.37562,
    32.37037,
    31.9262,
    31.79162,
    32.31627,
    32.4441,
    32.43602,
    32.6624,
    32.66168,
    32.33194,
    32.48026,
    31.71178,
    31.2248,
    31.26077,
    31.23284,
    32.09686,
    32.22191,
    32.0931,
    32.30695,
    32.0423,
    32.0371,
    32.00686,
    31.8072,
    32.64502,
    32.37412,
    31.83734,
    31.73568,
    31.93738,
    31.48064,
    32.19769,
    32.22864,
    31.98508,
    31.72202,
    31.37373,
    32.0653,
    32.24623,
    31.91416,
    32.33676,
    32.13315,
    32.47986,
    32.0905,
    32.23492,
    32.29018,
    31.84469,
    31.85422,
    31.96397,
    30.81398,
    30.42414,
    30.48495,
    30.58498,
    30.70348,
    30.7459,
    30.68558,
    30.70491,
    30.60775,
    30.611,
    31.20542,
    31.43034,
    31.2947,
    31.83088,
    32.6436,
    32.54257,
    32.54334,
    32.45126,
    32.36132,
    32.22982,
    31.74642,
    31.694,
    32.14258,
    32.6287,
    32.31229,
    32.23204,
    32.29502,
    31.7657,
    31.35099,
    31.15446,
    30.50364,
    30.6553,
    30.6362,
    30.71346,
    30.53233,
    30.6074,
    30.43023,
    30.70194,
    31.04552,
    31.09298,
    31.17186,
    30.86486,
    31.16026,
    30.99928,
    31.24927,
    30.94287,
    30.48462,
    30.77013,
    31.09096,
    30.96256,
    31.05244,
    31.71546,
    32.54452,
    32.27952,
    32.00497,
    31.71383,
    30.79502,
    30.47407,
    30.5127,
    30.91036,
    31.19085,
    31.28179,
    31.19712,
    31.78664,
    31.4257,
    31.68581,
    32.01082,
    32.16077,
    32.25999,
    32.42247,
    32.4548,
    32.43054,
    32.1863,
    32.09945,
    31.492,
    31.38964,
    31.25645,
    30.61712,
    31.15948,
    30.9828,
    30.79766,
    30.80938,
    31.22396,
    31.77107,
    31.58723,
    31.96582,
    31.4256,
    31.571,
    31.161,
    32.39584,
    31.89464,
    32.04908,
    31.78244,
    32.1172,
    32.14478,
    31.86701,
    31.26691,
    31.47259,
    31.44256,
    31.17502,
    31.4401,
    32.02433,
    31.59766,
    30.99672,
    31.52008,
    30.93808,
    31.24176,
    31.38238,
    30.97928,
    31.02712,
    31.18754,
    30.74182,
    30.57915,
    30.64364,
    30.94378,
    30.71428,
    30.9638,
    31.02694,
    31.74268,
    32.08662,
    31.82225,
    32.20584,
    32.08008,
    32.19156,
    31.83435,
    31.87744,
    31.675,
    31.80552,
    31.5893,
    31.12004,
    30.7931,
    31.35606,
    31.31832,
    31.7844,
    31.884,
    31.80542,
    31.81752,
    31.61784,
    32.58038,
    32.33308,
    31.77062,
    32.07992,
    31.92036,
    32.12384,
    31.09647,
    30.83835,
    30.69954,
    30.6205,
    30.78904,
    30.94978,
    30.97585,
    30.75242,
    31.0882,
    31.12524,
    31.0109,
    32.0976,
    32.42206,
    32.12962,
    32.4186,
    32.47428,
    31.82533,
    31.61258,
    31.6347,
    31.02191,
    30.6928,
    30.52752,
    30.63398,
    30.6395,
    30.59749,
    30.4849,
    30.81701,
    30.89173,
    31.64447,
    31.78324,
    32.49433,
    32.04552,
    31.59439,
    31.37129,
    31.31196,
    31.38974,
    31.07709,
    30.88021,
    31.41726,
    31.6944,
    31.66406,
    31.73618,
    31.97731,
    31.59909,
    31.29387,
    30.93731,
    30.88781,
    31.08993,
    30.92598,
    31.19884,
    31.38391,
    31.62004,
    31.41204,
    31.3634,
    31.35981,
    31.22643,
    31.64193,
    31.31969,
    31.40006,
    31.07058,
    31.11528,
    30.64792,
    30.58151,
    31.14347,
    31.65793,
    31.87996,
    31.35745,
    31.78722,
    31.71684,
    32.01395,
    32.58785,
    32.41127,
    32.0824,
    31.88443,
    30.87348,
    30.66718,
    30.5432,
    31.73844,
    31.82827,
    31.71526,
    31.95158,
    32.1775,
    32.0489,
    32.06746,
    32.03128,
    31.65024,
    31.4006,
    31.38756,
    30.54604,
    30.58276,
    30.6817,
    30.58223,
    30.48957,
    30.88192,
    30.77359,
    30.5708,
    30.7088,
    30.58014,
    31.01864,
    30.73991,
    30.97074,
    30.46577,
    30.4263,
    30.42632
  ],