{
  "Fifteen_Min": [
    0
  ],
  "Thirty_Min": [
    0,
    0,
    0
  ],
  "One_Hour": [
    0,
    0,
    0
  ],
  "Two_Hour": [
    0,
    0,
    0
  ],
  "Four_Hour": [
    0
  ],
  "Daily": [
    0
  ],
  "Weekly": [
    0,
    38.374,
    38.397,
    39.595,
    39.055,
    37.7425,
    37.1625,
    36.315,
    36.173,
    37.845,
    39.3395,
    40.1267,
    39.29676,
    39.98716,
    39.07956,
    39.03862,
    37.5894,
    36.81842,
    37.43096,
    39.90194,
    40.26919,
    39.98029,
    39.4627,
    39.39318,
    39.38844,
    38.76845,
    38.30426,
    38.71502,
    38.03523,
    38.18108,
    36.94188,
    37.98806,
    37.83374,
    37.80022,
    37.00106,
    36.41791,
    37.94452,
    39.48698,
    39.32481,
    38.99227,
    37.48897,
    40.04294,
    39.77134,
    39.72512,
    38.13831,
    36.46487,
    36.61866,
    36.33678,
    36.42136,
    37.2421,
    37.65374,
    37.58996,
    36.81908,
    40.4233,
    40.05066,
    40.1047,
    39.60146,
    36.5654,
    36.79272,
    36.15612,
    36.32196,
    37.57072,
    37.41896,
    37.40857,
    36.88883,
    36.12939,
    36.12024,
    36.19692,
    37.72392,
    37.81414,
    38.4091,
    38.54498,
    38.53647,
    37.15506,
    36.9215,
    37.30059,
    36.68658,
    36.1083,
    36.56852,
    37.45674,
    36.14444,
    36.693,
    36.1706,
    36.42594,
    36.10567,
    36.61253,
    36.42144,
    37.73707,
    37.57012,
    36.95453,
    36.353,
    36.05802,
    37.4611,
    38.52826,
    39.98334,
    38.72865,
    37.99526,
    38.55626,
    38.98682,
    38.78289,
    36.51612,
    37.09304,
    37.17114,
    39.14969,
    39.5463,
    38.74555,
    37.91251,
    38.42309,
    38.96475,
    39.05327,
    36.99351,
    36.0545,
    38.57073,
    39.76127,
    38.69881,
    37.7841,
    39.60139,
    39.9885,
    37.57555,
    38.44884,
    37.65628,
    37.14238,
    37.1605,
    36.98665,
    37.4125
  ]
}