{
  "Fifteen_Min": [
    0,
    0.88182,
    0.8813,
    0.88163,
    0.8803,
    0.88078,
    0.88137,
    0.88146,
    0.88155,
    0.88157,
    0.88158,
    0.88168,
    0.88175,
    0.88164,
    0.88156,
    0.88122,
    0.88099,
    0.88108,
    0.88069,
    0.88095,
    0.88088,
    0.8807,
    0.88055,
    0.88118,
    0.88124,
    0.88194,
    0.88154,
    0.88176,
    0.88184,
    0.88193,
    0.88206,
    0.88207,
    0.88188,
    0.88174,
    0.88203,
    0.88136,
    0.88043,
    0.88044,
    0.87997,
    0.87966,
    0.8798,
    0.87973,
    0.87984,
    0.87994,
    0.87968,
    0.87992,
    0.87986,
    0.87979,
    0.87974,
    0.87978,
    0.87971,
    0.8799,
    0.87996,
    0.8802,
    0.8805,
    0.88012,
    0.88058,
    0.88104,
    0.8811,
    0.88127,
    0.8816,
    0.88202,
    0.88191,
    0.88204,
    0.88196,
    0.8819,
    0.88185,
    0.882,
    0.88034,
    0.87972,
    0.88,
    0.87998,
    0.87982,
    0.87975,
    0.8797,
    0.87967,
    0.87988,
    0.88008,
    0.8801,
    0.88028,
    0.88046,
    0.88037,
    0.88056,
    0.88061,
    0.88073,
    0.88059,
    0.88074,
    0.88096,
    0.88121,
    0.88106,
    0.88115,
    0.88084,
    0.88085,
    0.8808,
    0.88038,
    0.88054,
    0.8804,
    0.88013,
    0.88014,
    0.88024,
    0.88049,
    0.87993,
    0.87976,
    0.88011,
    0.88016,
    0.88052,
    0.88112,
    0.88031,
    0.88015,
    0.87964,
    0.87991,
    0.88027,
    0.88092,
    0.8815,
    0.88139,
    0.88094,
    0.88111,
    0.88107
  ],
  "Thirty_Min": [
    0,
    0,
    0
  ],
  "One_Hour": [
    0,
    0,
    0
  ],
  "Two_Hour": [
    0,
    0,
    0
  ],
  "Four_Hour": [
    0,
    0.87786,
    0.87566,
    0.87582,
    0.87578,
    0.87584,
    0.87596,
    0.87935,
    0.88004,
    0.87932,
    0.88136,
    0.8787,
    0.87858,
    0.87708,
    0.87608,
    0.8789,
    0.88014,
    0.88328,
    0.8825,
    0.88353,
    0.88326,
    0.88375,
    0.88316,
    0.88368,
    0.88333,
    0.88311,
    0.87957,
    0.88115,
    0.88128,
    0.88094,
    0.87732,
    0.8785,
    0.87799,
    0.879,
    0.8821,
    0.8807,
    0.88135,
    0.88045,
    0.88065,
    0.87694,
    0.87482,
    0.87416,
    0.87766,
    0.87635,
    0.87984,
    0.8808,
    0.87966,
    0.8783,
    0.87818,
    0.87624,
    0.87558,
    0.8747,
    0.87504,
    0.87888,
    0.88174,
    0.8794,
    0.88277,
    0.87952,
    0.88282,
    0.8815,
    0.88304,
    0.88315,
    0.88325,
    0.88222,
    0.88184,
    0.87933,
    0.87983,
    0.87835,
    0.87836,
    0.87822,
    0.87864,
    0.88152,
    0.88134,
    0.88038,
    0.8781,
    0.87712,
    0.87672,
    0.87676,
    0.87515,
    0.8748,
    0.8773,
    0.87808,
    0.87774,
    0.87698,
    0.87602,
    0.878,
    0.87742,
    0.88164,
    0.88224,
    0.88237,
    0.88312,
    0.8829,
    0.88082,
    0.88265,
    0.8836,
    0.88356,
    0.88073,
    0.8809,
    0.88146,
    0.88074,
    0.87948,
    0.87831,
    0.87832,
    0.87829,
    0.87647,
    0.87486,
    0.87474,
    0.87656,
    0.87749,
    0.87669,
    0.87891,
    0.87996,
    0.87928,
    0.87936,
    0.87866,
    0.87912,
    0.87842,
    0.8768,
    0.876,
    0.8766,
    0.87812,
    0.87684,
    0.87937,
    0.87699,
    0.8763,
    0.87634,
    0.87738,
    0.87838,
    0.87895,
    0.87614,
    0.87574,
    0.87556,
    0.8758,
    0.8744,
    0.87594,
    0.87619,
    0.87778,
    0.87861,
    0.87615,
    0.87737,
    0.87621,
    0.87759,
    0.87645,
    0.8764,
    0.8759,
    0.87478,
    0.87442,
    0.87426,
    0.87722,
    0.8767,
    0.87837,
    0.8782,
    0.87821,
    0.87748,
    0.87532,
    0.87425,
    0.87446,
    0.87646,
    0.87784,
    0.87878,
    0.87938,
    0.88124,
    0.88148,
    0.88106,
    0.87863,
    0.87886,
    0.87901,
    0.8788,
    0.88055,
    0.88216,
    0.8831,
    0.8833,
    0.8824,
    0.88306,
    0.88342,
    0.88298,
    0.87913,
    0.87827,
    0.8774,
    0.87794,
    0.87795,
    0.8777,
    0.87844,
    0.87902,
    0.88026,
    0.88037,
    0.87976,
    0.88163,
    0.88108,
    0.88361,
    0.88228,
    0.87922,
    0.87627,
    0.87882,
    0.87974,
    0.88127,
    0.88196,
    0.87638,
    0.87701,
    0.87668,
    0.87662,
    0.87785,
    0.87896,
    0.87867,
    0.87962,
    0.88054,
    0.87958,
    0.87868,
    0.87815,
    0.87736,
    0.87641,
    0.87451,
    0.87648,
    0.87802,
    0.87752,
    0.87743,
    0.87696,
    0.87654,
    0.87465,
    0.87536,
    0.87576,
    0.87716
  ],
  "Daily": [
    0,
    0.89871,
    0.89816,
    0.89222,
    0.8979,
    0.8991,
    0.89732,
    0.89364,
    0.89886,
    0.89874,
    0.89928,
    0.89868,
    0.89758,
    0.89804,
    0.89686,
    0.89592,
    0.89396,
    0.89654,
    0.89483,
    0.89882,
    0.89725,
    0.89838,
    0.89582,
    0.89527,
    0.8937,
    0.88655,
    0.89402,
    0.89621,
    0.89666,
    0.8964,
    0.8969,
    0.89678,
    0.89126,
    0.89241,
    0.89646,
    0.89894,
    0.89772,
    0.8959,
    0.89108,
    0.89104,
    0.89286,
    0.89836,
    0.89927,
    0.89911,
    0.898,
    0.89888,
    0.89332,
    0.89522,
    0.8954,
    0.89822,
    0.89466,
    0.89884,
    0.89698,
    0.89204,
    0.88966,
    0.8914,
    0.88778,
    0.88532,
    0.88908,
    0.89468,
    0.89412,
    0.88798,
    0.89045,
    0.89201,
    0.89152,
    0.88968,
    0.88861,
    0.8867,
    0.88274,
    0.88131,
    0.88704,
    0.88702,
    0.89092,
    0.8928,
    0.89322,
    0.88616,
    0.88636,
    0.88722,
    0.89182,
    0.89114,
    0.89128,
    0.89253,
    0.8953,
    0.89655,
    0.89867,
    0.89896,
    0.89366,
    0.89818,
    0.8942,
    0.89576,
    0.89542,
    0.89644,
    0.89331,
    0.89038,
    0.89676,
    0.89598,
    0.89154,
    0.88903,
    0.8871,
    0.8889,
    0.88281,
    0.88576,
    0.88418,
    0.88666,
    0.88004,
    0.88489,
    0.88462,
    0.88808,
    0.88734,
    0.89231,
    0.89376,
    0.89386,
    0.89525,
    0.89456,
    0.89106,
    0.89243,
    0.89428,
    0.89784,
    0.8972,
    0.89533,
    0.89351,
    0.89608,
    0.89858,
    0.89738,
    0.89301,
    0.89354,
    0.88588,
    0.88802,
    0.88368,
    0.89121,
    0.88688,
    0.88844,
    0.88653,
    0.89141,
    0.89135,
    0.8943,
    0.89306,
    0.888,
    0.88686,
    0.88311,
    0.88566,
    0.88768,
    0.88388,
    0.88135,
    0.88174,
    0.88894,
    0.89221,
    0.89716,
    0.89161,
    0.8936,
    0.88863,
    0.89918,
    0.89722,
    0.89752,
    0.8971,
    0.89766,
    0.89244,
    0.8896,
    0.88742,
    0.88631,
    0.88282,
    0.88393,
    0.88693,
    0.88962,
    0.89408,
    0.88958,
    0.89704,
    0.89834,
    0.8884,
    0.88014,
    0.88237,
    0.88403,
    0.88492,
    0.88564,
    0.88646,
    0.88448,
    0.89516,
    0.897,
    0.89133,
    0.8929,
    0.89023,
    0.88767,
    0.8926,
    0.88706,
    0.88074,
    0.88603,
    0.88148,
    0.8858,
    0.886,
    0.88306,
    0.88038,
    0.89066,
    0.89019,
    0.89833,
    0.89558,
    0.89814,
    0.89788,
    0.89924,
    0.89563,
    0.89058,
    0.8915,
    0.89153,
    0.89803,
    0.89683,
    0.8988,
    0.89526,
    0.89692,
    0.89544,
    0.89642,
    0.89578,
    0.89417,
    0.88843,
    0.88486,
    0.8855,
    0.87684,
    0.87618,
    0.87676,
    0.87268,
    0.87212,
    0.873,
    0.87821,
    0.87582,
    0.87708,
    0.8785,
    0.87416,
    0.87558,
    0.87258,
    0.87233,
    0.87349,
    0.87818,
    0.87515,
    0.87698,
    0.87832,
    0.87304,
    0.87474,
    0.8789,
    0.87812,
    0.8763,
    0.87614,
    0.87346,
    0.87318,
    0.8744,
    0.87621,
    0.8759,
    0.8767,
    0.87236,
    0.87188,
    0.87338,
    0.87446,
    0.87878,
    0.8792,
    0.87913,
    0.8777,
    0.88723,
    0.8847,
    0.88678,
    0.87158,
    0.87152
  ],
  "Weekly": [
    0
  ]
}