{
  "Fifteen_Min": [
    0
  ],
  "Thirty_Min": [
    0,
    0,
    0
  ],
  "One_Hour": [
    0,
    0,
    0
  ],
  "Two_Hour": [
    0,
    0,
    0
  ],
  "Four_Hour": [
    0,
    19.87013,
    19.86011,
    19.86746,
    19.72458,
    19.7647,
    19.77429,
    19.80706,
    19.8519,
    19.88696,
    19.85879,
    19.81746,
    19.84746,
    19.8069,
    19.68458,
    19.7123,
    19.81252,
    19.87057,
    19.64526,
    19.36956,
    19.46223,
    19.5221,
    19.49997,
    19.35662,
    19.36085,
    19.4126,
    19.41627,
    19.38796,
    19.33137,
    19.33099,
    19.31752,
    19.28223,
    19.3074,
    19.31784,
    19.25432,
    19.38107,
    19.35194,
    19.30568,
    19.34638,
    19.30756,
    19.46016,
    19.44191,
    19.48534,
    19.2881,
    19.31338,
    19.48248,
    19.41158,
    19.34866,
    19.43528,
    19.36906,
    19.47011,
    19.48749,
    19.34534,
    19.2874,
    19.53331,
    19.52144,
    19.57576,
    19.58196,
    19.53892,
    19.48546,
    19.56493,
    19.55312,
    19.54345,
    19.44927,
    19.46086,
    19.67248,
    19.5885,
    19.5783,
    19.47977,
    19.50205,
    19.54232,
    19.51322,
    19.52871,
    19.45718,
    19.56715,
    19.56948,
    19.56443,
    19.62766,
    19.72854,
    19.66742,
    19.87499,
    19.84659,
    19.82006,
    19.73225,
    19.76174,
    19.75707,
    19.72262,
    19.76338,
    19.80975,
    19.83308,
    19.76322,
    19.74368,
    19.84997,
    19.75331,
    19.7363,
    19.80619,
    19.8375,
    19.77788,
    19.8609,
    19.88284,
    19.8287,
    19.79958,
    19.75909,
    19.77026,
    19.76311,
    19.724,
    19.36562,
    19.50593,
    19.44914,
    19.46667,
    19.44737,
    19.4074,
    19.60155,
    19.58768,
    19.6046,
    19.70276,
    19.68372,
    19.73964,
    19.75578,
    19.74722,
    19.7246,
    19.63473,
    19.2717,
    19.43682,
    19.48395,
    19.44739,
    19.39269,
    19.42795,
    19.559,
    19.61753,
    19.59322,
    19.61802,
    19.84548,
    19.84105,
    19.89763,
    19.81622,
    19.8757,
    19.83911,
    19.68326,
    19.77296,
    19.74398,
    19.68874,
    19.88804,
    19.62818,
    19.48251,
    19.63137,
    19.5841,
    19.55221,
    19.6297,
    19.56882,
    19.6543,
    19.63278,
    19.64481,
    19.77796,
    19.75428,
    19.83087,
    19.8359,
    19.86256,
    19.873,
    19.89732,
    19.88214,
    19.67688,
    19.54211,
    19.59918,
    19.60828,
    19.65559,
    19.40988,
    19.62504,
    19.66878,
    19.88987,
    19.88544,
    19.75106,
    19.87756,
    19.82056,
    19.79702,
    19.82728,
    19.80771,
    19.88163,
    19.87061,
    19.82682,
    19.85462,
    19.81712,
    19.46262,
    19.34955,
    19.33204,
    19.30088,
    19.28678,
    19.61727,
    19.62899,
    19.6466,
    19.6139,
    19.64947,
    19.83707,
    19.79198,
    19.67929,
    19.77511,
    19.86479,
    19.84601,
    19.78406,
    19.65774,
    19.82146,
    19.81825,
    19.65828,
    19.51827,
    19.64648,
    19.53886,
    19.6739,
    19.72908,
    19.72966,
    19.71458,
    19.76324,
    19.69962,
    19.69336,
    19.77864,
    19.66226,
    19.37604,
    19.52023,
    19.50646,
    19.53206,
    19.65704,
    19.89479,
    19.89876,
    19.81222,
    19.85465,
    19.69089,
    19.66864,
    19.65369,
    19.74738,
    19.73062,
    19.79462,
    19.83488,
    19.6819,
    19.80307,
    19.76668,
    19.65085,
    19.61709,
    19.48101,
    19.4496,
    19.45368,
    19.34628,
    19.43298,
    19.3437,
    19.37022,
    19.32744,
    19.30598,
    19.26518,
    19.31868,
    19.30018,
    19.25204,
    19.37248,
    19.56195,
    19.48112,
    19.41887,
    19.38096,
    19.4433,
    19.41018,
    19.28544,
    19.33328,
    19.5207,
    19.61223,
    19.59217,
    19.67102,
    19.51556,
    19.4636,
    19.50189,
    19.25454,
    19.32466,
    19.54239,
    19.43666,
    19.33604,
    19.32172,
    19.35384,
    19.44264,
    19.4213,
    19.28925,
    19.27855,
    19.2713,
    19.33601,
    19.34293,
    19.35086,
    19.59543,
    19.81217,
    19.6776,
    19.67912,
    19.71766,
    19.86118,
    19.90166,
    19.47106,
    19.48606,
    19.47304,
    19.3625,
    19.25294,
    19.36292,
    19.33628,
    19.36372,
    19.40309,
    19.40866,
    19.38454,
    19.27736,
    19.25236,
    19.24046,
    19.40916,
    19.4534,
    19.42122,
    19.45932,
    19.62577,
    19.7844,
    19.73866,
    19.7035,
    19.72398,
    19.71176,
    19.55806,
    19.60396,
    19.6148,
    19.57766,
    19.25222,
    19.2916,
    19.31301,
    19.30462,
    19.23914,
    19.43112,
    19.67862,
    19.67662,
    19.48758,
    19.53296,
    19.51392,
    19.46798,
    19.50106,
    19.4083,
    19.33938,
    19.55886,
    19.45775,
    19.40839,
    19.4249,
    19.41782,
    19.26646,
    19.50352,
    19.52792,
    19.58652,
    19.57443,
    19.34682,
    19.29267,
    19.30041,
    19.27677,
    19.26342,
    19.23845,
    19.36886,
    19.39328
  ],