{
  "Fifteen_Min": [
    0
  ],
  "Thirty_Min": [
    0,
    0,
    0
  ],
  "One_Hour": [
    0,
    0,
    0
  ],
  "Two_Hour": [
    0,
    0,
    0
  ],
  "Four_Hour": [
    0,
    4.36732,
    4.36681,
    4.3611,
    4.34905,
    4.3482,
    4.34906,
    4.36372,
    4.3648,
    4.36598,
    4.366,
    4.36636,
    4.36706,
    4.36597,
    4.36443,
    4.36671,
    4.35417,
    4.35948,
    4.34668,
    4.3433,
    4.3448,
    4.3441,
    4.34761,
    4.32418,
    4.31915,
    4.3189,
    4.31922,
    4.33262,
    4.33841,
    4.34412,
    4.34496,
    4.3443,
    4.34506,
    4.34815,
    4.34938,
    4.35097,
    4.35348,
    4.35267,
    4.34966,
    4.34248,
    4.32074,
    4.3255,
    4.3327,
    4.33324,
    4.32935,
    4.33252,
    4.32938,
    4.33025,
    4.3295,
    4.32182,
    4.32408,
    4.32361,
    4.32318,
    4.32175,
    4.31992,
    4.32948,
    4.32658,
    4.3294,
    4.3278,
    4.33264,
    4.3273,
    4.33392,
    4.33406,
    4.32975,
    4.3344,
    4.33224,
    4.3371,
    4.33715,
    4.33665,
    4.33148,
    4.33568,
    4.33632,
    4.33714,
    4.33556,
    4.34024,
    4.33251,
    4.3275,
    4.3271,
    4.32614,
    4.32284,
    4.31884,
    4.3153,
    4.31577,
    4.32202,
    4.30975,
    4.31136,
    4.32299,
    4.33325,
    4.33098,
    4.32857,
    4.32708,
    4.32076,
    4.32266,
    4.32276,
    4.3329,
    4.33304,
    4.3252,
    4.325,
    4.32449,
    4.3297,
    4.33836,
    4.34425,
    4.34166,
    4.34088,
    4.3412,
    4.33984,
    4.33166,
    4.326,
    4.3261,
    4.32576,
    4.3288,
    4.33425,
    4.33115,
    4.333,
    4.33375,
    4.3338,
    4.32728,
    4.32676,
    4.33125,
    4.33365,
    4.32132,
    4.31996,
    4.32231,
    4.32383,
    4.33945,
    4.33228,
    4.33566,
    4.33998,
    4.3358,
    4.34657,
    4.34508,
    4.34485,
    4.34745,
    4.34845,
    4.34314,
    4.36174,
    4.3618,
    4.3673,
    4.36465,
    4.3576,
    4.35023,
    4.35485,
    4.3534,
    4.3537,
    4.3523,
    4.3498,
    4.34482,
    4.3452,
    4.34545,
    4.34574,
    4.34818,
    4.3521,
    4.35115,
    4.35175,
    4.3528,
    4.34306,
    4.33211,
    4.33445,
    4.33459,
    4.33694,
    4.33465,
    4.34102,
    4.34809,
    4.34852,
    4.34105,
    4.34227,
    4.33695,
    4.33355,
    4.33322,
    4.35035,
    4.35599,
    4.35355,
    4.35,
    4.35825,
    4.35705,
    4.3579,
    4.35924,
    4.35858,
    4.36762,
    4.36725,
    4.35829,
    4.35408,
    4.3529,
    4.3535,
    4.35668,
    4.36259,
    4.36212,
    4.36079,
    4.36676,
    4.36715,
    4.36455,
    4.3664,
    4.36702,
    4.36535,
    4.36248,
    4.34824,
    4.35092,
    4.34375,
    4.32987,
    4.33066,
    4.32945,
    4.32982,
    4.33075,
    4.3248,
    4.31535,
    4.31557,
    4.31587,
    4.31596,
    4.32015,
    4.3157,
    4.32053,
    4.32145,
    4.32665,
    4.33964,
    4.33969,
    4.34122,
    4.33728,
    4.3476,
    4.34894,
    4.34858,
    4.34865,
    4.34796,
    4.34616,
    4.34234,
    4.3417,
    4.34452,
    4.34409,
    4.3366,
    4.32404,
    4.32662,
    4.32633,
    4.32652,
    4.3175,
    4.32391,
    4.32685,
    4.32675,
    4.31908,
    4.31415,
    4.311,
    4.30976,
    4.30986,
    4.32073,
    4.33397,
    4.33483
  ],
  "Daily": [
    0
  ],
  "Weekly": [
    0,
    4.3112,
    4.2978,
    4.3715,
    4.2424,
    4.2519,
    4.2951,
    4.2568,
    4.3249,
    4.3387,
    4.3512,
    4.3986,
    4.3614,
    4.3596,
    4.3819,
    4.3647,
    4.3581,
    4.38,
    4.3932,
    4.3992,
    4.3408,
    4.3515,
    4.3049,
    4.28605,
    4.2751,
    4.2749,
    4.2323,
    4.286,
    4.3685,
    4.3065,
    4.37175,
    4.355,
    4.35315,
    4.37305,
    4.32755,
    4.2394,
    4.29669,
    4.2925,
    4.37567,
    4.37824,
    4.30425,
    4.33285,
    4.36794,
    4.38232,
    4.3135,
    4.2615,
    4.3476,
    4.36528,
    4.29425,
    4.24916,
    4.27247,
    4.246,
    4.23964,
    4.24166,
    4.32538,
    4.30381,
    4.2965,
    4.23588,
    4.23232,
    4.23432,
    4.23344,
    4.27084,
    4.26556,
    4.30413,
    4.26698,
    4.23586,
    4.2536,
    4.25035,
    4.24428,
    4.23793,
    4.27082,
    4.31454,
    4.27256,
    4.23844,
    4.26354,
    4.36627,
    4.39692,
    4.37196,
    4.37492,
    4.3202,
    4.29279,
    4.26352,
    4.26076,
    4.24811,
    4.29694,
    4.36855,
    4.3709,
    4.38734,
    4.38996,
    4.37807,
    4.36472,
    4.35689,
    4.27838,
    4.27292,
    4.31031,
    4.33536,
    4.34085,
    4.3101,
    4.30156,
    4.29548,
    4.2808,
    4.31281,
    4.32441,
    4.33792,
    4.32823,
    4.35698,
    4.38677,
    4.36825,
    4.33542,
    4.30218,
    4.29467,
    4.31382,
    4.30506,
    4.28256,
    4.26158,
    4.23212,
    4.23507,
    4.23393,
    4.2542,
    4.24436,
    4.27337,
    4.26004,
    4.25355,
    4.2436,
    4.27622,
    4.26636,
    4.31101,
    4.2464,
    4.2345,
    4.2446,
    4.23554,
    4.25086,
    4.26646,
    4.30142,
    4.30166,
    4.27724,
    4.28396,
    4.32324,
    4.35791,
    4.31503,
    4.31973,
    4.28466,
    4.26201,
    4.29362,
    4.2789,
    4.29347,
    4.30594,
    4.30689,
    4.28218,
    4.2952,
    4.2945,
    4.3086,
    4.2887,
    4.2929,
    4.29291,
    4.29134,
    4.29424,
    4.29028,
    4.29183,
    4.28802,
    4.28666,
    4.28846,
    4.3061,
    4.33133,
    4.30446,
    4.30065,
    4.29944,
    4.29768,
    4.29069,
    4.27778,
    4.28215,
    4.27714,
    4.29021,
    4.28217,
    4.25898,
    4.25592,
    4.25575,
    4.24524,
    4.25233,
    4.26887,
    4.25078,
    4.27283,
    4.30687,
    4.32256,
    4.33726,
    4.3779,
    4.33919,
    4.32276,
    4.37432,
    4.32061,
    4.30322,
    4.28232,
    4.27681,
    4.2514,
    4.26568,
    4.27525,
    4.29682,
    4.27598,
    4.26812,
    4.25671,
    4.26078,
    4.24376,
    4.23658,
    4.23962,
    4.25672,
    4.27332,
    4.24966,
    4.28776,
    4.32962,
    4.29648,
    4.37906,
    4.39764,
    4.38708,
    4.38685,
    4.37219,
    4.3255,
    4.3371,
    4.33325,
    4.33568,
    4.34485,
    4.35115,
    4.3579,
    4.35408
  ]
}