{
  "Fifteen_Min": [
    0
  ],
  "Thirty_Min": [
    0,
    0,
    0
  ],
  "One_Hour": [
    0,
    0,
    0
  ],
  "Two_Hour": [
    0,
    0,
    0
  ],
  "Four_Hour": [
    0,
    1.00271,
    1.00378,
    1.0037,
    0.99888,
    0.99842,
    0.99712,
    0.99742,
    0.99594,
    0.99483,
    0.99538,
    0.99526,
    0.995,
    0.99328,
    0.99327,
    0.99284,
    0.99266,
    0.99708,
    0.99574,
    0.9947,
    0.9934,
    0.99362,
    0.99322,
    0.99386,
    0.99372,
    0.99431,
    0.99417,
    0.99367,
    0.99332,
    0.99394,
    0.99463,
    0.9941,
    0.99486,
    0.99406,
    0.9965,
    0.99642,
    0.99515,
    0.99416,
    0.99294,
    0.99413,
    0.99272,
    0.99277,
    0.99379,
    0.99274,
    0.99318,
    0.99298,
    0.99347,
    0.99307,
    0.99438,
    0.99591,
    0.99638,
    0.9955,
    0.99534,
    0.99633,
    0.99444,
    0.99464,
    0.99415,
    0.9936,
    0.99324,
    0.99352,
    0.99336,
    0.99361,
    0.99432,
    0.99385,
    0.99399,
    0.99412,
    0.9938,
    0.99552,
    0.99632,
    0.99647,
    0.99702,
    0.99682,
    0.99652,
    0.9951,
    0.99448,
    0.9949,
    0.9954,
    0.9961,
    0.9956,
    0.99528,
    0.99546,
    0.99656,
    0.99717,
    0.9967,
    0.99716,
    0.9962,
    0.9937,
    0.99287,
    0.99263,
    0.99273,
    0.99281,
    0.99264,
    0.99398,
    0.99402,
    0.99522,
    0.99602,
    0.99648,
    0.99687,
    0.99565,
    0.9959,
    0.99611,
    0.99616,
    0.99614,
    0.99558,
    0.99545,
    0.9952,
    0.9935,
    0.9953,
    0.99433,
    0.99492,
    0.99686,
    0.99748,
    0.99697,
    0.99683,
    0.9981,
    0.99734,
    0.9983,
    0.99826,
    0.99887,
    0.99846,
    0.99597,
    0.99677,
    0.99622,
    0.99612,
    0.99658,
    0.9966,
    0.9969,
    0.99757,
    0.99766,
    0.99722,
    0.99452,
    0.9944,
    0.9931,
    0.99404,
    0.99286,
    0.99356,
    0.99424,
    0.99435,
    0.9945,
    0.99606,
    0.99562,
    0.99592,
    0.99391,
    0.99434,
    0.99292,
    0.99321,
    0.99568,
    0.99603,
    0.9964,
    0.99675,
    0.99778,
    1.00178,
    1.00228,
    1.00132,
    1.00205,
    1.00264,
    1.00368,
    1.0038,
    1.00414,
    1.00402,
    0.99927,
    0.9997,
    0.99906,
    1.00026,
    0.99926,
    1.00108,
    1.00142,
    1.00141,
    1.00048,
    0.99949,
    1.00344,
    1.00434,
    1.00326,
    1.00342,
    1.0036,
    1.00266,
    1.00045,
    1.00216,
    1.0022,
    1.00287,
    1.00323,
    1.00316,
    1.00339,
    1.00214,
    1.00039,
    1.003,
    1.00415,
    1.00334,
    1.00166,
    1.00084,
    1.00235,
    1.00313,
    1.00362,
    1.00396,
    1.00347,
    1.00346,
    1.00418,
    1.00364,
    1.00348,
    1.00417,
    1.00436,
    1.00286,
    1.00229,
    1.0018,
    1.00087,
    1.00149,
    1.00159,
    1.00182,
    1.00246,
    1.00345,
    1.0012,
    1.00225,
    1.00151,
    1.00112,
    1.00138,
    1.00191,
    1.002,
    1.00177,
    1.00194,
    1.00156,
    0.99944,
    0.99976,
    1.00007,
    1,
    0.99967,
    0.99974,
    0.99968,
    0.99882,
    0.99886,
    0.99794,
    0.99834,
    0.99746,
    0.99692,
    0.99607,
    0.99518,
    0.99556,
    0.99709,
    0.99728,
    0.99811,
    0.99823,
    1.00038,
    0.99977,
    0.9957,
    0.99598,
    0.9958,
    0.99586,
    0.99754,
    0.9979,
    0.99806,
    0.99762,
    0.99756,
    0.99768,
    0.99844,
    1.00024,
    0.99975,
    1.00006,
    0.99726,
    0.99767,
    1.00124,
    1.00111,
    1.0007,
    1.0002,
    0.99998,
    1.00212,
    1.00234,
    1.00204,
    1.00176,
    1.00371,
    1.0039,
    1.00424,
    1.00422,
    1.00421,
    1.00439,
    1.00425,
    1.00304,
    1.00226,
    1.00171,
    1.00172,
    1.00173,
    0.99858,
    0.99796,
    0.9963,
    0.9975,
    0.99915,
    1.0011,
    1.00248,
    1.00294,
    1.0043,
    1.00367,
    1.00352,
    1.00314,
    1.00232,
    1.0021,
    1.0026,
    1.00236,
    1.00073,
    0.99992,
    1.00014,
    1.00107,
    1.00136,
    1.00336,
    1.00354,
    1.00256,
    1.0033,
    1.00303,
    1.00137,
    1.00126,
    1.00076,
    1.00056,
    0.99955,
    1.00055,
    1.00199,
    1.00019,
    1.00086,
    1.00096,
    1.00068,
    0.99993,
    0.99854,
    0.99777,
    0.99753,
    0.99503,
    0.99596,
    0.99517,
    0.99491,
    0.99467,
    0.99475,
    0.99396,
    0.99355,
    0.9932,
    0.99478,
    0.99613,
    0.99576,
    0.99516,
    0.99436,
    0.99535,
    0.996,
    0.99644,
    0.99496,
    0.99714,
    0.99659,
    0.99609,
    0.99583,
    0.99542,
    0.99763,
    0.99851,
    0.99784,
    0.99772,
    0.99812,
    0.99876,
    1.00168,
    1.00196,
    1.00292,
    1.00268,
    0.9993,
    0.99903,
    0.99809,
    0.99678,
    0.99816,
    0.99636,
    0.99676,
    0.99684,
    0.99674,
    0.99764,
    0.99814,
    0.99747,
    0.99696,
    0.99599,
    0.99445,
    0.99497,
    0.99585,
    0.99621,
    0.99513,
    0.99555,
    0.99495,
    0.99494,
    0.99462,
    0.99346,
    0.99442,
    0.99393,
    0.9948,
    0.99544,
    0.99505,
    0.99498,
    0.99488,
    0.99465,
    0.99304,
    0.99371,
    0.99405,
    0.99429,
    0.99296,
    0.99482,
    0.99471,
    0.99472,
    0.99548,
    0.99588,
    0.99554,
    0.99506,
    0.998,
    0.99706,
    0.99572,
    0.99481,
    0.99539,
    0.99543,
    0.99499,
    0.99704,
    0.9976,
    0.99765,
    0.9989,
    0.99874,
    0.99901,
    0.99913,
    0.99918,
    0.99836,
    0.99892,
    0.9974,
    0.9971,
    0.99907,
    0.9987,
    0.99831,
    0.99703,
    0.99745,
    0.99792,
    0.99474,
    0.99604,
    0.9977,
    0.99731,
    0.99894,
    0.99898,
    0.99936,
    1.00042,
    1.00054,
    1.00062,
    0.99928,
    1.00027,
    0.99924,
    0.99925,
    0.99832,
    1.0001,
    0.99966,
    1.00036,
    0.99867,
    0.99502,
    0.99524,
    0.99564,
    0.99863,
    0.99866,
    0.99872
  ],
  "Daily": [
    0
  ],
  "Weekly": [
    0,
    1.0126,
    1.01434,
    1.01802,
    0.99018,
    1.01178,
    1.00934,
    1.0206,
    1.02258,
    1.02367,
    1.0239,
    1.02428,
    1.02452,
    1.00637,
    1.02024,
    1.01706,
    1.02384,
    1.01011,
    1.00206,
    1.0165,
    1.02009,
    1.02436,
    1.02176,
    1.02418,
    1.01915,
    1.01284,
    1.01436,
    1.00725,
    1.01231,
    1.0154,
    1.01176,
    1.01222,
    1.01372,
    1.01558,
    1.0233,
    1.01702,
    1.02225,
    1.02492,
    1.0249,
    1.0105,
    1.02016,
    1.01336,
    1.01265,
    1.00999,
    1.00501,
    1.01442,
    1.01172,
    1.0177,
    1.01792,
    1.02326,
    1.0238,
    1.025,
    1.00378,
    0.99189,
    0.99216,
    0.99307,
    0.99016,
    0.9851,
    0.98594,
    0.98608,
    0.98762,
    0.99206,
    0.99246,
    0.98866,
    0.9769,
    0.9772,
    0.96887,
    0.98508,
    0.98586,
    0.98538,
    0.98488,
    0.99075,
    0.98704,
    0.99677,
    0.99356,
    1.0053,
    1.00701,
    1.01338,
    1.01411,
    0.9997,
    1.00624,
    1.00512,
    1.00045,
    1.00159,
    0.9967,
    0.99515,
    1.00111,
    1.008,
    1.00608,
    0.99915,
    1.00345,
    1.00019,
    0.9874,
    0.99148,
    0.9855,
    0.97908,
    0.98217,
    0.98814,
    0.98804,
    0.99638,
    0.99558,
    0.99495,
    0.9932
  ]
}