{
  "Fifteen_Min": [
    0
  ],
  "Thirty_Min": [
    0,
    0,
    0
  ],
  "One_Hour": [
    0,
    0,
    0
  ],
  "Two_Hour": [
    0,
    0,
    0
  ],
  "Four_Hour": [
    0,
    1.45455,
    1.45206,
    1.44882,
    1.45612,
    1.45644,
    1.45614,
    1.45623,
    1.45416,
    1.45324,
    1.45532,
    1.45524,
    1.45446,
    1.44642,
    1.44578,
    1.4463,
    1.44518,
    1.44695,
    1.4455,
    1.44575,
    1.44932,
    1.4479,
    1.44784,
    1.44918,
    1.44704,
    1.448,
    1.44706,
    1.44524,
    1.44594,
    1.4457,
    1.44675,
    1.44671,
    1.44824,
    1.44639,
    1.45168,
    1.45228,
    1.45261,
    1.45253,
    1.45142,
    1.45238,
    1.44852,
    1.4488,
    1.4475,
    1.44891,
    1.44869,
    1.44925,
    1.4535,
    1.4532,
    1.45266,
    1.45244,
    1.45146,
    1.45297,
    1.45216,
    1.44992,
    1.45053,
    1.44586,
    1.4467,
    1.44758,
    1.44878,
    1.44986,
    1.45255,
    1.45345,
    1.45304,
    1.45437,
    1.45559,
    1.455,
    1.45502,
    1.45583,
    1.45599,
    1.4565,
    1.45396,
    1.45494,
    1.45483,
    1.45519,
    1.45582,
    1.45474,
    1.45531,
    1.45516,
    1.4553,
    1.45489,
    1.45202,
    1.45162,
    1.45454,
    1.45354,
    1.45378,
    1.45492,
    1.4552,
    1.45366,
    1.45208,
    1.45184,
    1.45257,
    1.45487,
    1.4539,
    1.45484,
    1.45347,
    1.45303,
    1.45321,
    1.45384,
    1.45504,
    1.4551,
    1.45598,
    1.45608,
    1.45638,
    1.45352,
    1.45439,
    1.45475,
    1.45517,
    1.4545,
    1.45486,
    1.45333,
    1.45128,
    1.45188,
    1.45158,
    1.45218,
    1.4522,
    1.45344,
    1.45471,
    1.45388,
    1.45453,
    1.4547,
    1.45415,
    1.4555,
    1.45528,
    1.45533,
    1.45302,
    1.45056,
    1.45095,
    1.45101,
    1.45147,
    1.4512,
    1.45326,
    1.4516,
    1.45066,
    1.45172,
    1.45211,
    1.4501,
    1.45121,
    1.45178,
    1.45279,
    1.45273,
    1.45205,
    1.45123,
    1.45198,
    1.45037,
    1.45171,
    1.45089,
    1.45006,
    1.4499,
    1.44963,
    1.44936,
    1.44998,
    1.44866,
    1.44838,
    1.44908,
    1.44948,
    1.45016,
    1.44832,
    1.44682,
    1.44522,
    1.44622,
    1.4498,
    1.45,
    1.45062,
    1.44801,
    1.44794,
    1.44714,
    1.44528,
    1.44558,
    1.44561,
    1.44613,
    1.44542,
    1.44541,
    1.4459,
    1.44564,
    1.44593,
    1.44821,
    1.4476,
    1.44808,
    1.44764,
    1.44602,
    1.44664,
    1.44563,
    1.4454,
    1.44589,
    1.44684,
    1.44875,
    1.44793,
    1.44853,
    1.4484,
    1.44814,
    1.44926,
    1.45387,
    1.45288,
    1.45448,
    1.45374,
    1.45098,
    1.45135,
    1.45194,
    1.45296,
    1.45232,
    1.45496,
    1.45423,
    1.45434,
    1.45425,
    1.45498,
    1.45458,
    1.45539,
    1.45404,
    1.45456,
    1.45574,
    1.45362,
    1.45356,
    1.45466,
    1.45268,
    1.44717,
    1.4473,
    1.44873,
    1.44894,
    1.44956,
    1.44633,
    1.44755,
    1.44662,
    1.44742,
    1.44648,
    1.44577,
    1.44689,
    1.44641,
    1.44514,
    1.44511,
    1.44723,
    1.44722,
    1.44712,
    1.44538,
    1.44553,
    1.4456,
    1.44603,
    1.44732,
    1.44753,
    1.44774,
    1.44763,
    1.4464,
    1.44752,
    1.44716,
    1.4469,
    1.44844,
    1.44672,
    1.44739,
    1.44804,
    1.45156,
    1.45248,
    1.45196,
    1.45306,
    1.45252,
    1.45293,
    1.45364,
    1.45191,
    1.45554,
    1.45476,
    1.45132,
    1.4486,
    1.44938,
    1.44818,
    1.45005,
    1.44886,
    1.45014,
    1.4493,
    1.44943,
    1.44756,
    1.44652,
    1.4466,
    1.44656,
    1.44614,
    1.44688,
    1.44653,
    1.44708,
    1.44937,
    1.44738,
    1.44702,
    1.44516,
    1.44816,
    1.44831,
    1.44828,
    1.44857,
    1.45294,
    1.44813,
    1.44868,
    1.44781,
    1.446,
    1.4472,
    1.4471,
    1.44805,
    1.44928,
    1.4496,
    1.44904,
    1.4482,
    1.45038,
    1.44972,
    1.44988,
    1.44796,
    1.44846,
    1.44954,
    1.44769,
    1.44762,
    1.44893,
    1.44854,
    1.44715,
    1.44771,
    1.45212,
    1.45269,
    1.45163,
    1.45327,
    1.4515,
    1.45138,
    1.45164,
    1.4525,
    1.45441,
    1.4538,
    1.45254,
    1.4537,
    1.45406,
    1.45512,
    1.45634,
    1.45651,
    1.45543,
    1.45394,
    1.45137,
    1.45148,
    1.45035,
    1.45078,
    1.45114,
    1.45026,
    1.44951,
    1.45024,
    1.4518,
    1.44976,
    1.4483,
    1.44748,
    1.44692,
    1.44568,
    1.44537,
    1.44562,
    1.44535,
    1.44626,
    1.44666,
    1.44649,
    1.44548,
    1.44513,
    1.44885,
    1.44792,
    1.4487,
    1.44734,
    1.44974,
    1.45079,
    1.45008,
    1.4554,
    1.453,
    1.45246,
    1.45368,
    1.45432,
    1.45606,
    1.45548,
    1.45568,
    1.45628,
    1.45629,
    1.45572,
    1.45652,
    1.45332,
    1.45193,
    1.45134,
    1.45108,
    1.4557,
    1.45505,
    1.456,
    1.45438,
    1.45564,
    1.45511,
    1.45468,
    1.45585,
    1.45542,
    1.4563,
    1.45422,
    1.45503,
    1.45472,
    1.45535,
    1.45566,
    1.45571,
    1.45646,
    1.45367,
    1.45264,
    1.45372,
    1.4558,
    1.45398,
    1.45429,
    1.45042
  ],
  "Daily": [
    0,
    1.46176,
    1.4627,
    1.4492,
    1.45056,
    1.4493,
    1.44962,
    1.44975,
    1.45258,
    1.44776,
    1.45025,
    1.44564,
    1.44856,
    1.44634,
    1.44665,
    1.45825,
    1.45606,
    1.45644,
    1.45656,
    1.459,
    1.45873,
    1.4611,
    1.46462,
    1.46158,
    1.45078,
    1.44982,
    1.45201,
    1.46077,
    1.45616,
    1.46181,
    1.45527,
    1.46449,
    1.4594,
    1.45178,
    1.45226,
    1.44798,
    1.45952,
    1.45966,
    1.45992,
    1.46004,
    1.46274,
    1.46326,
    1.46025,
    1.45524,
    1.45532,
    1.45446,
    1.4424,
    1.439,
    1.43839,
    1.43748,
    1.43538,
    1.43316,
    1.43374,
    1.43325,
    1.4334,
    1.4326,
    1.43235,
    1.43314,
    1.43245,
    1.43663,
    1.44393,
    1.4338,
    1.43784,
    1.43682,
    1.43319,
    1.43754,
    1.43951,
    1.44154,
    1.44352,
    1.44675,
    1.45228,
    1.4488,
    1.45216,
    1.44758,
    1.45437,
    1.45958,
    1.46068,
    1.45788,
    1.4625,
    1.46197,
    1.4616,
    1.46278,
    1.46012,
    1.45758,
    1.45483,
    1.45516,
    1.45354,
    1.45184,
    1.45303,
    1.45475,
    1.45188,
    1.45388,
    1.45095,
    1.45066,
    1.45162,
    1.44963,
    1.44948,
    1.44478,
    1.44528,
    1.44541,
    1.44176,
    1.44296,
    1.44412,
    1.4454,
    1.44882,
    1.45288,
    1.46336,
    1.46455,
    1.46162,
    1.46231,
    1.46411,
    1.4579,
    1.46276,
    1.45964,
    1.46084,
    1.46124,
    1.46262,
    1.4604,
    1.45135,
    1.45423,
    1.45752,
    1.45539,
    1.45698,
    1.4473,
    1.44755,
    1.44166,
    1.44308,
    1.4386,
    1.44112,
    1.44511,
    1.44253,
    1.44538,
    1.44249,
    1.43984,
    1.44422,
    1.44716,
    1.44706,
    1.45248,
    1.44938,
    1.44656,
    1.44738,
    1.44831,
    1.44886,
    1.446,
    1.4496,
    1.44796,
    1.44893,
    1.45269,
    1.4515,
    1.45306,
    1.45406,
    1.4622,
    1.46392,
    1.46054,
    1.46102,
    1.46234,
    1.46432,
    1.46346,
    1.46228,
    1.45612,
    1.45148,
    1.44951,
    1.4483,
    1.44466,
    1.44535,
    1.44382,
    1.44649,
    1.44792,
    1.44974,
    1.45246,
    1.45548,
    1.45877,
    1.45826,
    1.46031,
    1.45886,
    1.4612,
    1.46048,
    1.45652,
    1.45158,
    1.45134,
    1.45505,
    1.45511,
    1.45422,
    1.4554,
    1.46036,
    1.4583,
    1.46018,
    1.45998,
    1.46174,
    1.46107,
    1.46051,
    1.45566,
    1.45802,
    1.45374,
    1.4558,
    1.45254,
    1.44954,
    1.44844,
    1.44713,
    1.44548,
    1.44728
  ],
  "Weekly": [
    0
  ]
}