{
  "Fifteen_Min": [
    0,
    1.45239,
    1.45222,
    1.45219,
    1.45236,
    1.45188,
    1.4517,
    1.45098,
    1.45082,
    1.45117,
    1.45184,
    1.45218,
    1.45238,
    1.45216,
    1.45225,
    1.45198,
    1.45196,
    1.45141,
    1.45144,
    1.45156,
    1.45154,
    1.45162,
    1.45211,
    1.45223,
    1.45153,
    1.45118,
    1.45147,
    1.45134,
    1.45058,
    1.4507,
    1.4504,
    1.45042,
    1.4505,
    1.45064,
    1.4506,
    1.45078,
    1.45086,
    1.45096,
    1.45121,
    1.45142,
    1.4513,
    1.45164,
    1.4515,
    1.45148,
    1.45166,
    1.45136,
    1.45158,
    1.45139,
    1.45124,
    1.45115,
    1.45112,
    1.45108,
    1.45069,
    1.45076,
    1.45071,
    1.45059,
    1.45048,
    1.45053,
    1.45092,
    1.45137,
    1.45169,
    1.45194,
    1.45209,
    1.45234,
    1.45243,
    1.4519,
    1.45183,
    1.45224,
    1.45228,
    1.45229,
    1.45208,
    1.4524,
    1.45214,
    1.45232,
    1.4523,
    1.4516,
    1.45138,
    1.45122,
    1.45104,
    1.4508,
    1.45066,
    1.45067,
    1.45072,
    1.45054,
    1.45068,
    1.45052,
    1.45061,
    1.45106,
    1.45097,
    1.451,
    1.45062,
    1.45217,
    1.45149,
    1.45176,
    1.4521,
    1.45099,
    1.4514,
    1.45103,
    1.45151,
    1.4509,
    1.45044,
    1.45107,
    1.45203,
    1.45231,
    1.45242,
    1.45039,
    1.45038,
    1.45049,
    1.45157,
    1.45167,
    1.45168,
    1.45204,
    1.45172,
    1.45186,
    1.452,
    1.45202,
    1.45163,
    1.45165,
    1.45207,
    1.45109,
    1.45111,
    1.45114,
    1.45081,
    1.45085,
    1.45084,
    1.45094,
    1.45129,
    1.45126,
    1.45046,
    1.4511,
    1.45205,
    1.45181,
    1.45193,
    1.45174,
    1.4518,
    1.45178,
    1.45175,
    1.45146,
    1.45182,
    1.45192,
    1.45197,
    1.45199,
    1.45159,
    1.45171,
    1.45083,
    1.45102
  ],
  "Thirty_Min": [
    0,
    0,
    0
  ],
  "One_Hour": [
    0,
    0,
    0
  ],
  "Two_Hour": [
    0,
    0,
    0
  ],
  "Four_Hour": [
    0,
    1.4479,
    1.44784,
    1.44704,
    1.448,
    1.44706,
    1.44594,
    1.4457,
    1.44671,
    1.4463,
    1.44824,
    1.44639,
    1.45168,
    1.45228,
    1.45253,
    1.45142,
    1.45238,
    1.44852,
    1.4488,
    1.4475,
    1.44891,
    1.44869,
    1.44925,
    1.4532,
    1.45266,
    1.45244,
    1.45206,
    1.45146,
    1.45216,
    1.44992,
    1.45053,
    1.44586,
    1.4467,
    1.44758,
    1.44878,
    1.44986,
    1.45255,
    1.45345,
    1.45304,
    1.45437,
    1.455,
    1.45502,
    1.45583,
    1.45672,
    1.45599,
    1.4565,
    1.45396,
    1.45494,
    1.45483,
    1.45519,
    1.45474,
    1.45531,
    1.45516,
    1.45489,
    1.45202,
    1.45162,
    1.45354,
    1.45378,
    1.45492,
    1.45366,
    1.45208,
    1.45184,
    1.45257,
    1.4539,
    1.45484,
    1.45347,
    1.45303,
    1.45321,
    1.45384,
    1.45504,
    1.4551,
    1.45598,
    1.45608,
    1.45638,
    1.45532,
    1.45352,
    1.45439,
    1.45475,
    1.4545,
    1.45486,
    1.45333,
    1.45128,
    1.45188,
    1.45158,
    1.45218,
    1.4522,
    1.45344,
    1.45388,
    1.45453,
    1.4547,
    1.45415,
    1.45528,
    1.45533,
    1.45471,
    1.45302,
    1.45056,
    1.45095,
    1.45101,
    1.45147,
    1.4512,
    1.4516,
    1.45066,
    1.45172,
    1.4501,
    1.45121,
    1.45178,
    1.45273,
    1.45205,
    1.45123,
    1.45198,
    1.45037,
    1.45089,
    1.45006,
    1.4499,
    1.44963,
    1.44936,
    1.44866,
    1.44838,
    1.44908,
    1.44948,
    1.44832,
    1.44682,
    1.44622,
    1.4498,
    1.45,
    1.44801,
    1.44794,
    1.44714,
    1.44593,
    1.4476,
    1.44808,
    1.44764,
    1.44602,
    1.44664,
    1.44589,
    1.44684,
    1.44793,
    1.44853,
    1.4484,
    1.44814,
    1.44926,
    1.45387,
    1.45288,
    1.45448,
    1.45374,
    1.45098,
    1.45135,
    1.45194,
    1.45062,
    1.45296,
    1.45232,
    1.45423,
    1.45434,
    1.45425,
    1.45498,
    1.45458,
    1.45539,
    1.45404,
    1.45456,
    1.45676,
    1.45677,
    1.45682,
    1.45574,
    1.45362,
    1.45356,
    1.45466,
    1.45268,
    1.44717,
    1.4473,
    1.44873,
    1.44894,
    1.44633,
    1.44755,
    1.44662,
    1.44742,
    1.44648,
    1.44577,
    1.44641,
    1.44722,
    1.44712,
    1.44603,
    1.44732,
    1.44753,
    1.44763,
    1.4464,
    1.44716,
    1.4469,
    1.44672,
    1.44739,
    1.44804,
    1.45156,
    1.45248,
    1.45196,
    1.45252,
    1.45293,
    1.45364,
    1.45191,
    1.45554,
    1.45476,
    1.45132,
    1.4486,
    1.44938,
    1.44818,
    1.44886,
    1.4493,
    1.44943,
    1.44756,
    1.44652,
    1.4466,
    1.44656,
    1.44614,
    1.44688,
    1.44653,
    1.44708,
    1.44738,
    1.44702,
    1.44816,
    1.44831,
    1.44828,
    1.44857,
    1.45294,
    1.44813,
    1.44868,
    1.44781,
    1.446,
    1.4472,
    1.4471,
    1.44805,
    1.44928,
    1.4496,
    1.44904,
    1.4482,
    1.45005,
    1.45038,
    1.44972,
    1.44988,
    1.44796,
    1.44846,
    1.44769,
    1.44762,
    1.44893,
    1.44854,
    1.44715,
    1.44771,
    1.45212,
    1.45163,
    1.45324,
    1.4515,
    1.45138,
    1.45164,
    1.4525,
    1.45306,
    1.4538,
    1.45254,
    1.4537,
    1.45406,
    1.45512,
    1.45634,
    1.45651,
    1.45612,
    1.45658,
    1.45543,
    1.45394,
    1.45137,
    1.45148,
    1.45035,
    1.45078,
    1.45026,
    1.44951,
    1.45024,
    1.44976,
    1.44954,
    1.4483,
    1.44748,
    1.44692,
    1.44568,
    1.44626,
    1.44666,
    1.44792,
    1.4487,
    1.44734,
    1.44974,
    1.45008,
    1.4554,
    1.453,
    1.45246,
    1.45368,
    1.45432,
    1.45548,
    1.45568,
    1.45628,
    1.45662,
    1.45629,
    1.45572,
    1.45652,
    1.45712,
    1.45193,
    1.45134,
    1.45108,
    1.45505,
    1.45438,
    1.45511,
    1.45468,
    1.45585,
    1.45542,
    1.4563,
    1.45422,
    1.45503,
    1.45472,
    1.45535,
    1.45708,
    1.45566,
    1.45571,
    1.45646,
    1.45673,
    1.45367,
    1.45264,
    1.45372,
    1.4558,
    1.45398,
    1.45429,
    1.45042,
    1.45036,
    1.45243,
    1.45068,
    1.45027,
    1.45151,
    1.44875,
    1.4477,
    1.4495,
    1.45326,
    1.45317,
    1.44888,
    1.44844,
    1.44847,
    1.44743,
    1.44658,
    1.44677,
    1.44624,
    1.44649,
    1.44696,
    1.44728,
    1.44773,
    1.45111,
    1.45113,
    1.44994,
    1.45118,
    1.4518,
    1.45174,
    1.44892,
    1.449,
    1.44693,
    1.44636,
    1.44598,
    1.44613,
    1.44605,
    1.44578,
    1.44896,
    1.44937,
    1.44882,
    1.4494,
    1.4485
  ],