{
  "Fifteen_Min": [
    0,
    0,
    0
  ],
  "Thirty_Min": [
    0,
    0,
    0
  ],
  "One_Hour": [
    0,
    0,
    0
  ],
  "Two_Hour": [
    0,
    0,
    0
  ],
  "Four_Hour": [
    0,
    0.87678,
    0.87664,
    0.87701,
    0.8767,
    0.87595,
    0.87716,
    0.87682,
    0.8755,
    0.87665,
    0.87466,
    0.87437,
    0.87348,
    0.87118,
    0.87054,
    0.87092,
    0.87176,
    0.8698,
    0.8705,
    0.86844,
    0.86892,
    0.86751,
    0.86956,
    0.86914,
    0.86932,
    0.86882,
    0.86997,
    0.86952,
    0.86989,
    0.87018,
    0.8721,
    0.8719,
    0.87206,
    0.87309,
    0.87268,
    0.87136,
    0.87536,
    0.87578,
    0.87358,
    0.87154,
    0.87125,
    0.87048,
    0.87038,
    0.86924,
    0.87058,
    0.86871,
    0.86828,
    0.87008,
    0.87006,
    0.87131,
    0.87174,
    0.87072,
    0.872,
    0.86906,
    0.87308,
    0.87454,
    0.8748,
    0.87561,
    0.87458,
    0.87505,
    0.87406,
    0.8754,
    0.87492,
    0.87482,
    0.8762,
    0.87512,
    0.87426,
    0.87398,
    0.87344,
    0.87244,
    0.87478,
    0.87507,
    0.87495,
    0.87514,
    0.8743,
    0.87188,
    0.86794,
    0.8679,
    0.8683,
    0.86697,
    0.86867,
    0.87002,
    0.86998,
    0.87022,
    0.8688,
    0.87149,
    0.87076,
    0.87096,
    0.87184,
    0.87107,
    0.87082,
    0.87202,
    0.87574,
    0.8753,
    0.87533,
    0.875,
    0.87408,
    0.87459,
    0.87433,
    0.87434,
    0.87411,
    0.87245,
    0.8732,
    0.87272,
    0.87444,
    0.87394,
    0.87529,
    0.87554,
    0.87706,
    0.87598,
    0.87616,
    0.87626,
    0.87675,
    0.87635,
    0.87722,
    0.87614,
    0.87668,
    0.87584,
    0.87489,
    0.8741,
    0.87256,
    0.87204,
    0.87253,
    0.8742,
    0.87568,
    0.87708,
    0.87684,
    0.87714,
    0.87699,
    0.8745,
    0.86874,
    0.86799,
    0.86656,
    0.86678,
    0.8675,
    0.8681,
    0.86782,
    0.86766,
    0.8689,
    0.86928,
    0.86999,
    0.87089,
    0.87086,
    0.8702,
    0.8674,
    0.87114,
    0.87132,
    0.86886,
    0.87098,
    0.8715,
    0.87247,
    0.87594,
    0.87606,
    0.87532,
    0.87552,
    0.87312,
    0.87448,
    0.8737,
    0.87126,
    0.86614,
    0.86639,
    0.86644,
    0.86749,
    0.86916,
    0.8697,
    0.86962,
    0.87102,
    0.8725,
    0.8717,
    0.86994,
    0.87027,
    0.86652,
    0.86734,
    0.86862,
    0.86731,
    0.86708,
    0.86638,
    0.86597,
    0.8666,
    0.86667,
    0.86636,
    0.8659,
    0.86682,
    0.86819,
    0.8695,
    0.86982,
    0.8685,
    0.86984,
    0.86964,
    0.86848,
    0.86666,
    0.8677,
    0.8686,
    0.86974,
    0.86836,
    0.86757,
    0.86925,
    0.86936,
    0.86943,
    0.86754,
    0.86784,
    0.8673,
    0.86692,
    0.86744,
    0.86893,
    0.8746,
    0.87726,
    0.876,
    0.87685,
    0.87653,
    0.877,
    0.87672,
    0.87128,
    0.87016,
    0.87014,
    0.87156,
    0.87152,
    0.87194,
    0.87157,
    0.86957,
    0.8693,
    0.87036,
    0.86622,
    0.86616,
    0.86711,
    0.86668,
    0.86747,
    0.86684,
    0.86726,
    0.87628,
    0.87676,
    0.87612,
    0.87446,
    0.87611,
    0.8761,
    0.87212,
    0.87179,
    0.8712,
    0.8718,
    0.87289,
    0.87384,
    0.87399,
    0.87499,
    0.87558,
    0.87652,
    0.87702,
    0.87586,
    0.87667,
    0.87509,
    0.87386,
    0.87436,
    0.87443,
    0.87486,
    0.87377,
    0.8733,
    0.87428,
    0.87393,
    0.87674,
    0.87696,
    0.87698,
    0.87601,
    0.87599,
    0.87647,
    0.87397,
    0.87468,
    0.87472,
    0.8763,
    0.87688,
    0.87691,
    0.87704,
    0.87686,
    0.8735
  ],
  "Daily": [
    0,
    0.87942,
    0.87542,
    0.8693,
    0.86782,
    0.8788,
    0.87226,
    0.87208,
    0.86684,
    0.8719,
    0.87808,
    0.88815,
    0.89848,
    0.8974,
    0.89953,
    0.89951,
    0.8847,
    0.89458,
    0.89344,
    0.89462,
    0.89766,
    0.89414,
    0.89144,
    0.89194,
    0.88898,
    0.89777,
    0.89492,
    0.89604,
    0.89836,
    0.89055,
    0.8888,
    0.88686,
    0.88504,
    0.88534,
    0.89037,
    0.88852,
    0.89121,
    0.89005,
    0.89488,
    0.89274,
    0.8878,
    0.88838,
    0.8852,
    0.8867,
    0.88884,
    0.8929,
    0.89408,
    0.89672,
    0.89583,
    0.89302,
    0.89292,
    0.887,
    0.88189,
    0.88499,
    0.88287,
    0.886,
    0.88762,
    0.88901,
    0.89478,
    0.89756,
    0.89812,
    0.89246,
    0.88885,
    0.8921,
    0.89374,
    0.89266,
    0.89486,
    0.89036,
    0.88308,
    0.88114,
    0.88212,
    0.88004,
    0.87904,
    0.88555,
    0.89158,
    0.89732,
    0.89306,
    0.89762,
    0.89674,
    0.89763,
    0.89646,
    0.8971,
    0.89556,
    0.8977,
    0.89582,
    0.8932,
    0.88524,
    0.88383,
    0.87742,
    0.87834,
    0.88016,
    0.88166,
    0.87906,
    0.8792,
    0.87882,
    0.87682,
    0.87348,
    0.8698,
    0.86914,
    0.8707,
    0.87206,
    0.87048,
    0.86828,
    0.87174,
    0.87454,
    0.87406,
    0.87244,
    0.8683,
    0.87034,
    0.87076,
    0.87082,
    0.8744,
    0.87394,
    0.87706,
    0.87758,
    0.88034,
    0.87675,
    0.87956,
    0.87766,
    0.87584,
    0.87204,
    0.8778,
    0.87358,
    0.86552,
    0.86766,
    0.87089,
    0.8714,
    0.87536,
    0.8742,
    0.865,
    0.86749,
    0.87027,
    0.86862,
    0.8666,
    0.8659,
    0.86528,
    0.86576,
    0.86757,
    0.86822,
    0.8746,
    0.87814,
    0.87672,
    0.87156,
    0.8685,
    0.86622,
    0.86499,
    0.86666,
    0.87777,
    0.87179,
    0.87499,
    0.8774,
    0.87754,
    0.87794,
    0.87932,
    0.88224,
    0.88318,
    0.8821,
    0.88336,
    0.88554,
    0.87878,
    0.87896,
    0.8822,
    0.88252,
    0.8799,
    0.88787,
    0.89385,
    0.89354,
    0.89841,
    0.89691,
    0.89898,
    0.89695,
    0.89442,
    0.89164,
    0.89325,
    0.89236,
    0.89043,
    0.89217,
    0.89013,
    0.888,
    0.88387,
    0.88102,
    0.88344,
    0.88248,
    0.88096,
    0.88203
  ],
  "Weekly": [
    0,
    0.87542,
    0.8795,
    0.86264,
    0.8974,
    0.90501,
    0.8847,
    0.90356,
    0.90461,
    0.88898,
    0.89934,
    0.88504,
    0.89005,
    0.88838,
    0.8929,
    0.89302,
    0.88287,
    0.89478,
    0.88885,
    0.88212,
    0.89158,
    0.90596,
    0.90308,
    0.90092,
    0.90132,
    0.89556,
    0.88524,
    0.88016,
    0.87882,
    0.86914,
    0.86828,
    0.87244,
    0.87082,
    0.87706,
    0.87858,
    0.8714,
    0.86282,
    0.8666,
    0.86757,
    0.86499,
    0.87499,
    0.88224,
    0.89015,
    0.8822,
    0.89385,
    0.89898,
    0.89325,
    0.89036,
    0.88472
  ]
}