{
  "Fifteen_Min": [
    0,
    0,
    0
  ],
  "Thirty_Min": [
    0,
    0,
    0
  ],
  "One_Hour": [
    0,
    0,
    0
  ],
  "Two_Hour": [
    0,
    0,
    0
  ],
  "Four_Hour": [
    0,
    0.5702,
    0.5704,
    0.56946,
    0.5694,
    0.56839,
    0.56766,
    0.56896,
    0.5696,
    0.5697,
    0.56726,
    0.56757,
    0.567,
    0.56615,
    0.56658,
    0.5657,
    0.56533,
    0.56356,
    0.56276,
    0.56244,
    0.5644,
    0.56252,
    0.5632,
    0.56223,
    0.56331,
    0.56299,
    0.56515,
    0.56506,
    0.56485,
    0.5633,
    0.56396,
    0.56286,
    0.56345,
    0.5631,
    0.56342,
    0.56496,
    0.5653,
    0.56486,
    0.56551,
    0.5662,
    0.56612,
    0.56523,
    0.56854,
    0.56804,
    0.56894,
    0.56788,
    0.56784,
    0.56749,
    0.56751,
    0.568,
    0.56765,
    0.56723,
    0.56638,
    0.56773,
    0.56672,
    0.56759,
    0.56822,
    0.56824,
    0.56758,
    0.56926,
    0.56682,
    0.56796,
    0.56924,
    0.56914,
    0.56811,
    0.56954,
    0.56882,
    0.56958,
    0.5701,
    0.56864,
    0.56623,
    0.5666,
    0.5674,
    0.56642,
    0.56736,
    0.5686,
    0.56886,
    0.56875,
    0.56856,
    0.56769,
    0.56936,
    0.56916,
    0.56956,
    0.56949,
    0.57023,
    0.56812,
    0.56876,
    0.57001,
    0.57048,
    0.56918,
    0.56966,
    0.56786,
    0.56706,
    0.56654,
    0.56418,
    0.56346,
    0.56388,
    0.56282,
    0.56372,
    0.5635,
    0.564,
    0.56284,
    0.56444,
    0.56634,
    0.56754,
    0.56868,
    0.56756,
    0.56648,
    0.56576,
    0.56336,
    0.5638,
    0.56689,
    0.56735,
    0.56826,
    0.56967,
    0.57008,
    0.56994,
    0.57015,
    0.56986,
    0.56782,
    0.56858,
    0.56962,
    0.56934,
    0.56996,
    0.56988,
    0.57007,
    0.56974,
    0.56972,
    0.57002,
    0.56852,
    0.56832,
    0.5699,
    0.56842,
    0.56813,
    0.56835,
    0.56815,
    0.56732,
    0.56722,
    0.56584,
    0.5648,
    0.56599,
    0.56669,
    0.56703,
    0.56728,
    0.56861,
    0.56961,
    0.56948,
    0.56733,
    0.56836,
    0.56866,
    0.57014,
    0.57017,
    0.56845,
    0.56921,
    0.56893,
    0.56984,
    0.57006,
    0.56692,
    0.56662,
    0.56802,
    0.56698
  ],
  "Daily": [
    0,
    0.57931,
    0.57672,
    0.55902,
    0.56642,
    0.57228,
    0.57502,
    0.58236,
    0.5812,
    0.58292,
    0.58184,
    0.58307,
    0.5787,
    0.57876,
    0.57376,
    0.5726,
    0.5734,
    0.57322,
    0.57268,
    0.57125,
    0.5694,
    0.5697,
    0.567,
    0.56533,
    0.56252,
    0.56515,
    0.56345,
    0.56551,
    0.56751,
    0.56638,
    0.56824,
    0.56924,
    0.56882,
    0.57132,
    0.57144,
    0.5674,
    0.56875,
    0.56916,
    0.57296,
    0.57286,
    0.57388,
    0.57686,
    0.57732,
    0.57744,
    0.57936,
    0.5795,
    0.58032,
    0.58045,
    0.58017,
    0.58126,
    0.58102,
    0.58128,
    0.57849,
    0.57358,
    0.56812,
    0.57093,
    0.56966,
    0.56418,
    0.5635,
    0.56444,
    0.56765,
    0.56576,
    0.56826,
    0.57168,
    0.57504,
    0.57688,
    0.5803,
    0.58291,
    0.57934,
    0.5758,
    0.5749,
    0.57396,
    0.57496,
    0.57808,
    0.57517,
    0.57702,
    0.57932,
    0.57834,
    0.57981,
    0.58125,
    0.58158,
    0.57828,
    0.57811,
    0.57776,
    0.57327,
    0.57288,
    0.5778,
    0.57415,
    0.58054,
    0.58116,
    0.58153,
    0.5822,
    0.58065,
    0.58244,
    0.58206,
    0.57725,
    0.57696,
    0.57304,
    0.57498,
    0.5715,
    0.5702,
    0.57106,
    0.56992,
    0.56996,
    0.57007,
    0.56972,
    0.5699,
    0.56722,
    0.56634,
    0.57061,
    0.57098,
    0.584,
    0.58625,
    0.58574,
    0.58421,
    0.58622,
    0.58425,
    0.5858,
    0.58532,
    0.5843,
    0.58368,
    0.57261,
    0.56733,
    0.57085,
    0.56815,
    0.56902,
    0.5657,
    0.56384,
    0.56465,
    0.56735,
    0.57031
  ],
  "Weekly": [
    0
  ]
}