{
  "Fifteen_Min": [
    0,
    0,
    0
  ],
  "Thirty_Min": [
    0,
    0,
    0
  ],
  "One_Hour": [
    0,
    0,
    0
  ],
  "Two_Hour": [
    0,
    0,
    0
  ],
  "Four_Hour": [
    0,
    0.64851,
    0.64861,
    0.6481,
    0.64866,
    0.64832,
    0.6482,
    0.6486,
    0.64828,
    0.64862,
    0.64705,
    0.64776,
    0.64804,
    0.64841,
    0.64756,
    0.64868,
    0.6487,
    0.64824,
    0.64712,
    0.64532,
    0.64613,
    0.64642,
    0.64636,
    0.64594,
    0.64645,
    0.64584,
    0.64566,
    0.64512,
    0.64482,
    0.64432,
    0.64524,
    0.64468,
    0.64485,
    0.64444,
    0.64372,
    0.64404,
    0.64402,
    0.64526,
    0.64489,
    0.64474,
    0.64505,
    0.64394,
    0.64528,
    0.64577,
    0.64533,
    0.6459,
    0.64518,
    0.64504,
    0.64556,
    0.64587,
    0.6463,
    0.64773,
    0.64722,
    0.64689,
    0.646,
    0.64572,
    0.64511,
    0.64616,
    0.64658,
    0.6467,
    0.64706,
    0.64767,
    0.64644,
    0.64696,
    0.6471,
    0.64691,
    0.64571,
    0.64375,
    0.64306,
    0.64238,
    0.64293,
    0.64295,
    0.64264,
    0.64552,
    0.64574,
    0.64573,
    0.64786,
    0.64498,
    0.64388,
    0.64431,
    0.644,
    0.64438,
    0.64462,
    0.64495,
    0.64476,
    0.6439,
    0.64322,
    0.64454,
    0.64271,
    0.64466,
    0.64436,
    0.6436,
    0.64399,
    0.64348,
    0.64366,
    0.64363,
    0.64283,
    0.64406,
    0.64298,
    0.64357,
    0.64446,
    0.64457,
    0.64449,
    0.64729,
    0.64763,
    0.64796,
    0.64671,
    0.64667,
    0.6484,
    0.64708,
    0.64682,
    0.64698,
    0.64548,
    0.64383,
    0.64405,
    0.64428,
    0.64418,
    0.64448,
    0.64558,
    0.6448,
    0.64749,
    0.6476,
    0.64424,
    0.64716,
    0.64692,
    0.64726,
    0.648,
    0.64802,
    0.64702,
    0.64711,
    0.64602,
    0.64576,
    0.64521,
    0.6453,
    0.64625,
    0.64618,
    0.64539,
    0.64586,
    0.64369,
    0.64472,
    0.64464,
    0.64494,
    0.64439,
    0.64315,
    0.6455,
    0.6449,
    0.64522,
    0.64701,
    0.64742,
    0.64732,
    0.6473,
    0.64529,
    0.63862,
    0.63826,
    0.63719,
    0.63672,
    0.63874,
    0.63701,
    0.63762,
    0.6376,
    0.63854,
    0.63871,
    0.63902,
    0.6384,
    0.63749,
    0.63778,
    0.63898,
    0.63824,
    0.63748,
    0.63706,
    0.63743,
    0.63756,
    0.63692,
    0.63654,
    0.63789,
    0.63841,
    0.63708,
    0.63648,
    0.6367,
    0.63684,
    0.63656,
    0.63733,
    0.63702,
    0.63642,
    0.63781,
    0.63723,
    0.63682,
    0.63922,
    0.63837,
    0.63678,
    0.63691,
    0.63641,
    0.63658,
    0.63699,
    0.63734,
    0.63698,
    0.63752,
    0.63949,
    0.63892,
    0.63859,
    0.63851,
    0.64068,
    0.6398,
    0.64003,
    0.64048,
    0.64094,
    0.64055,
    0.64268,
    0.64318,
    0.6437,
    0.64497,
    0.6457,
    0.6464,
    0.64638,
    0.6461,
    0.64634,
    0.64478,
    0.6446,
    0.64631,
    0.64641,
    0.64563,
    0.64358,
    0.64108,
    0.63962,
    0.63802,
    0.63943,
    0.6393,
    0.64126,
    0.6428,
    0.64342,
    0.64338
  ],
  "Daily": [
    0,
    0.64951,
    0.64858,
    0.64866,
    0.64912,
    0.64828,
    0.6492,
    0.64936,
    0.64902,
    0.64613,
    0.64566,
    0.64485,
    0.64489,
    0.64577,
    0.64556,
    0.64658,
    0.64696,
    0.64306,
    0.64552,
    0.64388,
    0.64476,
    0.64372,
    0.64348,
    0.64357,
    0.64708,
    0.64405,
    0.6448,
    0.64716,
    0.64712,
    0.64576,
    0.64539,
    0.64464,
    0.6449,
    0.63826,
    0.63874,
    0.63494,
    0.6384,
    0.63586,
    0.63692,
    0.63648,
    0.63542,
    0.63594,
    0.636,
    0.63598,
    0.63734,
    0.63854,
    0.64003,
    0.64363,
    0.6464,
    0.64478
  ],
  "Weekly": [
    0
  ]
}