{
  "Fifteen_Min": [
    0,
    0,
    0
  ],
  "Thirty_Min": [
    0,
    0,
    0
  ],
  "One_Hour": [
    0,
    0,
    0
  ],
  "Two_Hour": [
    0,
    0,
    0
  ],
  "Four_Hour": [
    0,
    9.0195,
    9.02042,
    9.02881,
    9.03032,
    9.06421,
    9.0731,
    9.10769,
    9.10614,
    9.11234,
    9.07829,
    9.07112,
    9.063,
    9.06824,
    9.0732,
    9.08126,
    9.08073,
    9.08315,
    9.08596,
    9.10553,
    9.0939,
    9.08958,
    9.11048,
    9.10014,
    9.0859,
    9.0831,
    9.09744,
    9.10927,
    9.1039,
    9.05792,
    9.0056,
    9.016,
    9.01958,
    9.02204,
    9.03022,
    9.02918,
    9.02582,
    9.01916,
    9.00344,
    9.00538,
    8.98574,
    8.98566,
    8.99839,
    9.0015,
    9.03555,
    9.0245,
    9.02689,
    9.04707,
    9.04722,
    9.03804,
    9.06144,
    9.05717,
    9.06598,
    9.05358,
    8.98904,
    8.99797,
    9.00376,
    9.00488,
    8.98689,
    8.98949,
    8.98654,
    8.99865,
    9.00632,
    9.03056,
    9.04936,
    9.05814,
    9.05984,
    9.05946,
    9.05614,
    9.05141,
    9.05709,
    9.0606,
    9.06008,
    9.10164,
    9.10097,
    9.1208,
    9.12084,
    9.11164,
    9.13066,
    9.12705,
    9.12817,
    9.12472,
    9.10802,
    9.12981,
    9.13134,
    9.14604,
    9.13937,
    9.13778,
    9.1432,
    9.12888,
    9.10486,
    9.09004,
    9.08898,
    9.07982,
    9.0849,
    9.07176,
    9.07676,
    9.03244,
    9.03674,
    9.0489,
    9.04178,
    9.0497,
    9.00318,
    9.00244,
    9.00952,
    9.00326,
    8.99706,
    8.99525,
    9.00578,
    9.0024,
    9.0099,
    9.00184,
    8.99482,
    9.0072,
    9.01092,
    9.00496,
    8.9887,
    8.998,
    8.9993,
    9.03788,
    9.06814,
    9.0612,
    9.04728,
    9.04074,
    9.03687,
    9.01121,
    9.01836,
    9.01991,
    9.0176,
    9.03395,
    9.04673,
    9.04084,
    9.052,
    9.04575,
    9.05159
  ],
  "Daily": [
    0,
    9.0492,
    9.02042,
    9.063,
    9.08315,
    9.09744,
    9.016,
    9.02918,
    8.98338,
    9.04216,
    8.97561,
    8.98949,
    9.05814,
    9.05141,
    9.1208,
    9.12817,
    9.1432,
    9.0849,
    9.0489,
    9.0097,
    9.00626,
    8.99482,
    9.14604
  ],
  "Weekly": [
    0,
    8.71306,
    8.7701,
    8.83962,
    8.70532,
    8.85806,
    8.82116,
    8.89946,
    8.61224,
    8.72282,
    8.81656,
    8.77962,
    8.64277,
    8.69559,
    8.65171,
    8.7006,
    8.6417,
    8.68932,
    8.7355,
    8.81465,
    8.841,
    8.78772,
    8.74728,
    8.69369,
    8.776,
    8.79478,
    8.74588,
    8.68552,
    8.65626,
    8.66178,
    8.61202,
    8.66322,
    8.66812,
    8.68644,
    8.62908,
    8.80812,
    8.69034,
    8.71001,
    8.69996,
    8.76113,
    8.70043,
    8.75488,
    8.70526,
    8.62442,
    8.69267,
    8.64955,
    8.62404,
    8.61608,
    8.62492,
    8.62728,
    8.66522,
    8.78093,
    8.7937,
    8.77617,
    8.72828,
    8.69064,
    8.65622,
    8.6235,
    8.67894,
    8.74974,
    8.72905,
    8.75141,
    8.80316,
    9.02918,
    8.95719,
    8.94695,
    8.91946,
    8.87704,
    8.86808,
    8.85706,
    8.78012,
    8.71863,
    8.62062,
    8.6066,
    8.66971,
    8.66707,
    8.70076,
    8.65326,
    8.80348,
    8.83197,
    8.87126,
    8.96812,
    9.00626,
    9.0225
  ]
}