{
  "Fifteen_Min": [
    0,
    0,
    0
  ],
  "Thirty_Min": [
    0,
    0,
    0
  ],
  "One_Hour": [
    0,
    0,
    0
  ],
  "Two_Hour": [
    0,
    0,
    0
  ],
  "Four_Hour": [
    0,
    1.64166,
    1.64212,
    1.64124,
    1.6419,
    1.64232,
    1.64497,
    1.6461,
    1.64885,
    1.65054,
    1.64977,
    1.65172,
    1.65476,
    1.65584,
    1.65582,
    1.65618,
    1.65504,
    1.66104,
    1.66589,
    1.66424,
    1.66352,
    1.66303,
    1.66486,
    1.66768,
    1.66696,
    1.66514,
    1.66301,
    1.65884,
    1.65656,
    1.65644,
    1.65276,
    1.65554,
    1.64098,
    1.64904,
    1.65099,
    1.65217,
    1.65377,
    1.65742,
    1.6536,
    1.65762,
    1.65587,
    1.65779,
    1.65132,
    1.64554,
    1.64542,
    1.64421,
    1.64178,
    1.64272,
    1.64354,
    1.64442,
    1.64836,
    1.64876,
    1.6483,
    1.64536,
    1.64525,
    1.64553,
    1.64195,
    1.6417,
    1.64072,
    1.64676,
    1.64706,
    1.64678,
    1.64551,
    1.64361,
    1.64302,
    1.64268,
    1.64786,
    1.65098,
    1.64882,
    1.65318,
    1.65224,
    1.64686,
    1.64871,
    1.64598,
    1.64194,
    1.6421,
    1.64301,
    1.64064,
    1.64315,
    1.64964,
    1.64718,
    1.64796,
    1.64613,
    1.64741,
    1.65004,
    1.6497,
    1.64174,
    1.64176,
    1.64334,
    1.64193,
    1.64312,
    1.64884,
    1.64652,
    1.6489,
    1.65042,
    1.64905,
    1.6482,
    1.65,
    1.65382,
    1.6571,
    1.65397,
    1.65452,
    1.6533,
    1.64244,
    1.6408,
    1.6413,
    1.6423,
    1.64182,
    1.64394,
    1.64333,
    1.64956,
    1.6526,
    1.65102,
    1.65286,
    1.65212,
    1.64473,
    1.64634,
    1.64169,
    1.64147,
    1.64962,
    1.64992,
    1.65194,
    1.6549,
    1.65312,
    1.6488,
    1.64848,
    1.64304,
    1.64642,
    1.65392,
    1.6584,
    1.66098,
    1.66096,
    1.66242,
    1.66722,
    1.66649,
    1.66777,
    1.66709,
    1.66692,
    1.66684,
    1.66591,
    1.65764,
    1.65138,
    1.65268,
    1.65198,
    1.65343,
    1.65364,
    1.65746,
    1.65687,
    1.65548,
    1.65638,
    1.65734,
    1.66077,
    1.6606,
    1.65894,
    1.65669,
    1.65524,
    1.65482,
    1.65484,
    1.65426,
    1.64949,
    1.64897,
    1.6532,
    1.66048,
    1.6624,
    1.66029,
    1.66171,
    1.65822,
    1.65372,
    1.65016,
    1.65226,
    1.65304,
    1.6535,
    1.65632,
    1.65338,
    1.64974,
    1.64908,
    1.64896,
    1.65053,
    1.6527,
    1.6498,
    1.65272,
    1.65227,
    1.65441,
    1.6541,
    1.65262,
    1.65328,
    1.64758,
    1.64636,
    1.64391,
    1.64392,
    1.64346,
    1.6431,
    1.64898,
    1.64787,
    1.64677,
    1.64596,
    1.65843,
    1.66066,
    1.6609,
    1.65924,
    1.65655,
    1.65836,
    1.66056,
    1.66078,
    1.65094,
    1.65766,
    1.65701,
    1.65542,
    1.65532,
    1.65808,
    1.65716,
    1.65424,
    1.64801,
    1.6475,
    1.64773,
    1.6517,
    1.65188,
    1.64888,
    1.6515,
    1.65168,
    1.65281,
    1.65558,
    1.6553,
    1.65518,
    1.65692,
    1.66704,
    1.66752,
    1.66716,
    1.66577,
    1.66476,
    1.66611,
    1.66516,
    1.66308,
    1.66487,
    1.66134,
    1.65997,
    1.66064,
    1.66046,
    1.66146,
    1.65831,
    1.65966,
    1.66339,
    1.66277,
    1.66633,
    1.65726,
    1.66074,
    1.6661,
    1.66666,
    1.66572,
    1.6632,
    1.66221,
    1.66464,
    1.66234,
    1.66109,
    1.66414,
    1.66552,
    1.66508,
    1.66494,
    1.6565,
    1.65332,
    1.64852,
    1.65202,
    1.65087,
    1.65254,
    1.65222,
    1.651,
    1.64922,
    1.64924,
    1.64694,
    1.64666,
    1.64804,
    1.65166,
    1.65193,
    1.65248,
    1.65154,
    1.65394,
    1.66372,
    1.66369,
    1.66368,
    1.66246,
    1.66212,
    1.66172,
    1.66034,
    1.66017,
    1.66506,
    1.66639,
    1.66648,
    1.66721,
    1.66602,
    1.66446,
    1.66436,
    1.6635,
    1.66288,
    1.66344,
    1.66259,
    1.66236,
    1.66238,
    1.66237,
    1.66101,
    1.66124,
    1.6603,
    1.6616,
    1.66173,
    1.65977,
    1.65788,
    1.65838,
    1.6581,
    1.65556,
    1.65574,
    1.65578,
    1.65278,
    1.65369,
    1.65319,
    1.65616,
    1.65775,
    1.65204,
    1.64842,
    1.6459,
    1.64348,
    1.64384,
    1.64771,
    1.64698,
    1.64571,
    1.64814,
    1.6416,
    1.64331,
    1.64366,
    1.64368,
    1.64161,
    1.64198,
    1.6429,
    1.6456,
    1.64424,
    1.64544,
    1.64259,
    1.64132,
    1.64426,
    1.64754,
    1.64784,
    1.65038,
    1.65186,
    1.65009,
    1.65614,
    1.65983,
    1.65978,
    1.66088,
    1.66128,
    1.6582,
    1.65457,
    1.65348,
    1.6492,
    1.6511,
    1.65173,
    1.65082,
    1.6542,
    1.65263,
    1.65483,
    1.65069,
    1.64943,
    1.65135,
    1.64954,
    1.65134,
    1.65187,
    1.65126,
    1.65075,
    1.65456,
    1.65486,
    1.65434,
    1.64692,
    1.64774,
    1.64735,
    1.64622,
    1.64463,
    1.65067,
    1.64513,
    1.64523,
    1.64263,
    1.64399,
    1.64508,
    1.64674,
    1.65432,
    1.6556,
    1.65416,
    1.64994,
    1.64953,
    1.65181,
    1.65648,
    1.65642,
    1.6548,
    1.65451,
    1.65493,
    1.65438,
    1.65174,
    1.64849,
    1.64865,
    1.64608,
    1.64828,
    1.6494,
    1.6505,
    1.65122,
    1.6514,
    1.65354,
    1.65643,
    1.6569,
    1.66012,
    1.65944,
    1.65462,
    1.65326
  ],