{
  "Fifteen_Min": [
    0,
    0,
    0
  ],
  "Thirty_Min": [
    0,
    0,
    0
  ],
  "One_Hour": [
    0,
    0,
    0
  ],
  "Two_Hour": [
    0,
    0,
    0
  ],
  "Four_Hour": [
    0,
    1.44348,
    1.4449,
    1.44404,
    1.44679,
    1.44646,
    1.44525,
    1.45142,
    1.44826,
    1.45014,
    1.45137,
    1.451,
    1.45076,
    1.45422,
    1.45332,
    1.4498,
    1.44788,
    1.45065,
    1.44896,
    1.44828,
    1.44842,
    1.44806,
    1.446,
    1.44878,
    1.44825,
    1.44722,
    1.44654,
    1.44592,
    1.44485,
    1.4445,
    1.4456,
    1.44586,
    1.44249,
    1.4433,
    1.44546,
    1.44608,
    1.44674,
    1.44705,
    1.44754,
    1.44624,
    1.44574,
    1.44582,
    1.4435,
    1.44246,
    1.44269,
    1.44314,
    1.44331,
    1.44401,
    1.44216,
    1.4427,
    1.44369,
    1.44511,
    1.44338,
    1.44782,
    1.44612,
    1.44706,
    1.44436,
    1.44462,
    1.44204,
    1.4436,
    1.44449,
    1.44928,
    1.45018,
    1.44718,
    1.44924,
    1.44982,
    1.44712,
    1.44768,
    1.45088,
    1.44344,
    1.44232,
    1.44212,
    1.44267,
    1.44368,
    1.44422,
    1.44555,
    1.44535,
    1.4451,
    1.44616,
    1.44872,
    1.45058,
    1.45246,
    1.45093,
    1.45108,
    1.45219,
    1.45181,
    1.44944,
    1.44898,
    1.44812,
    1.45119,
    1.45013,
    1.45208,
    1.45255,
    1.45386,
    1.44424,
    1.44471,
    1.44542,
    1.44214,
    1.45204,
    1.45404,
    1.45498,
    1.45666,
    1.4575,
    1.45698,
    1.46278,
    1.45682,
    1.45663,
    1.45846,
    1.45784,
    1.45879,
    1.45616,
    1.45384,
    1.45258,
    1.45642,
    1.4573,
    1.45694,
    1.45469,
    1.45304,
    1.45318,
    1.45314,
    1.45343,
    1.45194,
    1.4541,
    1.45418,
    1.45554,
    1.45574,
    1.45568,
    1.45555,
    1.45333,
    1.46162,
    1.46222,
    1.46304,
    1.46244,
    1.4603,
    1.45613,
    1.4514,
    1.45092,
    1.45062,
    1.45006,
    1.4495,
    1.44568,
    1.4467,
    1.44713,
    1.44886,
    1.45326,
    1.45276,
    1.45051,
    1.45322,
    1.45398,
    1.45629,
    1.4551,
    1.4475,
    1.44498,
    1.44864,
    1.44844,
    1.45147,
    1.45569,
    1.46056,
    1.46296,
    1.46063,
    1.45499,
    1.45284,
    1.4517,
    1.45188,
    1.45886,
    1.45363,
    1.4468,
    1.44606,
    1.44664,
    1.4466,
    1.44476,
    1.44218,
    1.442,
    1.44244,
    1.44228,
    1.44282,
    1.44534,
    1.44494,
    1.44411,
    1.44354,
    1.44312,
    1.4434,
    1.44432,
    1.44414,
    1.44308,
    1.4425,
    1.44785,
    1.45466,
    1.45046,
    1.44964,
    1.44892,
    1.44296,
    1.4463,
    1.44473,
    1.4457,
    1.44702,
    1.44781,
    1.44558,
    1.45413,
    1.4543,
    1.45399,
    1.45444,
    1.45272,
    1.45454,
    1.45146,
    1.45095,
    1.44938,
    1.44962,
    1.45476,
    1.45534,
    1.45588,
    1.45612,
    1.4577,
    1.45902,
    1.46329,
    1.4524,
    1.45517,
    1.45591,
    1.45548,
    1.45814,
    1.45834,
    1.45502,
    1.45841,
    1.45624,
    1.45798,
    1.45736,
    1.4592,
    1.4584,
    1.46236,
    1.4624,
    1.46034,
    1.45974,
    1.46282,
    1.46368,
    1.46172,
    1.46363,
    1.46267,
    1.46352,
    1.46322,
    1.46002,
    1.46284,
    1.46271,
    1.45807,
    1.458,
    1.45838,
    1.45958,
    1.45909,
    1.45761,
    1.45416,
    1.45266,
    1.4557,
    1.46064,
    1.45858,
    1.46004,
    1.46019,
    1.4587,
    1.46112,
    1.46022,
    1.46029,
    1.45924,
    1.4617,
    1.45374,
    1.45408,
    1.45429,
    1.45423,
    1.45549,
    1.45922,
    1.46143,
    1.46212,
    1.46138,
    1.46168,
    1.4607,
    1.45778,
    1.46086,
    1.46314,
    1.46262,
    1.46394,
    1.45991,
    1.46057,
    1.45876,
    1.45994,
    1.45742,
    1.45804,
    1.45527,
    1.45532,
    1.45576,
    1.45585,
    1.45419,
    1.45722,
    1.45976,
    1.46055,
    1.45917,
    1.45438,
    1.45669,
    1.44721,
    1.44908,
    1.4508,
    1.44955,
    1.44611,
    1.44732,
    1.44328,
    1.44294,
    1.44258,
    1.4432,
    1.4422,
    1.4437,
    1.44776,
    1.44821,
    1.44703,
    1.44733,
    1.44784,
    1.44727,
    1.44256,
    1.44406,
    1.44264,
    1.44289,
    1.44391,
    1.44578,
    1.44528,
    1.44488,
    1.44499,
    1.444,
    1.44234,
    1.44468,
    1.44628,
    1.44644,
    1.44514,
    1.44566,
    1.44222,
    1.44321,
    1.44596,
    1.44618,
    1.44701,
    1.44817,
    1.45035,
    1.44562,
    1.44685,
    1.44484,
    1.44772,
    1.44478,
    1.4444,
    1.44518,
    1.4455,
    1.44415,
    1.44649,
    1.44457,
    1.4423,
    1.44455,
    1.4484,
    1.45253,
    1.45599,
    1.45524,
    1.4555,
    1.45488,
    1.4549,
    1.45578,
    1.45643,
    1.45649,
    1.45595,
    1.45604,
    1.45598,
    1.46009,
    1.46012,
    1.46165,
    1.46082,
    1.4565,
    1.45657,
    1.45735,
    1.45622,
    1.46218,
    1.463,
    1.45711,
    1.45774,
    1.45723,
    1.4562,
    1.45617,
    1.45685,
    1.45734,
    1.46196,
    1.46156,
    1.457,
    1.44966,
    1.45162,
    1.453,
    1.45288,
    1.4512,
    1.45519,
    1.45874,
    1.4596,
    1.45861,
    1.45676,
    1.4491,
    1.45048,
    1.44988,
    1.45294,
    1.45459,
    1.45662,
    1.45888,
    1.46005,
    1.46102,
    1.46226,
    1.45936,
    1.45968,
    1.46054,
    1.46032,
    1.45916,
    1.46062,
    1.46078,
    1.46219,
    1.46141,
    1.4623,
    1.46251,
    1.46272,
    1.4627,
    1.4633,
    1.46142,
    1.4599,
    1.46384,
    1.45802,
    1.46026,
    1.456,
    1.45923,
    1.45927,
    1.45953,
    1.45528,
    1.45773,
    1.45818,
    1.45744,
    1.45563,
    1.4567,
    1.45378,
    1.45342,
    1.45448,
    1.45232,
    1.44388,
    1.44202,
    1.44275,
    1.44394,
    1.4454,
    1.44295,
    1.44634,
    1.44604,
    1.44589,
    1.4452,
    1.44556,
    1.44629,
    1.44326,
    1.44332,
    1.44433,
    1.44395,
    1.44261,
    1.44337,
    1.44343,
    1.44288,
    1.44276,
    1.44236,
    1.44371,
    1.44502,
    1.44614,
    1.44724,
    1.45223,
    1.45079,
    1.4515,
    1.4502,
    1.44978,
    1.44852,
    1.45004,
    1.45308,
    1.45154,
    1.45068,
    1.45375,
    1.45455,
    1.4581,
    1.45494,
    1.45583,
    1.45522,
    1.45748,
    1.4566,
    1.45628,
    1.45777,
    1.45809,
    1.45828,
    1.45696,
    1.45482,
    1.45715,
    1.45963,
    1.45884,
    1.45914,
    1.46386,
    1.46188,
    1.46286,
    1.46321,
    1.46353,
    1.46348,
    1.46269,
    1.46169,
    1.46357,
    1.46122,
    1.45868,
    1.46109,
    1.4605,
    1.45964,
    1.45836,
    1.45745,
    1.45875,
    1.46052,
    1.45955,
    1.46332,
    1.4637,
    1.46234,
    1.46393,
    1.4632,
    1.46391,
    1.46372,
    1.4622,
    1.45957,
    1.46232,
    1.46242,
    1.46072,
    1.46235,
    1.46255,
    1.46094,
    1.46174,
    1.46123,
    1.46081,
    1.46127,
    1.461,
    1.46114,
    1.45982,
    1.45594,
    1.45793,
    1.45704,
    1.45952,
    1.46105,
    1.46289,
    1.46338,
    1.46349,
    1.4612,
    1.46249,
    1.46044,
    1.45986,
    1.45668,
    1.45944,
    1.45954,
    1.45732,
    1.45938,
    1.45712,
    1.4576,
    1.46126,
    1.46214,
    1.46237,
    1.46108,
    1.46208,
    1.46149,
    1.45934,
    1.459,
    1.46041,
    1.46182,
    1.46209,
    1.46276,
    1.46334,
    1.46319,
    1.4614,
    1.46365,
    1.46298,
    1.46295,
    1.46373,
    1.46316,
    1.46339,
    1.46305,
    1.4604,
    1.46154,
    1.45926,
    1.45987,
    1.4626,
    1.46013,
    1.45832,
    1.45776,
    1.4544,
    1.45406
  ],