{
  "Fifteen_Min": [
    0,
    0,
    0
  ],
  "Thirty_Min": [
    0,
    0,
    0
  ],
  "One_Hour": [
    0,
    0,
    0
  ],
  "Two_Hour": [
    0,
    0,
    0
  ],
  "Four_Hour": [
    0,
    1.74766,
    1.74498,
    1.74665,
    1.74798,
    1.74674,
    1.74453,
    1.74431,
    1.74656,
    1.74903,
    1.7472,
    1.74741,
    1.74624,
    1.74639,
    1.74802,
    1.75308,
    1.75837,
    1.7618,
    1.76226,
    1.76326,
    1.76124,
    1.76491,
    1.76088,
    1.76878,
    1.76834,
    1.76798,
    1.76612,
    1.76062,
    1.75176,
    1.75428,
    1.75366,
    1.75416,
    1.75864,
    1.75871,
    1.76846,
    1.76784,
    1.76555,
    1.76794,
    1.76403,
    1.76779,
    1.76761,
    1.7676,
    1.76764,
    1.76439,
    1.76506,
    1.76726,
    1.76739,
    1.76944,
    1.76825,
    1.75915,
    1.75124,
    1.7534,
    1.75188,
    1.75012,
    1.7518,
    1.75026,
    1.75016,
    1.74994,
    1.74918,
    1.74542,
    1.74447,
    1.74811,
    1.74812,
    1.75248,
    1.75179,
    1.74884,
    1.7475,
    1.74527,
    1.75526,
    1.761,
    1.76198,
    1.75854,
    1.76346,
    1.76466,
    1.76744,
    1.76902,
    1.76862,
    1.76714,
    1.7691,
    1.76934,
    1.76898,
    1.76916,
    1.76742,
    1.76396,
    1.76564,
    1.76568,
    1.76642,
    1.76534,
    1.76322,
    1.7623,
    1.7642,
    1.76242,
    1.7592,
    1.75988,
    1.7591,
    1.7587,
    1.75886,
    1.75896,
    1.76646,
    1.7654,
    1.7674,
    1.76911,
    1.76592,
    1.75716,
    1.75396,
    1.75364,
    1.7555,
    1.75323,
    1.75506,
    1.75698,
    1.7584,
    1.7585,
    1.75329,
    1.75393,
    1.75356,
    1.7542,
    1.75134,
    1.74669,
    1.74524,
    1.75038,
    1.74934,
    1.75643,
    1.75556,
    1.75362,
    1.75564,
    1.75541,
    1.75373,
    1.75949,
    1.76022,
    1.75515,
    1.7605,
    1.76118,
    1.76082,
    1.76795,
    1.76766,
    1.76542,
    1.76907,
    1.7673,
    1.76754,
    1.76912,
    1.7693,
    1.76558,
    1.7641,
    1.75908,
    1.75876,
    1.75712,
    1.7559,
    1.75553,
    1.7589,
    1.75637,
    1.757,
    1.75502,
    1.75399,
    1.75376,
    1.76208,
    1.76728,
    1.76758,
    1.76462,
    1.7595,
    1.76412,
    1.7663,
    1.76854,
    1.76922,
    1.76693,
    1.7679,
    1.76624,
    1.75628,
    1.75622,
    1.75584,
    1.75601,
    1.75714,
    1.7544,
    1.76196,
    1.75906,
    1.76271,
    1.76256,
    1.76604,
    1.7675,
    1.76942,
    1.7684,
    1.76925,
    1.76237,
    1.75972,
    1.75638,
    1.76171,
    1.76296,
    1.76494,
    1.7648,
    1.76408,
    1.76356,
    1.76857,
    1.76848,
    1.76838,
    1.7686,
    1.76901,
    1.76894,
    1.76826,
    1.76654,
    1.76473,
    1.76007,
    1.75572,
    1.75361,
    1.75551,
    1.76116,
    1.75746,
    1.754,
    1.75436,
    1.75974,
    1.76139,
    1.76145,
    1.76212,
    1.764,
    1.76483,
    1.76692,
    1.76946,
    1.76292,
    1.76442,
    1.75488,
    1.7528,
    1.75328,
    1.75471,
    1.75432,
    1.75519,
    1.75796,
    1.75841,
    1.76264,
    1.76138,
    1.75838,
    1.76186,
    1.75092,
    1.75147,
    1.75132,
    1.75212,
    1.7538,
    1.75504,
    1.75267,
    1.75284,
    1.7495,
    1.74914,
    1.75008,
    1.7533,
    1.75326,
    1.75646,
    1.76169,
    1.75816,
    1.75741,
    1.75482,
    1.7489,
    1.75438,
    1.76044,
    1.76238,
    1.75996,
    1.76418,
    1.7657,
    1.76182,
    1.76166,
    1.75287,
    1.74618,
    1.7537,
    1.76344,
    1.76122,
    1.76474,
    1.75606,
    1.7549,
    1.75138,
    1.75014,
    1.7484,
    1.75208,
    1.75846,
    1.75581,
    1.75422,
    1.75378,
    1.75358,
    1.75116,
    1.751,
    1.75107,
    1.74649,
    1.75186,
    1.75075,
    1.75045,
    1.74915,
    1.75032,
    1.7494,
    1.74906,
    1.75058,
    1.74818,
    1.74889,
    1.74925,
    1.74454,
    1.74641,
    1.7453,
    1.74732,
    1.75068,
    1.74718,
    1.75074,
    1.74438,
    1.7471,
    1.74554,
    1.7507,
    1.74676,
    1.7464,
    1.74693,
    1.74548,
    1.74702,
    1.74936,
    1.75028,
    1.74839,
    1.7496,
    1.7487,
    1.74917,
    1.745,
    1.75154,
    1.75585,
    1.75566,
    1.75546,
    1.75484,
    1.75255,
    1.75234,
    1.75071,
    1.75374,
    1.75464,
    1.752,
    1.75142,
    1.75162,
    1.7521,
    1.75195,
    1.75174,
    1.75204,
    1.75252,
    1.75692,
    1.76089,
    1.75926,
    1.7563,
    1.75512,
    1.7622,
    1.76042,
    1.75649,
    1.75591,
    1.75392,
    1.75476,
    1.75738,
    1.76096,
    1.76796,
    1.7652,
    1.766,
    1.76892,
    1.76924,
    1.76676,
    1.76608,
    1.76876,
    1.76668,
    1.76843,
    1.76708,
    1.7649,
    1.7682,
    1.76851,
    1.7638,
    1.76188,
    1.76368,
    1.76155,
    1.76291,
    1.76276,
    1.76184,
    1.76452,
    1.76524,
    1.7593,
    1.75278,
    1.75537
  ],