{
  "Fifteen_Min": [
    0,
    0,
    0
  ],
  "Thirty_Min": [
    0,
    0,
    0
  ],
  "One_Hour": [
    0,
    0,
    0
  ],
  "Two_Hour": [
    0,
    0,
    0
  ],
  "Four_Hour": [
    0,
    1.1114,
    1.11236,
    1.10989,
    1.10587,
    1.10564,
    1.10505,
    1.10715,
    1.10838,
    1.11044,
    1.11056,
    1.11008,
    1.11018,
    1.1074,
    1.10113,
    1.10258,
    1.10196,
    1.10268,
    1.10006,
    1.10172,
    1.10169,
    1.09904,
    1.09941,
    1.10212,
    1.10254,
    1.10238,
    1.10342,
    1.10431,
    1.0974,
    1.1034,
    1.10366,
    1.10007,
    1.1001,
    1.09885,
    1.10772,
    1.1096,
    1.11159,
    1.10889,
    1.11041,
    1.10314,
    1.10566,
    1.10394,
    1.1044,
    1.10599,
    1.10359,
    1.10228,
    1.10158,
    1.1026,
    1.10508,
    1.1032,
    1.10552,
    1.10434,
    1.10574,
    1.09894,
    1.09943,
    1.10486,
    1.10711,
    1.10769,
    1.10632,
    1.10878,
    1.11191,
    1.11198,
    1.10811,
    1.10908,
    1.10969,
    1.1119,
    1.1111,
    1.11074,
    1.11174,
    1.10888,
    1.1115,
    1.11088,
    1.11096,
    1.11134,
    1.11137,
    1.11172,
    1.11171,
    1.11147,
    1.1106,
    1.11093,
    1.11052,
    1.11108,
    1.10858,
    1.11064,
    1.10967,
    1.1102,
    1.11058,
    1.11239,
    1.11116,
    1.11158,
    1.11068,
    1.11129,
    1.11242,
    1.11178,
    1.11132,
    1.10952,
    1.11216,
    1.10802,
    1.10856,
    1.10973,
    1.10796,
    1.10066,
    1.10766,
    1.11112,
    1.10966,
    1.10971,
    1.11148,
    1.11131,
    1.11169,
    1.11208,
    1.11188,
    1.11078,
    1.10968,
    1.10972,
    1.10976,
    1.11144,
    1.11146,
    1.11157,
    1.11176,
    1.1122,
    1.11046,
    1.1108,
    1.1107,
    1.10804,
    1.10658,
    1.11016,
    1.10956,
    1.10734,
    1.10694,
    1.10777,
    1.1083,
    1.10764,
    1.10584,
    1.10395,
    1.10664,
    1.10709,
    1.10702,
    1.11043,
    1.10853,
    1.11133,
    1.11062,
    1.11145,
    1.11165,
    1.11047,
    1.1103,
    1.1097,
    1.10986,
    1.10859,
    1.10906,
    1.1101,
    1.10982,
    1.1121,
    1.11022,
    1.11204,
    1.11215,
    1.11038,
    1.11194,
    1.10904,
    1.11102,
    1.11228,
    1.1112,
    1.11138,
    1.11143,
    1.11218,
    1.11177,
    1.11202,
    1.1094,
    1.11156,
    1.11231,
    1.11173,
    1.11153,
    1.11189,
    1.11154,
    1.11076,
    1.10931,
    1.11211,
    1.10985,
    1.10874,
    1.10872,
    1.1093,
    1.11123,
    1.11035,
    1.10974,
    1.11051,
    1.11107,
    1.1116,
    1.11183,
    1.11222,
    1.10997,
    1.11012,
    1.10918,
    1.11185,
    1.11238,
    1.1117,
    1.11126,
    1.11114,
    1.11237,
    1.11245,
    1.1113,
    1.10987,
    1.10892,
    1.10708,
    1.10768,
    1.10896,
    1.10948,
    1.11086,
    1.11106,
    1.11151,
    1.10864,
    1.11006,
    1.11054,
    1.10963,
    1.10944,
    1.10662,
    1.107,
    1.10668,
    1.106,
    1.1063,
    1.10341,
    1.09771,
    1.09874,
    1.09914,
    1.10012,
    1.10362,
    1.1049,
    1.10086,
    1.10305,
    1.10329,
    1.10008,
    1.10106,
    1.10221,
    1.10346,
    1.10406,
    1.1047,
    1.10585,
    1.10716,
    1.11084,
    1.11071,
    1.11019,
    1.10946,
    1.10758,
    1.10794,
    1.10614,
    1.10714,
    1.10644,
    1.10609,
    1.10403,
    1.10484,
    1.1046,
    1.10464,
    1.1037,
    1.10413,
    1.10206,
    1.10248,
    1.10387,
    1.10354,
    1.10451,
    1.10655,
    1.10712,
    1.10717,
    1.10729,
    1.10905,
    1.11118,
    1.11057,
    1.11,
    1.10816,
    1.10432,
    1.10144,
    1.10132,
    1.10269,
    1.10326,
    1.10164,
    1.1018,
    1.10234,
    1.10301,
    1.10426,
    1.10635,
    1.10698,
    1.10785,
    1.10755,
    1.1039,
    1.10433,
    1.10826,
    1.1075,
    1.10818,
    1.10784,
    1.11028,
    1.11141,
    1.11089,
    1.11167,
    1.11192,
    1.10938,
    1.10824,
    1.10868,
    1.10656,
    1.10504,
    1.10408,
    1.10498,
    1.10603,
    1.10534,
    1.10689,
    1.105,
    1.10452,
    1.10338,
    1.10392,
    1.10471,
    1.10154,
    1.1025,
    1.1024,
    1.10202,
    1.10343,
    1.10192,
    1.10156,
    1.1003,
    1.10044,
    1.09862,
    1.09878,
    1.09905,
    1.09931,
    1.10131,
    1.10183,
    1.09901,
    1.10365,
    1.10349,
    1.10358,
    1.10295,
    1.10306,
    1.10251,
    1.10292,
    1.09922,
    1.0997,
    1.09958,
    1.09735,
    1.09762,
    1.09846,
    1.10686,
    1.10436,
    1.1061,
    1.10629,
    1.10492,
    1.10334,
    1.10048,
    1.09902,
    1.09796,
    1.09744,
    1.09996,
    1.0976,
    1.09923,
    1.10302,
    1.10311,
    1.1015,
    1.10279,
    1.1028,
    1.1031,
    1.104,
    1.10448,
    1.10419,
    1.10264,
    1.10396,
    1.10304,
    1.1035,
    1.09936,
    1.0979,
    1.09858,
    1.09888,
    1.10174,
    1.10095,
    1.10152,
    1.10118,
    1.09994,
    1.09814,
    1.0973,
    1.10076,
    1.10322,
    1.10282,
    1.10242,
    1.1021,
    1.10237,
    1.10446,
    1.10398
  ],
  "Daily": [
    0,
    1.11606,
    1.11348,
    1.11429,
    1.10564,
    1.11056,
    1.10288,
    1.10186,
    1.10254,
    1.0974,
    1.08905,
    1.08452,
    1.1027,
    1.11408,
    1.10566,
    1.10359,
    1.10552,
    1.09412,
    1.10711,
    1.11749,
    1.11409,
    1.10908,
    1.12118,
    1.11985,
    1.12094,
    1.11826,
    1.11667,
    1.113,
    1.11844,
    1.11488,
    1.1199,
    1.12068,
    1.11508,
    1.12214,
    1.12128,
    1.11638,
    1.11616,
    1.11593,
    1.11088,
    1.11172,
    1.1138,
    1.11608,
    1.11168,
    1.10969,
    1.11285,
    1.11158,
    1.12172,
    1.12224,
    1.11924,
    1.11416,
    1.11494,
    1.11178,
    1.10856,
    1.11112,
    1.11148,
    1.12237,
    1.1189,
    1.11406,
    1.10968,
    1.11243,
    1.11354,
    1.11046,
    1.1102,
    1.1083,
    1.10713,
    1.11133,
    1.11777,
    1.11915,
    1.11374,
    1.11116,
    1.12254,
    1.11895,
    1.11832,
    1.11908,
    1.12204,
    1.1194,
    1.11654,
    1.11798,
    1.11742,
    1.11791,
    1.11077,
    1.11526,
    1.11306,
    1.11518,
    1.11462,
    1.11216,
    1.11852,
    1.11818,
    1.1154,
    1.11102,
    1.11264,
    1.11586,
    1.11572,
    1.11138,
    1.11262,
    1.11419,
    1.11598,
    1.1204,
    1.11976,
    1.12084,
    1.12107,
    1.117,
    1.11428,
    1.11068,
    1.11753,
    1.11484,
    1.11693,
    1.11448,
    1.11335,
    1.11274,
    1.11442,
    1.1137,
    1.11153,
    1.11165,
    1.11096,
    1.1094,
    1.11214,
    1.11038,
    1.11332,
    1.11662,
    1.11649,
    1.10997,
    1.11238,
    1.11237,
    1.10934,
    1.11151,
    1.11054,
    1.106,
    1.09566,
    1.09977,
    1.09681,
    1.0915,
    1.08247,
    1.0854,
    1.08596,
    1.08618,
    1.09024,
    1.09394,
    1.09767,
    1.10305,
    1.10555,
    1.11019,
    1.10714,
    1.10484,
    1.1037,
    1.1034,
    1.10712,
    1.10258,
    1.10326,
    1.10354,
    1.1067,
    1.10785,
    1.10434,
    1.10845,
    1.11145,
    1.1117,
    1.10938,
    1.10498,
    1.10452,
    1.1025,
    1.10202,
    1.09862,
    1.1021,
    1.10295,
    1.0997,
    1.09996,
    1.10334,
    1.09678,
    1.09617,
    1.09042,
    1.0866,
    1.08676,
    1.0863,
    1.07904,
    1.0756,
    1.0753,
    1.07828,
    1.08164,
    1.08126,
    1.08328,
    1.08416,
    1.08718,
    1.08746,
    1.0891,
    1.08858,
    1.09602,
    1.10302,
    1.1028
  ],
  "Weekly": [
    0
  ]
}