{
  "Fifteen_Min": [
    0,
    0,
    0
  ],
  "Thirty_Min": [
    0,
    0,
    0
  ],
  "One_Hour": [
    0,
    0,
    0
  ],
  "Two_Hour": [
    0,
    0,
    0
  ],
  "Four_Hour": [
    0,
    2.06966,
    2.06962,
    2.0685,
    2.06958,
    2.06954,
    2.06877,
    2.07182,
    2.06797,
    2.06965,
    2.06782,
    2.06696,
    2.0688,
    2.07178,
    2.08028,
    2.08226,
    2.07816,
    2.08035,
    2.07947,
    2.0762,
    2.0799,
    2.07744,
    2.0776,
    2.07948,
    2.07246,
    2.07521,
    2.0713,
    2.0689,
    2.07098,
    2.06745,
    2.06714,
    2.06872,
    2.07165,
    2.06732,
    2.06816,
    2.07095,
    2.06994,
    2.07251,
    2.08334,
    2.08774,
    2.0866,
    2.08266,
    2.08182,
    2.07936,
    2.06705,
    2.07802,
    2.0771,
    2.0782,
    2.07158,
    2.07104,
    2.06833,
    2.06948,
    2.0769,
    2.07384,
    2.08103,
    2.0835,
    2.08388,
    2.06983,
    2.07006,
    2.06848,
    2.067,
    2.0715,
    2.0734,
    2.07339,
    2.07564,
    2.07992,
    2.0818,
    2.07742,
    2.07212,
    2.07712,
    2.06746,
    2.06992,
    2.0695,
    2.07186,
    2.07746,
    2.08798,
    2.08836,
    2.08738,
    2.08564,
    2.0756,
    2.0752,
    2.0728,
    2.06699,
    2.06748,
    2.06693,
    2.072,
    2.07914,
    2.08008,
    2.07762,
    2.08444,
    2.092,
    2.08815,
    2.09015,
    2.09056,
    2.09052,
    2.08888,
    2.08524,
    2.08868,
    2.0885,
    2.0901,
    2.08932,
    2.08905,
    2.08586,
    2.08692,
    2.08924,
    2.0936,
    2.09254,
    2.09937,
    2.09791,
    2.09928,
    2.09856,
    2.09722,
    2.09605,
    2.09909,
    2.09926,
    2.09406,
    2.0997,
    2.09648,
    2.09592,
    2.09557,
    2.0953,
    2.09322,
    2.0925,
    2.09042,
    2.0856,
    2.0877,
    2.0874,
    2.08548,
    2.08655,
    2.08112,
    2.07596,
    2.0751,
    2.08208,
    2.08293,
    2.08085,
    2.07594,
    2.07345,
    2.07289,
    2.07315,
    2.0692,
    2.06692,
    2.07486,
    2.0731,
    2.07633,
    2.0812,
    2.08016,
    2.07806,
    2.07605,
    2.07922,
    2.07854,
    2.0847,
    2.08452,
    2.08876,
    2.08688,
    2.09025,
    2.09072,
    2.09364,
    2.09424,
    2.09351,
    2.08654,
    2.08428,
    2.08066,
    2.07616,
    2.07968,
    2.07835,
    2.08455,
    2.08538,
    2.08735,
    2.08985,
    2.08384,
    2.08356,
    2.0838,
    2.08228,
    2.08162,
    2.08094,
    2.08594,
    2.08202,
    2.07882,
    2.07863,
    2.08136,
    2.0824,
    2.083,
    2.08392,
    2.07974,
    2.08536,
    2.08842,
    2.08555,
    2.08717,
    2.07908,
    2.08065,
    2.0786,
    2.06947,
    2.07028,
    2.0691,
    2.06818,
    2.07132,
    2.0703,
    2.06975,
    2.07331,
    2.0787,
    2.0777,
    2.07224,
    2.0722,
    2.07218,
    2.06924,
    2.06988,
    2.07608,
    2.0757,
    2.07244,
    2.07346,
    2.06754,
    2.0738,
    2.07303,
    2.07382,
    2.07222,
    2.07472,
    2.07545,
    2.07684,
    2.07527,
    2.08033,
    2.08378,
    2.0841,
    2.0892,
    2.08826,
    2.09146,
    2.08736,
    2.0853,
    2.08,
    2.07309,
    2.07084,
    2.06726,
    2.06942,
    2.07617,
    2.07935,
    2.08284,
    2.07804,
    2.08004,
    2.07468,
    2.07194,
    2.07206,
    2.06698,
    2.06747,
    2.06758,
    2.0729,
    2.07248,
    2.0761,
    2.07725,
    2.0739,
    2.07485,
    2.06868,
    2.0742,
    2.07259,
    2.07235,
    2.07015,
    2.07056,
    2.07249,
    2.07266,
    2.07025,
    2.0706,
    2.07458,
    2.0711,
    2.06886,
    2.07162,
    2.07005,
    2.07256,
    2.07231,
    2.0733,
    2.06956,
    2.07404,
    2.07062,
    2.07547,
    2.0784,
    2.07271,
    2.075,
    2.07696,
    2.0773,
    2.0743,
    2.08001,
    2.08088,
    2.08578,
    2.09021,
    2.08657,
    2.08566,
    2.0789,
    2.07978,
    2.08077,
    2.07765,
    2.08042,
    2.08168,
    2.07718,
    2.07532,
    2.07965,
    2.08133
  ],
  "Daily": [
    0
  ],
  "Weekly": [
    0
  ]
}