{
  "Fifteen_Min": [
    0,
    0,
    0
  ],
  "Thirty_Min": [
    0,
    0,
    0
  ],
  "One_Hour": [
    0,
    0,
    0
  ],
  "Two_Hour": [
    0,
    0,
    0
  ],
  "Four_Hour": [
    0,
    1.91981,
    1.92222,
    1.92176,
    1.91994,
    1.9186,
    1.91911,
    1.92467,
    1.92548,
    1.92463,
    1.92532,
    1.9333,
    1.93761,
    1.9345,
    1.92905,
    1.92895,
    1.92424,
    1.91978,
    1.92115,
    1.92005,
    1.91915,
    1.921,
    1.9213,
    1.92776,
    1.9311,
    1.93214,
    1.92844,
    1.92484,
    1.92004,
    1.92228,
    1.93215,
    1.93176,
    1.93202,
    1.93218,
    1.94032,
    1.94226,
    1.9387,
    1.94267,
    1.94398,
    1.94544,
    1.94484,
    1.9388,
    1.93849,
    1.93658,
    1.93698,
    1.93645,
    1.93802,
    1.93498,
    1.93837,
    1.93724,
    1.93888,
    1.94094,
    1.94448,
    1.94478,
    1.94934,
    1.95098,
    1.95282,
    1.9479,
    1.95138,
    1.9463,
    1.94502,
    1.94844,
    1.94826,
    1.94664,
    1.9442,
    1.94086,
    1.94116,
    1.94442,
    1.94793,
    1.94982,
    1.95518,
    1.95406,
    1.95707,
    1.95364,
    1.9551,
    1.95528,
    1.95054,
    1.95328,
    1.95116,
    1.95142,
    1.95018,
    1.95664,
    1.95323,
    1.9537,
    1.95706,
    1.95438,
    1.9558,
    1.95726,
    1.9497,
    1.95218,
    1.95185,
    1.94944,
    1.94976,
    1.95452,
    1.95427,
    1.955,
    1.95456,
    1.95431,
    1.95026,
    1.95648,
    1.95614,
    1.95573,
    1.95297,
    1.95188,
    1.954,
    1.95312,
    1.94487,
    1.94542,
    1.94586,
    1.94508,
    1.9465,
    1.93958,
    1.94342,
    1.94382,
    1.94406,
    1.94538,
    1.94568,
    1.9476,
    1.94387,
    1.9451,
    1.9392,
    1.94154,
    1.94075,
    1.93139,
    1.92522,
    1.92677,
    1.92658,
    1.9203,
    1.92384,
    1.92624,
    1.92539,
    1.92354,
    1.92305,
    1.92528,
    1.924,
    1.92378,
    1.9228,
    1.91859,
    1.9189,
    1.92032,
    1.91892,
    1.92062,
    1.91964,
    1.91914,
    1.91956,
    1.9188,
    1.92096,
    1.9282,
    1.92835,
    1.92798,
    1.92678,
    1.92831,
    1.92713,
    1.92328,
    1.92196,
    1.92343,
    1.92362,
    1.92164,
    1.91846,
    1.92188,
    1.92034,
    1.92128,
    1.9187,
    1.92146,
    1.92051,
    1.92414,
    1.92341,
    1.92635,
    1.92682,
    1.92519,
    1.9284,
    1.92742,
    1.92843,
    1.92893,
    1.92656,
    1.91896,
    1.91988,
    1.92442,
    1.91842,
    1.9197,
    1.92124,
    1.92138,
    1.92114,
    1.92182,
    1.92232,
    1.92187,
    1.9232,
    1.92183,
    1.92565,
    1.92431,
    1.9272,
    1.92517,
    1.92342,
    1.92058,
    1.92324,
    1.92092,
    1.9191,
    1.91903,
    1.92064,
    1.92068,
    1.92234,
    1.92218,
    1.93512,
    1.93271,
    1.93528,
    1.93466,
    1.9349,
    1.931,
    1.93316,
    1.933,
    1.93018,
    1.93258,
    1.9221,
    1.92504,
    1.9256,
    1.93046,
    1.92862,
    1.93114,
    1.932,
    1.93034,
    1.92771,
    1.92767,
    1.92982,
    1.92822,
    1.93016,
    1.93221,
    1.92948,
    1.93348,
    1.9335,
    1.9322,
    1.928,
    1.92936,
    1.92924,
    1.92725,
    1.9292,
    1.93038,
    1.93144,
    1.92675,
    1.92782,
    1.92351,
    1.92418,
    1.9227,
    1.92152,
    1.9234,
    1.9296,
    1.92466,
    1.92622
  ],
  "Daily": [
    0,
    1.90159,
    1.9055,
    1.90454,
    1.9165,
    1.91762,
    1.91912,
    1.91599,
    1.91506,
    1.91578,
    1.90796,
    1.90148,
    1.9033,
    1.9147,
    1.91876,
    1.93964,
    1.92722,
    1.9467,
    1.95829,
    1.95478,
    1.94996,
    1.95258,
    1.95818,
    1.94922,
    1.93084,
    1.93061,
    1.9363,
    1.92599,
    1.92846,
    1.92355,
    1.91949,
    1.9353,
    1.94792,
    1.95054,
    1.95315,
    1.95436,
    1.93979,
    1.93478,
    1.91272,
    1.90558,
    1.93374,
    1.93212,
    1.91393,
    1.92338,
    1.92975,
    1.9358,
    1.93899,
    1.93569,
    1.93888,
    1.91213,
    1.92768,
    1.92888,
    1.92945,
    1.91139,
    1.9134,
    1.92832,
    1.94656,
    1.94063,
    1.95231,
    1.9572,
    1.95892,
    1.95972,
    1.95798,
    1.9466,
    1.93531,
    1.92936,
    1.94616,
    1.94444,
    1.9301,
    1.92788,
    1.9122,
    1.91005,
    1.91124,
    1.8991,
    1.9012,
    1.90329,
    1.91614,
    1.91594,
    1.9213,
    1.91398,
    1.94208,
    1.94416,
    1.94048,
    1.95822,
    1.95913,
    1.9499,
    1.94156,
    1.94538,
    1.93284,
    1.93196,
    1.91818,
    1.91756,
    1.9289,
    1.94178,
    1.95308,
    1.89998,
    1.902,
    1.90322,
    1.9076,
    1.9075,
    1.926,
    1.92076,
    1.92678,
    1.919,
    1.90591,
    1.93662,
    1.91654,
    1.90836,
    1.90708,
    1.90534,
    1.90626,
    1.9167,
    1.91552,
    1.92651,
    1.92786,
    1.94796,
    1.94216,
    1.93382,
    1.92702,
    1.92058,
    1.93076,
    1.92934,
    1.9234,
    1.94094,
    1.94328,
    1.93702,
    1.9435,
    1.93514,
    1.9558,
    1.95772,
    1.94966,
    1.94638,
    1.94252,
    1.96014,
    1.9596,
    1.95732,
    1.95097,
    1.93801,
    1.93444,
    1.9228,
    1.91408,
    1.90182,
    1.93376,
    1.93616,
    1.92734,
    1.90296,
    1.89946,
    1.90072,
    1.90183,
    1.9085,
    1.90197,
    1.90242,
    1.90173,
    1.90471,
    1.89956,
    1.90446,
    1.9058,
    1.9044,
    1.90434,
    1.90662,
    1.90601,
    1.90228,
    1.89976,
    1.90912,
    1.92276,
    1.9186,
    1.9266,
    1.9132,
    1.91468,
    1.9135,
    1.91118,
    1.90938,
    1.90233,
    1.89959,
    1.9149,
    1.90744,
    1.91072,
    1.93202,
    1.94014,
    1.94092,
    1.94448,
    1.9479,
    1.94826,
    1.94552,
    1.95406,
    1.95116,
    1.95438,
    1.95185,
    1.95456,
    1.95962,
    1.95614,
    1.95408,
    1.94508,
    1.94406,
    1.92677,
    1.92539,
    1.924,
    1.92032,
    1.91438,
    1.91642,
    1.90023,
    1.90097,
    1.9005,
    1.89876,
    1.8996,
    1.91647,
    1.91379,
    1.91678,
    1.90864,
    1.91022,
    1.91956,
    1.92835,
    1.92622,
    1.91382,
    1.91607,
    1.9187,
    1.92635,
    1.91326,
    1.91988,
    1.91842,
    1.91368,
    1.90888,
    1.9008,
    1.90084,
    1.90212,
    1.911,
    1.91864,
    1.9197,
    1.92232,
    1.9074,
    1.91835,
    1.91286,
    1.90704,
    1.91255,
    1.90954,
    1.91146,
    1.91152,
    1.90974,
    1.91127,
    1.90414,
    1.90833,
    1.91784,
    1.90738,
    1.91192,
    1.90572,
    1.90058,
    1.90185,
    1.90838,
    1.90731,
    1.91122,
    1.9191,
    1.933,
    1.9256,
    1.9344,
    1.92822,
    1.92992,
    1.93144,
    1.9227,
    1.96046,
    1.96074,
    1.96296,
    1.96392,
    1.96372,
    1.96503,
    1.96408,
    1.96532,
    1.96456,
    1.96164,
    1.96624,
    1.9616,
    1.9659,
    1.96496,
    1.96108,
    1.96462,
    1.96258,
    1.96319,
    1.9636,
    1.932,
    1.93884,
    1.9338,
    1.9314,
    1.9366
  ],
  "Weekly": [
    0
  ]
}