{
  "Fifteen_Min": [
    0,
    0,
    0
  ],
  "Thirty_Min": [
    0,
    0,
    0
  ],
  "One_Hour": [
    0,
    0,
    0
  ],
  "Two_Hour": [
    0,
    0,
    0
  ],
  "Four_Hour": [
    0,
    1.68134,
    1.68456,
    1.68419,
    1.68166,
    1.682,
    1.68133,
    1.6815,
    1.68424,
    1.68688,
    1.68748,
    1.68906,
    1.688,
    1.68266,
    1.68594,
    1.6855,
    1.68232,
    1.68172,
    1.6819,
    1.68222,
    1.68228,
    1.68633,
    1.68766,
    1.68834,
    1.68564,
    1.68473,
    1.68498,
    1.6858,
    1.68613,
    1.68546,
    1.68501,
    1.68864,
    1.69006,
    1.68987,
    1.68934,
    1.68898,
    1.68558,
    1.68207,
    1.68162,
    1.68444,
    1.68629,
    1.69268,
    1.69254,
    1.69274,
    1.69509,
    1.69864,
    1.69828,
    1.69888,
    1.69928,
    1.7,
    1.69978,
    1.70374,
    1.70437,
    1.7037,
    1.70291,
    1.70188,
    1.70496,
    1.70358,
    1.70072,
    1.70468,
    1.70414,
    1.7053,
    1.70538,
    1.70536,
    1.70535,
    1.70514,
    1.70256,
    1.70532,
    1.70526,
    1.70314,
    1.70144,
    1.70307,
    1.70337,
    1.70331,
    1.7027,
    1.70224,
    1.70206,
    1.70185,
    1.7031,
    1.70315,
    1.70281,
    1.70322,
    1.70196,
    1.70232,
    1.6978,
    1.69915,
    1.69956,
    1.69992,
    1.70048,
    1.69896,
    1.69972,
    1.69941,
    1.69936,
    1.69916,
    1.69506,
    1.69157,
    1.6921,
    1.69329,
    1.69234,
    1.68965,
    1.69046,
    1.6886,
    1.68986,
    1.68972,
    1.68924,
    1.6895,
    1.68848,
    1.68851,
    1.6892,
    1.68812,
    1.69088,
    1.69044,
    1.69132,
    1.69094,
    1.68699,
    1.6863,
    1.68536,
    1.68408,
    1.68469,
    1.68278,
    1.68567,
    1.68526,
    1.68418,
    1.6812,
    1.68144,
    1.68168,
    1.68376,
    1.68648,
    1.6885,
    1.687,
    1.68768,
    1.68722,
    1.68653,
    1.68815,
    1.68736,
    1.6869,
    1.68711,
    1.68738,
    1.69002,
    1.69052,
    1.68876,
    1.69102,
    1.69172,
    1.69111,
    1.69206,
    1.68958,
    1.6884,
    1.68786,
    1.68824,
    1.68979,
    1.69128,
    1.69186,
    1.69318,
    1.69092,
    1.69214,
    1.69124,
    1.689,
    1.68994,
    1.69068,
    1.69064,
    1.69152,
    1.68894,
    1.6898,
    1.68946,
    1.68819,
    1.68694,
    1.68584,
    1.68467,
    1.68556,
    1.68462,
    1.6848,
    1.68311,
    1.68264,
    1.68136,
    1.68316,
    1.68513,
    1.68708,
    1.68717,
    1.68724,
    1.68723,
    1.68624,
    1.6842,
    1.68484,
    1.6852,
    1.68573,
    1.6832,
    1.68226,
    1.68206,
    1.68298,
    1.69222,
    1.69436,
    1.69534,
    1.69478,
    1.69462,
    1.692,
    1.69096,
    1.69048,
    1.68604,
    1.6868,
    1.68519,
    1.6859,
    1.68615,
    1.69225,
    1.69156,
    1.69087,
    1.68966,
    1.68515,
    1.68337,
    1.68131,
    1.68164,
    1.68268,
    1.68169,
    1.68256,
    1.68249,
    1.68224,
    1.6816,
    1.68394,
    1.68412,
    1.68441,
    1.68639,
    1.6883,
    1.68886,
    1.68758,
    1.68238,
    1.68291,
    1.68446,
    1.68581,
    1.68614,
    1.68599,
    1.68566,
    1.6911,
    1.69028,
    1.6893,
    1.69304,
    1.69382,
    1.69334,
    1.6926,
    1.69219,
    1.69113,
    1.69115,
    1.69212,
    1.69192,
    1.6942,
    1.69552,
    1.6968,
    1.69688,
    1.69446,
    1.69588,
    1.6985,
    1.69947,
    1.69738,
    1.6977,
    1.6973,
    1.69822,
    1.697,
    1.69764,
    1.69716,
    1.69748,
    1.69724,
    1.69606,
    1.69632,
    1.69393,
    1.69558,
    1.69564,
    1.6956,
    1.70424,
    1.70132,
    1.70504,
    1.70411,
    1.705,
    1.70308,
    1.70282,
    1.70045,
    1.70054,
    1.70146,
    1.70295,
    1.70274,
    1.7038,
    1.70508,
    1.70306,
    1.6988,
    1.70168,
    1.70167,
    1.70325,
    1.70442,
    1.70296,
    1.70355,
    1.70466,
    1.70199,
    1.70354,
    1.7023,
    1.70447,
    1.70381,
    1.70288,
    1.70398,
    1.70148,
    1.70151,
    1.69876,
    1.69861,
    1.69924,
    1.69968,
    1.69783,
    1.70046,
    1.70024,
    1.69862,
    1.69674,
    1.69681,
    1.70271,
    1.70311,
    1.70366,
    1.70252,
    1.69951,
    1.69541,
    1.6948,
    1.69528,
    1.69108,
    1.68869,
    1.68868,
    1.68847,
    1.68844,
    1.6929,
    1.69296,
    1.69618,
    1.69623,
    1.69642,
    1.69758,
    1.69869,
    1.69562,
    1.69993,
    1.69946,
    1.69948,
    1.69818,
    1.69837,
    1.70002,
    1.69884,
    1.69824,
    1.69603,
    1.69846,
    1.69801,
    1.69851,
    1.69778,
    1.7008,
    1.7021,
    1.7009,
    1.70085,
    1.69257
  ],
  "Daily": [
    0
  ],
  "Weekly": [
    0
  ]
}