{
  "Fifteen_Min": [
    0
  ],
  "Thirty_Min": [
    0,
    0,
    0
  ],
  "One_Hour": [
    0,
    0,
    0
  ],
  "Two_Hour": [
    0,
    0,
    0
  ],
  "Four_Hour": [
    0,
    9.83548,
    9.8652,
    9.85852,
    9.85769,
    9.85606,
    9.85266,
    9.86261,
    9.87192,
    9.85602,
    9.85098,
    9.86708,
    9.87722,
    9.89499,
    9.89508,
    9.86378,
    9.91292,
    9.91605,
    9.91822,
    9.92496,
    9.92056,
    9.90459,
    9.89725,
    9.89908,
    9.89453,
    9.87082,
    9.88912,
    9.89648,
    9.88142,
    9.88784,
    9.88334,
    9.88717,
    9.88083,
    9.86222,
    9.86402,
    9.83856,
    9.83714,
    9.85214,
    9.86226,
    9.85608,
    9.8546,
    9.84382,
    9.86652,
    9.87952,
    9.87552,
    9.87643,
    9.89355,
    9.92544,
    9.91512,
    9.91136,
    9.89029,
    9.90946,
    9.91336,
    9.99178,
    9.99384,
    9.99494,
    10.01438,
    10.02686,
    10.02714,
    10.02908,
    10.01786,
    10.01835,
    10.01316,
    9.98384,
    9.99804,
    9.99375,
    9.99986,
    9.96992,
    9.98214,
    9.98889,
    9.98417,
    9.95535,
    9.9664,
    9.9853,
    9.99222,
    9.98696,
    9.98024,
    9.9698,
    9.97934,
    9.95115,
    9.94438,
    9.95254,
    9.94349,
    9.95656,
    9.96874,
    9.96946,
    9.95257,
    9.96091,
    9.95323,
    9.95156,
    9.96616,
    9.97712,
    9.9776,
    9.98714,
    9.98132,
    9.96464,
    9.95688,
    9.90061,
    9.90636,
    9.89752,
    9.89692,
    9.88606,
    9.87987,
    9.89486,
    9.88539,
    9.88864,
    9.89109,
    9.88442,
    9.93924,
    9.95028,
    9.94623,
    9.92624,
    9.94456,
    9.94208,
    9.9464,
    9.9324,
    9.94253,
    9.96,
    9.95588,
    9.95527,
    9.9489,
    9.94593,
    9.94686,
    9.93898,
    9.93756,
    9.92818,
    9.93141,
    9.93525,
    9.95505,
    9.9649,
    9.96142,
    9.9676,
    9.9691,
    10.00455,
    10.04248,
    10.0298,
    10.03518,
    9.98515,
    10.04175,
    10.02955,
    10.0129,
    10.0296,
    10.02455,
    10.018,
    10.01275,
    10.0249,
    10.03805,
    10.02735,
    10.0193,
    9.98245,
    9.98015,
    9.969,
    9.98585,
    10.0358,
    10.019,
    10.0266,
    10.02295,
    10.02675,
    10.0253,
    10.00935,
    10.00555,
    10.0046,
    9.99675,
    9.9498,
    9.9459,
    9.9586,
    9.96195,
    9.96515,
    9.92415,
    9.9279,
    9.9172,
    9.92135,
    9.91205,
    9.89295,
    9.89285,
    9.9302,
    9.92055,
    9.9363,
    9.9369,
    9.916,
    9.9529,
    9.95705,
    9.9656,
    9.94155,
    9.9368,
    9.9713,
    9.9735,
    9.97295,
    9.9671,
    9.9581,
    9.919,
    9.95005,
    9.9616,
    9.9558,
    9.97015,
    9.9539,
    9.95045,
    9.94795,
    9.9413,
    9.9387,
    9.9708,
    9.9418,
    9.91115,
    9.9139,
    9.9176,
    9.9207,
    9.9143,
    9.9039,
    9.9253,
    9.89665,
    9.92105,
    9.91945,
    9.9221,
    9.94455,
    9.9492,
    9.93865,
    9.93335,
    9.9449,
    9.96005,
    9.97075,
    9.96225,
    9.96645,
    9.95235,
    9.99115,
    9.98035,
    9.98167,
    9.9772,
    9.9614,
    9.95405,
    9.98075,
    9.97585,
    9.98034,
    9.96833,
    9.99454,
    10.00005,
    10.00145,
    10.00459,
    10.00362,
    9.9878,
    9.98232,
    9.9794,
    9.9817,
    9.9408,
    9.9033,
    9.97384,
    9.97116,
    9.95678,
    9.909,
    9.8993,
    9.8807,
    9.87392,
    9.8549,
    9.87195,
    9.868,
    9.87914,
    9.86729,
    9.88054,
    9.88175,
    9.8884,
    9.89712,
    9.89568,
    9.8665,
    9.90335,
    9.91908,
    9.9041,
    9.91768,
    9.9767,
    9.97874,
    9.97909,
    9.98272,
    9.9596,
    9.94822,
    9.9315,
    9.937,
    9.92958,
    9.93627,
    9.94342,
    9.87665,
    9.8747,
    9.88295,
    9.88457,
    9.8907,
    9.89375,
    9.89325,
    9.89638,
    9.85972,
    9.8524,
    9.84705,
    9.85026,
    9.84586,
    9.83505,
    9.83855,
    9.8444,
    9.8401,
    9.84632,
    9.8573,
    9.89625,
    9.89961,
    9.91239,
    9.89384,
    9.89868,
    9.91138,
    9.9083,
    9.91438,
    9.87827,
    9.86223,
    9.85618,
    9.86134,
    9.88508,
    9.87738,
    9.89589,
    9.86804,
    9.91809,
    9.90674,
    9.90638,
    9.90416,
    9.89196,
    9.86481,
    9.87385,
    9.87714,
    9.8778,
    9.87259,
    9.84891,
    9.84885,
    9.85,
    9.83894,
    9.84049,
    9.83597,
    9.8394,
    9.85484,
    9.8688,
    9.86533,
    9.89058,
    9.9371,
    9.95872,
    9.962,
    9.92148,
    9.9146,
    9.8908,
    9.8938,
    9.87819,
    9.87688,
    9.86477,
    9.85865,
    9.86216,
    9.86794,
    9.9064,
    9.93246,
    9.92923,
    9.92318,
    9.92784,
    9.89467,
    9.88426,
    9.89119,
    9.87021,
    9.86874,
    9.87334,
    9.86556,
    9.90278,
    9.8909,
    9.9058,
    9.90875,
    9.91158,
    9.92889,
    9.92225,
    9.92218,
    9.9116,
    9.92266,
    9.92304,
    9.93562,
    9.94372,
    9.93449,
    9.96052,
    9.98872,
    9.9959,
    10.00846,
    9.99896,
    9.95978,
    9.95648,
    9.9465,
    9.95292,
    9.9248,
    9.93644,
    9.94086,
    9.93724,
    9.93846,
    9.86923,
    9.87302,
    9.86288,
    9.86862,
    9.85867,
    9.86138,
    9.87286,
    9.8872,
    9.88825,
    9.88686,
    9.89553,
    9.90346,
    9.90343,
    9.89738,
    9.88918,
    9.88672,
    9.93641,
    9.93578,
    9.91792,
    9.91227,
    9.92502,
    9.95716,
    9.95285,
    9.95268,
    9.9516,
    9.94505,
    9.93396,
    9.93406,
    9.93542,
    9.9309,
    9.95273,
    9.95094,
    9.95714,
    9.9644,
    9.97628,
    9.96064,
    9.93805,
    9.94579,
    9.9781,
    9.98634,
    9.97378,
    9.97693,
    9.9618,
    9.97338,
    9.96331,
    9.97152,
    9.95336,
    9.95466,
    9.9319,
    9.91969,
    9.88776,
    9.89277,
    9.88,
    9.88886,
    9.88839,
    9.8669,
    9.89784,
    9.91578,
    9.91704,
    9.9203,
    9.91316,
    9.8965,
    9.93734,
    9.93212,
    9.91774,
    9.91022,
    9.91976,
    9.93195,
    9.93434,
    9.94152,
    9.93322,
    9.94555,
    9.93457,
    9.94564,
    9.95752,
    9.94088,
    9.9008,
    9.92362,
    9.9293,
    9.93558,
    9.98036,
    9.96702,
    9.94812,
    9.93902,
    9.93623,
    9.9477,
    9.92082,
    9.93612,
    9.93574
  ],
  "Daily": [
    0
  ],
  "Weekly": [
    0
  ]
}