{
  "Fifteen_Min": [
    0,
    0,
    0
  ],
  "Thirty_Min": [
    0,
    0,
    0
  ],
  "One_Hour": [
    0,
    0,
    0
  ],
  "Two_Hour": [
    0,
    0,
    0
  ],
  "Four_Hour": [
    0,
    1.70484,
    1.70406,
    1.70557,
    1.70082,
    1.70156,
    1.70124,
    1.70204,
    1.7056,
    1.69812,
    1.70196,
    1.6997,
    1.70018,
    1.70007,
    1.70112,
    1.69466,
    1.69168,
    1.6909,
    1.6921,
    1.69273,
    1.69159,
    1.6886,
    1.68906,
    1.68962,
    1.6894,
    1.688,
    1.68862,
    1.68912,
    1.69158,
    1.69196,
    1.69014,
    1.68824,
    1.68726,
    1.68758,
    1.6904,
    1.68983,
    1.69392,
    1.69548,
    1.69088,
    1.68858,
    1.69154,
    1.69118,
    1.69012,
    1.68688,
    1.68941,
    1.68748,
    1.68868,
    1.68766,
    1.68834,
    1.68864,
    1.69055,
    1.69006,
    1.68987,
    1.68934,
    1.68898,
    1.69268,
    1.69293,
    1.69254,
    1.69274,
    1.69509,
    1.69864,
    1.6992,
    1.69828,
    1.69888,
    1.69928,
    1.7,
    1.69978,
    1.7076,
    1.70833,
    1.7089,
    1.7093,
    1.71056,
    1.70951,
    1.71038,
    1.70938,
    1.70961,
    1.70939,
    1.70896,
    1.70996,
    1.70374,
    1.7061,
    1.70756,
    1.7081,
    1.70845,
    1.70976,
    1.70574,
    1.71006,
    1.7071,
    1.70802,
    1.70749,
    1.70763,
    1.70692,
    1.70658,
    1.70602,
    1.70437,
    1.71028,
    1.70812,
    1.7037,
    1.70291,
    1.70188,
    1.7072,
    1.70953,
    1.70842,
    1.70821,
    1.70674,
    1.70652,
    1.70914,
    1.70573,
    1.7058,
    1.70752,
    1.70724,
    1.70798,
    1.7104,
    1.70496,
    1.70712,
    1.70565,
    1.70624,
    1.70614,
    1.70358,
    1.70072,
    1.70468,
    1.70414,
    1.7053,
    1.70761,
    1.70538,
    1.70786,
    1.70903,
    1.7067,
    1.7082,
    1.70726,
    1.70734,
    1.71041,
    1.70536,
    1.70634,
    1.70948,
    1.70622,
    1.7064,
    1.70828,
    1.70788,
    1.70713,
    1.70864,
    1.7092,
    1.70854,
    1.70618,
    1.70535,
    1.70638,
    1.70688,
    1.70736,
    1.70514,
    1.70256,
    1.70532,
    1.70669,
    1.71034,
    1.70988,
    1.71059,
    1.7106,
    1.70994,
    1.70526,
    1.70561,
    1.70314,
    1.70144,
    1.70307,
    1.70337,
    1.7038,
    1.70331,
    1.7027,
    1.70224,
    1.70206,
    1.70185,
    1.7031,
    1.70315,
    1.70281,
    1.70474,
    1.70322,
    1.70232,
    1.6978,
    1.69915,
    1.69956,
    1.69992,
    1.70048,
    1.70074,
    1.69896,
    1.69972,
    1.69941,
    1.69936,
    1.69916,
    1.69506,
    1.69157,
    1.69329,
    1.69234,
    1.69473,
    1.68965,
    1.69046,
    1.68986,
    1.68972,
    1.68924,
    1.6899,
    1.6895,
    1.68848,
    1.68851,
    1.6892,
    1.68812,
    1.69044,
    1.69132,
    1.69094,
    1.69187,
    1.68699,
    1.68874,
    1.6865,
    1.68648,
    1.68857,
    1.6885,
    1.687,
    1.68768,
    1.68722,
    1.68855,
    1.68653,
    1.68815,
    1.68736,
    1.6869,
    1.68711,
    1.68738,
    1.69002,
    1.69074,
    1.69052,
    1.68876,
    1.69102,
    1.69172,
    1.69226,
    1.69111,
    1.69206,
    1.68958,
    1.6884,
    1.68786,
    1.68979,
    1.69128,
    1.69186,
    1.69318,
    1.69516,
    1.69092,
    1.69214,
    1.69124,
    1.689,
    1.68994,
    1.69068,
    1.69162,
    1.69064,
    1.69152,
    1.68894,
    1.6898,
    1.69,
    1.68946,
    1.68819,
    1.68694,
    1.68708,
    1.69016,
    1.68717,
    1.68724,
    1.68723,
    1.68762,
    1.69222,
    1.69586,
    1.69436,
    1.69534,
    1.69478,
    1.69709,
    1.69462,
    1.692,
    1.69096,
    1.69048,
    1.6868,
    1.69581,
    1.69225,
    1.69156,
    1.69087,
    1.68966,
    1.68639,
    1.6883,
    1.68932,
    1.68886,
    1.68831,
    1.6876,
    1.6911,
    1.69028,
    1.6893,
    1.6941,
    1.69304,
    1.69382,
    1.69334,
    1.6926,
    1.69219,
    1.69113,
    1.69115,
    1.69212,
    1.69192,
    1.6942,
    1.69552,
    1.69692,
    1.6968,
    1.69688,
    1.69446,
    1.69588,
    1.6985,
    1.69958,
    1.69947,
    1.69738,
    1.6977,
    1.6973,
    1.69822,
    1.697,
    1.69912,
    1.69764,
    1.69716,
    1.69748,
    1.69724,
    1.69606,
    1.69632,
    1.69393,
    1.69558,
    1.69618,
    1.69564,
    1.6956,
    1.70424,
    1.70132,
    1.70597,
    1.70504,
    1.70411,
    1.705,
    1.70308,
    1.70282,
    1.70594,
    1.70771,
    1.70605,
    1.70548,
    1.70045,
    1.70054,
    1.70146,
    1.70295,
    1.70274,
    1.70691,
    1.70616,
    1.70662,
    1.70554,
    1.70508,
    1.70306,
    1.6988,
    1.70168,
    1.70167,
    1.70325,
    1.70442,
    1.70296,
    1.70355,
    1.70466,
    1.70534,
    1.70199,
    1.70354,
    1.7023,
    1.70793,
    1.70447,
    1.70381,
    1.70288,
    1.70409,
    1.70398,
    1.70148,
    1.70151,
    1.69876,
    1.69861,
    1.69924,
    1.69968,
    1.69783,
    1.70046,
    1.70153
  ],
  "Daily": [
    0
  ],
  "Weekly": [
    0
  ]
}