{
  "Fifteen_Min": [
    0,
    0,
    0
  ],
  "Thirty_Min": [
    0,
    0,
    0
  ],
  "One_Hour": [
    0,
    0,
    0
  ],
  "Two_Hour": [
    0,
    0,
    0
  ],
  "Four_Hour": [
    0,
    0.53113,
    0.52991,
    0.5305,
    0.52976,
    0.5296,
    0.5312,
    0.53086,
    0.53077,
    0.53075,
    0.53121,
    0.53126,
    0.53002,
    0.52915,
    0.5279,
    0.52726,
    0.52634,
    0.52694,
    0.52482,
    0.52464,
    0.52452,
    0.52412,
    0.52305,
    0.52444,
    0.52466,
    0.52474,
    0.5242,
    0.52262,
    0.5236,
    0.52265,
    0.52208,
    0.52403,
    0.5241,
    0.52263,
    0.52241,
    0.52192,
    0.52254,
    0.52219,
    0.52205,
    0.52242,
    0.52298,
    0.52352,
    0.5233,
    0.52268,
    0.52472,
    0.52364,
    0.52404,
    0.52329,
    0.52312,
    0.52322,
    0.52391,
    0.52314,
    0.5235,
    0.52293,
    0.52218,
    0.5229,
    0.52257,
    0.52188,
    0.52234,
    0.5244,
    0.52354,
    0.52284,
    0.52447,
    0.52304,
    0.52416,
    0.5256,
    0.52538,
    0.5268,
    0.526,
    0.52628,
    0.52676,
    0.52624,
    0.52626,
    0.52554,
    0.52551,
    0.52518,
    0.52522,
    0.52514,
    0.52362,
    0.52244,
    0.523,
    0.52326,
    0.52246,
    0.5234,
    0.52409,
    0.5232,
    0.5231,
    0.52351,
    0.52504,
    0.5245,
    0.52519,
    0.52602,
    0.52586,
    0.52802,
    0.52792,
    0.52722,
    0.52734,
    0.52678,
    0.52659,
    0.52658,
    0.52604,
    0.52622,
    0.52668,
    0.5276,
    0.52738,
    0.52829,
    0.5288,
    0.52904,
    0.52924,
    0.52969,
    0.52946,
    0.52931,
    0.52928,
    0.52957,
    0.53036,
    0.52954,
    0.52971,
    0.53056,
    0.5307,
    0.53083,
    0.53104,
    0.53123,
    0.53108,
    0.53028,
    0.53092,
    0.53012,
    0.53065,
    0.52874,
    0.52632,
    0.52557,
    0.52374,
    0.52346,
    0.52292,
    0.52334,
    0.52228,
    0.52197,
    0.52261,
    0.52278,
    0.52215,
    0.52178,
    0.52295,
    0.52306,
    0.52331,
    0.52468,
    0.52524,
    0.52438,
    0.52528,
    0.52562,
    0.52631,
    0.52615,
    0.5265,
    0.5257,
    0.52747,
    0.52757,
    0.52846,
    0.52791,
    0.52831,
    0.52942,
    0.52948,
    0.5304,
    0.5306,
    0.53096,
    0.531,
    0.52985,
    0.53019,
    0.52944,
    0.52994,
    0.53066,
    0.52978,
    0.52988,
    0.52996,
    0.53045,
    0.52861,
    0.52986,
    0.53098,
    0.5303,
    0.5308,
    0.53081,
    0.52998,
    0.53,
    0.5298,
    0.53046,
    0.53016,
    0.53089,
    0.53118,
    0.5284,
    0.52889,
    0.52984,
    0.52912,
    0.53008,
    0.52972,
    0.53094,
    0.52834,
    0.52884,
    0.52974,
    0.52857,
    0.52886,
    0.5282,
    0.52812,
    0.52894,
    0.52898,
    0.52958,
    0.5299,
    0.53072,
    0.53062,
    0.53051,
    0.53003,
    0.52806,
    0.52828,
    0.52845,
    0.5287,
    0.52936,
    0.5289,
    0.53059,
    0.53047,
    0.52864,
    0.52714,
    0.528,
    0.52794,
    0.5292,
    0.5293,
    0.52778,
    0.52672
  ],
  "Daily": [
    0
  ],
  "Weekly": [
    0
  ]
}