{
  "Fifteen_Min": [
    0,
    0,
    0
  ],
  "Thirty_Min": [
    0,
    0,
    0
  ],
  "One_Hour": [
    0,
    0,
    0
  ],
  "Two_Hour": [
    0,
    0,
    0
  ],
  "Four_Hour": [
    0,
    0.82232,
    0.82275,
    0.82398,
    0.82397,
    0.82151,
    0.8218,
    0.82122,
    0.82335,
    0.82408,
    0.82378,
    0.8231,
    0.82226,
    0.82148,
    0.8219,
    0.82161,
    0.82356,
    0.82258,
    0.82279,
    0.82544,
    0.82624,
    0.82706,
    0.82945,
    0.83214,
    0.83198,
    0.82968,
    0.82952,
    0.82862,
    0.82769,
    0.8279,
    0.82727,
    0.82709,
    0.82787,
    0.82876,
    0.82822,
    0.83023,
    0.83101,
    0.83068,
    0.8312,
    0.83135,
    0.83036,
    0.82948,
    0.82929,
    0.83116,
    0.8325,
    0.83172,
    0.83118,
    0.8293,
    0.83112,
    0.83183,
    0.83171,
    0.83206,
    0.83134,
    0.8299,
    0.82986,
    0.82892,
    0.82782,
    0.82728,
    0.82521,
    0.82436,
    0.82716,
    0.82725,
    0.82768,
    0.82766,
    0.8233,
    0.82381,
    0.82406,
    0.82372,
    0.82272,
    0.82288,
    0.82256,
    0.82136,
    0.82198,
    0.82124,
    0.82514,
    0.82696,
    0.82546,
    0.82447,
    0.82304,
    0.8226,
    0.82456,
    0.82426,
    0.82464,
    0.82476,
    0.823,
    0.82163,
    0.82142,
    0.82192,
    0.822,
    0.82193,
    0.82302,
    0.82333,
    0.82483,
    0.82276,
    0.82522,
    0.82454,
    0.82354,
    0.82174,
    0.82166,
    0.82467,
    0.82473,
    0.82424,
    0.8212,
    0.82178,
    0.8225,
    0.82338,
    0.831,
    0.83028,
    0.83162,
    0.8316,
    0.82933,
    0.82761,
    0.82595,
    0.82496,
    0.82345,
    0.82444,
    0.8246,
    0.8249,
    0.82252,
    0.82146,
    0.82336,
    0.82134,
    0.82309,
    0.8244,
    0.82418,
    0.82164,
    0.82361,
    0.82144,
    0.82216,
    0.82443,
    0.826,
    0.8256,
    0.82832,
    0.83051,
    0.8317,
    0.83136,
    0.82912,
    0.82903,
    0.82885,
    0.8272,
    0.82661,
    0.82494,
    0.82428,
    0.82678,
    0.82798,
    0.82765,
    0.8283,
    0.82821,
    0.82842,
    0.82922,
    0.82906,
    0.82894,
    0.82788,
    0.82972,
    0.82828,
    0.82969,
    0.8301,
    0.83035,
    0.8278,
    0.82974,
    0.83242,
    0.83158,
    0.83106,
    0.83126,
    0.83072,
    0.83008,
    0.83228,
    0.83177,
    0.8314,
    0.8289,
    0.82878,
    0.82936,
    0.83148,
    0.8319,
    0.83088,
    0.83054,
    0.82904,
    0.83083,
    0.83044,
    0.83145,
    0.83149,
    0.83133,
    0.83229,
    0.83254,
    0.83048,
    0.83202,
    0.83,
    0.83184,
    0.83252,
    0.83119,
    0.83092,
    0.82838,
    0.82738,
    0.82834,
    0.8271,
    0.82536,
    0.82557,
    0.82584,
    0.82591,
    0.82413,
    0.82391,
    0.82452,
    0.82238,
    0.82405,
    0.82314,
    0.82236,
    0.82182,
    0.82204,
    0.8254,
    0.82637,
    0.82567,
    0.82714,
    0.82512,
    0.82352,
    0.82261,
    0.8224,
    0.82149,
    0.82274,
    0.82257,
    0.82217,
    0.82254,
    0.82123,
    0.82128,
    0.82224,
    0.8223,
    0.82195,
    0.8216,
    0.82268,
    0.82292,
    0.82234,
    0.8227,
    0.82218,
    0.82239,
    0.82446,
    0.82386,
    0.8267,
    0.82548,
    0.82747
  ],
  "Daily": [
    0,
    0.8332,
    0.83466,
    0.833,
    0.83394,
    0.83696,
    0.83732,
    0.83534,
    0.83584,
    0.8373,
    0.83344,
    0.83632,
    0.83574,
    0.83032,
    0.83046,
    0.83459,
    0.83192,
    0.83498,
    0.83416,
    0.82933,
    0.82554,
    0.83554,
    0.83676,
    0.8336,
    0.83088,
    0.8305,
    0.83378,
    0.83636,
    0.83433,
    0.82912,
    0.82901,
    0.83179,
    0.83706,
    0.8367,
    0.83424,
    0.8324,
    0.82346,
    0.81822,
    0.82934,
    0.83038,
    0.83578,
    0.83637,
    0.8323,
    0.83746,
    0.83724,
    0.83589,
    0.83572,
    0.8309,
    0.82877,
    0.8262,
    0.81891,
    0.82482,
    0.82249,
    0.8196,
    0.81792,
    0.81848,
    0.82262,
    0.82588,
    0.82819,
    0.83048,
    0.82764,
    0.83003,
    0.82435,
    0.82062,
    0.81912,
    0.81639,
    0.82248,
    0.82203,
    0.81818,
    0.82081,
    0.82122,
    0.81747,
    0.81972,
    0.81674,
    0.82069,
    0.82279,
    0.83418,
    0.83566,
    0.83625,
    0.83198,
    0.83715,
    0.8338,
    0.83543,
    0.82952,
    0.82787,
    0.8312,
    0.8325,
    0.83116,
    0.83509,
    0.83408,
    0.83568,
    0.83103,
    0.82716,
    0.82381,
    0.82288,
    0.8219,
    0.81744,
    0.81652,
    0.81597,
    0.81776,
    0.81847,
    0.81878,
    0.82426,
    0.82342,
    0.81926,
    0.8163,
    0.81654,
    0.8187,
    0.82064,
    0.82302,
    0.82454,
    0.82467,
    0.81998,
    0.83028,
    0.83486,
    0.82595,
    0.82444,
    0.82114,
    0.81694,
    0.81947,
    0.81764,
    0.81673,
    0.81591,
    0.81754,
    0.81836,
    0.81856,
    0.81841,
    0.81702,
    0.81712,
    0.8226,
    0.82144,
    0.82216,
    0.82832,
    0.82428,
    0.82842,
    0.8304,
    0.83035,
    0.83303,
    0.83668,
    0.83434,
    0.83462,
    0.83326,
    0.83461,
    0.83158,
    0.831,
    0.83366,
    0.8319,
    0.83044,
    0.8352,
    0.83601,
    0.83556,
    0.83581,
    0.83482,
    0.8371,
    0.83266,
    0.8342,
    0.83229,
    0.83439,
    0.83488,
    0.83252,
    0.82834,
    0.82584,
    0.82474,
    0.82082,
    0.81904,
    0.81566,
    0.81561,
    0.81557,
    0.81543
  ],
  "Weekly": [
    0
  ]
}