{
  "Fifteen_Min": [
    0,
    0,
    0
  ],
  "Thirty_Min": [
    0,
    0,
    0
  ],
  "One_Hour": [
    0,
    0,
    0
  ],
  "Two_Hour": [
    0,
    0,
    0
  ],
  "Four_Hour": [
    0,
    0.64777,
    0.6478,
    0.6472,
    0.6474,
    0.6476,
    0.64724,
    0.64782,
    0.64752,
    0.64766,
    0.64732,
    0.64781,
    0.64705,
    0.64552,
    0.64614,
    0.64664,
    0.6467,
    0.6463,
    0.64704,
    0.64698,
    0.64718,
    0.64691,
    0.64646,
    0.64579,
    0.64624,
    0.64671,
    0.64701,
    0.64742,
    0.64716,
    0.64734,
    0.64748,
    0.6477,
    0.64786,
    0.64769,
    0.64774,
    0.64738,
    0.64662,
    0.64626,
    0.64559,
    0.64562,
    0.64606,
    0.64466,
    0.64657,
    0.64684,
    0.64613,
    0.64632,
    0.64518,
    0.64522,
    0.64444,
    0.64413,
    0.64032,
    0.64096,
    0.64098,
    0.64018,
    0.64111,
    0.64166,
    0.64071,
    0.64002,
    0.64054,
    0.6404,
    0.6401,
    0.64017,
    0.64009,
    0.64126,
    0.64006,
    0.64036,
    0.64058,
    0.64053,
    0.64034,
    0.64055,
    0.64005,
    0.64016,
    0.64028,
    0.64172,
    0.64148,
    0.64218,
    0.64184,
    0.64176,
    0.64182,
    0.64146,
    0.64137,
    0.6432,
    0.6428,
    0.64338,
    0.64351,
    0.64319,
    0.64553,
    0.64583,
    0.64589,
    0.6466,
    0.64775,
    0.64784,
    0.64739,
    0.64706,
    0.64678,
    0.64758,
    0.6465,
    0.64654,
    0.64438,
    0.64463,
    0.64415,
    0.6451,
    0.64516,
    0.64462,
    0.64608,
    0.64688,
    0.64536,
    0.64428
  ],
  "Daily": [
    0,
    0.64554,
    0.64418,
    0.6504,
    0.64963,
    0.65084,
    0.64834,
    0.6479,
    0.65088,
    0.64949,
    0.65085,
    0.64988,
    0.64976,
    0.64792,
    0.64781,
    0.64664,
    0.64718,
    0.64671,
    0.64716,
    0.64846,
    0.64906,
    0.65062,
    0.64944,
    0.65032,
    0.65082,
    0.64809,
    0.64738,
    0.64559,
    0.6467,
    0.64518,
    0.63876,
    0.63996,
    0.6377,
    0.63894,
    0.63951,
    0.63946,
    0.63868,
    0.63896,
    0.64006,
    0.64034,
    0.64172,
    0.64182,
    0.6428,
    0.64589,
    0.64748,
    0.64759
  ],
  "Weekly": [
    0,
    0.65264,
    0.64865,
    0.655,
    0.65449,
    0.6658,
    0.66451,
    0.66475,
    0.66316,
    0.66459,
    0.66577,
    0.6642,
    0.66566,
    0.6655,
    0.66522,
    0.66327,
    0.66206,
    0.66033,
    0.65244,
    0.65088,
    0.65191,
    0.64792,
    0.65003,
    0.6525,
    0.65473,
    0.65389,
    0.65858,
    0.66442,
    0.65894,
    0.65032,
    0.65837,
    0.6634,
    0.65915,
    0.65866,
    0.6516,
    0.65579,
    0.6527
  ]
}