{
  "Fifteen_Min": [
    0
  ],
  "Thirty_Min": [
    0,
    0,
    0
  ],
  "One_Hour": [
    0,
    0,
    0
  ],
  "Two_Hour": [
    0,
    0,
    0
  ],
  "Four_Hour": [
    0,
    1.35354,
    1.35378,
    1.3527,
    1.34988,
    1.35106,
    1.35234,
    1.34692,
    1.34546,
    1.34828,
    1.34918,
    1.35338,
    1.35342,
    1.35014,
    1.35027,
    1.35226,
    1.35138,
    1.3534,
    1.35254,
    1.35376,
    1.35356,
    1.3457,
    1.34741,
    1.34678,
    1.34812,
    1.34617,
    1.34808,
    1.34751,
    1.34708,
    1.34857,
    1.34902,
    1.35017,
    1.35232,
    1.35177,
    1.35141,
    1.35202,
    1.35198,
    1.35108,
    1.34849,
    1.34854,
    1.34784,
    1.35179,
    1.35293,
    1.35148,
    1.35194,
    1.3501,
    1.35086,
    1.34982,
    1.35006,
    1.34466,
    1.34488,
    1.34522,
    1.34666,
    1.34744,
    1.34698,
    1.3468,
    1.34878,
    1.34665,
    1.34977,
    1.34888,
    1.34804,
    1.3474,
    1.34358,
    1.34354,
    1.34304,
    1.34182,
    1.34072,
    1.34044,
    1.34122,
    1.34152,
    1.34168,
    1.33963,
    1.3438,
    1.34338,
    1.3448,
    1.3421,
    1.34192,
    1.34095,
    1.34078,
    1.34105,
    1.34434,
    1.34545,
    1.3443,
    1.34594,
    1.34298,
    1.3403,
    1.34323,
    1.34322,
    1.34286,
    1.34302,
    1.34297,
    1.3446,
    1.34756,
    1.35048,
    1.34826,
    1.34944,
    1.34814,
    1.34673,
    1.34646,
    1.3472,
    1.34896,
    1.34776,
    1.34651,
    1.34635,
    1.34132,
    1.34176,
    1.34439,
    1.34591,
    1.34683,
    1.34912,
    1.34764,
    1.34616,
    1.34693,
    1.34614,
    1.34565,
    1.34557,
    1.34421,
    1.34538,
    1.3445,
    1.34462,
    1.34512,
    1.345,
    1.34624,
    1.34694,
    1.35284,
    1.35287,
    1.35328,
    1.3538,
    1.35336,
    1.35212,
    1.35103,
    1.35118,
    1.35364,
    1.35324,
    1.34892,
    1.35039,
    1.34441,
    1.34544,
    1.34729,
    1.34636,
    1.34788,
    1.34743,
    1.34366,
    1.3453,
    1.34528,
    1.34226,
    1.34334,
    1.35013,
    1.35192,
    1.35055,
    1.35057,
    1.34696,
    1.3476,
    1.34638,
    1.3416,
    1.34303,
    1.34291,
    1.34136,
    1.34211,
    1.3399,
    1.34183,
    1.34162,
    1.33988,
    1.33984,
    1.34054,
    1.33974,
    1.3414,
    1.34285,
    1.34144,
    1.34215,
    1.34212,
    1.34268,
    1.34502,
    1.34691,
    1.34793,
    1.34731,
    1.34609,
    1.34438,
    1.34384,
    1.34464,
    1.3459,
    1.34603,
    1.34498,
    1.34724,
    1.34712,
    1.34644,
    1.34689,
    1.34954,
    1.34952,
    1.35036,
    1.35276,
    1.35199,
    1.35167,
    1.35317,
    1.35298,
    1.35218,
    1.35292,
    1.3533,
    1.35078,
    1.35166,
    1.35034,
    1.35084,
    1.35238,
    1.35178,
    1.35074,
    1.34739,
    1.3473,
    1.34388,
    1.34648,
    1.34922,
    1.34973,
    1.35104,
    1.352,
    1.34938,
    1.34934,
    1.34926,
    1.34884,
    1.3486,
    1.3484,
    1.34748,
    1.34778,
    1.34773,
    1.34686,
    1.34874,
    1.34833,
    1.34816,
    1.34662,
    1.34282,
    1.3425,
    1.34347,
    1.34346,
    1.34356,
    1.3436,
    1.34341,
    1.34369,
    1.34137,
    1.34293,
    1.34372,
    1.34188,
    1.34052,
    1.34096,
    1.34213,
    1.34018,
    1.34133,
    1.342,
    1.34271,
    1.34175,
    1.34008,
    1.3409,
    1.34104,
    1.34108,
    1.34238,
    1.34328,
    1.34312,
    1.34348,
    1.34392,
    1.34391,
    1.34103,
    1.34033,
    1.3406,
    1.3418,
    1.34148,
    1.3427,
    1.34959,
    1.35239,
    1.35122,
    1.35181,
    1.35268,
    1.35332,
    1.34949,
    1.3478,
    1.34939,
    1.34928,
    1.35098,
    1.35151,
    1.35224,
    1.35279,
    1.35311,
    1.35185,
    1.35054,
    1.35126,
    1.3505,
    1.35116,
    1.35012,
    1.35109,
    1.34936,
    1.3481,
    1.34948,
    1.34932,
    1.35135,
    1.35184,
    1.35169,
    1.35286,
    1.35309,
    1.35266,
    1.35351,
    1.3532,
    1.35068,
    1.34592,
    1.34742,
    1.34886,
    1.34821,
    1.34532,
    1.34474,
    1.34378,
    1.34157,
    1.34216,
    1.34142,
    1.34092,
    1.33998,
    1.34146,
    1.34194,
    1.34206,
    1.34026,
    1.34088,
    1.34007,
    1.34154,
    1.34064,
    1.33978,
    1.3413,
    1.341,
    1.34229,
    1.3452,
    1.3475,
    1.34612,
    1.34396,
    1.3456,
    1.34645,
    1.34654,
    1.34604,
    1.34929,
    1.3493,
    1.3492,
    1.35158,
    1.35283,
    1.35253,
    1.35243,
    1.3525,
    1.35213,
    1.34962,
    1.35024,
    1.35256,
    1.3499,
    1.34945,
    1.34963,
    1.34907,
    1.3503,
    1.35134,
    1.3516,
    1.3506,
    1.35059,
    1.35388,
    1.3537,
    1.35377,
    1.35302,
    1.34956,
    1.35053,
    1.35088,
    1.34992,
    1.34864,
    1.34986,
    1.34851,
    1.34897,
    1.35046,
    1.35038,
    1.34628,
    1.34723,
    1.3477,
    1.34558,
    1.34279,
    1.34158,
    1.33997,
    1.34174,
    1.34184,
    1.34169,
    1.34113,
    1.34115,
    1.34066,
    1.34046,
    1.34014,
    1.34094,
    1.34082,
    1.34084,
    1.33994,
    1.34086,
    1.34006,
    1.34161,
    1.34319,
    1.34345,
    1.34342,
    1.34375,
    1.34278,
    1.34197,
    1.34274,
    1.34138,
    1.34222,
    1.3437,
    1.34208,
    1.34004,
    1.34139,
    1.34196,
    1.34485,
    1.34295,
    1.34385,
    1.34374,
    1.34523,
    1.34394,
    1.34256,
    1.34172,
    1.3398,
    1.34116,
    1.34118,
    1.3401,
    1.34114,
    1.34068,
    1.34087,
    1.33964,
    1.34022,
    1.33976,
    1.34053,
    1.33967,
    1.34069,
    1.34121,
    1.33991,
    1.34,
    1.34032,
    1.34065,
    1.3404,
    1.34275,
    1.34386,
    1.34422,
    1.34597,
    1.34719,
    1.34716,
    1.34516,
    1.34618,
    1.34408,
    1.34244,
    1.343,
    1.34314,
    1.34308,
    1.34399,
    1.34489,
    1.34674,
    1.34657,
    1.34574,
    1.346,
    1.34492,
    1.34514,
    1.34376,
    1.34467,
    1.34579,
    1.34584,
    1.34554,
    1.35058,
    1.35092,
    1.35026,
    1.34958,
    1.34979,
    1.34802,
    1.34801,
    1.34754,
    1.34718,
    1.3458
  ],