{
  "Fifteen_Min": [
    0,
    0,
    0
  ],
  "Thirty_Min": [
    0,
    0,
    0
  ],
  "One_Hour": [
    0,
    0,
    0
  ],
  "Two_Hour": [
    0,
    0,
    0
  ],
  "Four_Hour": [
    0,
    4.09524,
    4.07174,
    4.06205,
    4.06841,
    4.07064,
    4.06998,
    4.07388,
    4.08415,
    4.08225,
    4.08736,
    4.07034,
    4.07254,
    4.07255,
    4.05679,
    4.068,
    4.06974,
    4.06982,
    4.0638,
    4.06443,
    4.04248,
    4.03572,
    4.03523,
    4.03197,
    4.02642,
    4.03702,
    4.0377,
    4.05078,
    4.0664,
    4.07669,
    4.07325,
    4.07202,
    4.07006,
    4.0657,
    4.061,
    4.06995,
    4.07104,
    4.06354,
    4.04836,
    4.03828,
    4.05806,
    4.0582,
    4.05988,
    4.06277,
    4.07308,
    4.08268,
    4.09352,
    4.08601,
    4.08842,
    4.09278,
    4.07784,
    4.06264,
    4.0639,
    4.06396,
    4.07026,
    4.0631,
    4.06328,
    4.0613,
    4.05223,
    4.06792,
    4.07295,
    4.07402,
    4.08694,
    4.08484,
    4.06342,
    4.0591,
    4.06245,
    4.0633,
    4.06648,
    4.04597,
    4.03885,
    4.0336,
    4.03037,
    4.03822,
    4.03794,
    4.03264,
    4.0281,
    4.02136,
    4.01898,
    3.98656,
    3.9844,
    3.98444,
    3.98436,
    4.00087,
    3.99715,
    3.99695,
    3.99878,
    4.00739,
    4.00965,
    4.00992,
    4.01245,
    4.00931,
    4.01631,
    4.02055,
    4.02187,
    4.00834,
    4.00435,
    4.0092,
    4.01295,
    4.01207,
    3.99498,
    3.99252,
    3.98985,
    3.98826,
    3.98375,
    3.99635,
    4.01658,
    4.0287,
    4.0295,
    4.03325,
    4.00853,
    4.0026,
    4.0055,
    4.00273,
    4.00095,
    3.9953,
    3.99984,
    4.0045,
    4.00835,
    4.0102,
    4.0264,
    4.04445,
    4.0495,
    4.04784,
    4.05044,
    4.0499,
    4.05895,
    4.0573,
    4.06525,
    4.06395,
    4.07005,
    4.07925,
    4.0687,
    4.07495,
    4.0717,
    4.0706,
    4.06375,
    4.03902,
    4.01675,
    4.02575,
    4.02604,
    4.03061,
    4.02185,
    4.02574,
    4.02115,
    4.02685,
    4.02876,
    4.03868,
    4.0727,
    4.07036,
    4.07305,
    4.06863,
    4.05915,
    4.06585,
    4.06824,
    4.07115,
    4.06795,
    4.0519,
    4.03862,
    4.0496,
    4.0462,
    4.04593,
    4.05055,
    4.0537,
    4.05726,
    4.05165,
    4.0703,
    4.07436,
    4.0789,
    4.08025,
    4.07858,
    4.0892,
    4.08333,
    4.09209,
    4.08983,
    4.09092,
    4.09052,
    4.08794,
    4.0942,
    4.08712,
    4.05184,
    4.04305,
    4.04705,
    4.04596,
    4.04495,
    4.04288,
    4.0481,
    4.0607,
    4.04018,
    4.01362,
    4.02909,
    4.0248,
    4.02744,
    4.02739,
    4.02425,
    4.02976,
    4.01955,
    4.02162,
    4.018,
    3.99404,
    3.99664,
    3.98708,
    3.98744,
    3.99667,
    4.00258,
    4.00925,
    4.01222,
    4.00576,
    4.01327,
    4.0094,
    4.00778,
    3.99794,
    4.00486,
    4.00798,
    4.0076,
    4.00954,
    3.99599,
    3.99128,
    3.99006,
    3.98902,
    3.98345,
    3.98445,
    3.99535,
    3.99122,
    3.98895,
    3.99132,
    3.98594,
    3.98459,
    3.98852,
    3.99558,
    3.99501,
    3.99134,
    3.98994,
    3.99328,
    4.00336,
    4.00471,
    3.99922,
    4.00957,
    4.01284,
    4.0213,
    4.01991,
    4.01984,
    4.01034,
    4.00852,
    4.01519,
    4.01741,
    4.01933,
    4.01765,
    4.02764,
    4.03,
    4.02795,
    4.02738,
    4.02816,
    4.02403,
    4.02881,
    4.02856,
    4.02597,
    4.02102,
    4.01606,
    4.00888,
    4.00894,
    4.00937,
    4.00238,
    4.0047,
    3.9823,
    3.983,
    3.98858,
    3.98795,
    3.98978,
    3.98862,
    3.98705,
    3.9875,
    3.9845,
    3.98838,
    3.99185,
    3.98855,
    4.00067,
    4.01055,
    4.03774,
    4.03467,
    4.03824,
    4.03805,
    4.04325,
    4.04405,
    4.04637,
    4.0408,
    4.04313,
    4.0428,
    4.04392,
    4.04497,
    4.0318,
    4.02785,
    4.03018,
    4.02872,
    4.0087,
    4.0024,
    3.9956,
    3.99253,
    3.99345,
    3.99805,
    4.00075,
    4.00366,
    4.00641,
    3.9981,
    4.0132,
    4.03174,
    4.04329,
    4.0415,
    4.04155,
    4.0143,
    4.0054,
    4.0222,
    4.0258,
    4.01856,
    4.02155,
    4.0316,
    4.03426
  ],
  "Daily": [
    0
  ],
  "Weekly": [
    0,
    3.82041,
    3.86096,
    3.86186,
    3.97712,
    3.93848,
    3.9807,
    3.96473,
    3.9718,
    3.93364,
    3.86592,
    3.92238,
    3.99667,
    4.10884,
    4.08064,
    3.95194,
    3.90702,
    3.92822,
    3.92534,
    3.85039,
    3.8875,
    3.90004,
    3.93921,
    3.86224,
    3.89125,
    3.91334,
    3.96166,
    3.99402,
    3.97638,
    3.89912,
    3.85901,
    3.8283,
    3.87212,
    3.86406,
    3.86331,
    3.83321,
    3.82112,
    3.82285,
    3.93078,
    3.94826,
    3.88494,
    4.07198,
    4.08196,
    4.05244,
    3.98929,
    4.03623,
    4.08291,
    4.0527,
    4.06388,
    3.98828,
    3.9473,
    3.97158,
    3.98794,
    3.97408,
    3.88021,
    3.82703,
    3.8541,
    3.82624,
    3.82602,
    3.82492,
    3.82955,
    3.83414,
    3.83966,
    3.877,
    3.86042,
    3.91175,
    3.92549,
    3.93426,
    3.90363,
    3.97001,
    3.93567,
    3.898,
    3.83277,
    3.86116,
    3.87124,
    3.86855,
    3.8989,
    3.86642,
    3.83781,
    3.84192,
    3.82277,
    3.86104,
    3.87254,
    3.904,
    3.92345,
    3.92668,
    3.9401,
    4.07257,
    4.00566,
    3.92934,
    3.94876,
    3.98299,
    3.9669,
    3.95272,
    3.91693,
    3.84424,
    3.88116,
    3.85494,
    3.8498,
    3.8338,
    3.876,
    3.91892,
    3.82785,
    3.8819,
    3.88625,
    3.84815,
    3.88675,
    3.87125,
    3.87915,
    3.84765,
    3.91396,
    3.9289,
    3.94496,
    3.93815,
    3.94955,
    3.9896,
    3.97456,
    4.05335,
    4.06464,
    4.0808,
    4.07828,
    4.0335,
    4.00095,
    3.97475,
    3.99606,
    3.98765,
    4.0277,
    3.99935,
    4.10158,
    4.08225,
    4.07325,
    4.0639,
    4.0591,
    3.96418,
    4.00965,
    4.0055,
    4.02575,
    4.05055,
    4.1012,
    4.01955,
    3.99788,
    3.97526,
    3.97755,
    3.936,
    3.93654,
    3.97445,
    3.97995,
    3.9956
  ]
}