{
  "Fifteen_Min": [
    0,
    0,
    0
  ],
  "Thirty_Min": [
    0,
    0,
    0
  ],
  "One_Hour": [
    0,
    0,
    0
  ],
  "Two_Hour": [
    0,
    0,
    0
  ],
  "Four_Hour": [
    0,
    7.81958,
    7.82165,
    7.81684,
    7.81704,
    7.81768,
    7.81637,
    7.81714,
    7.81824,
    7.81442,
    7.81582,
    7.8174,
    7.81644,
    7.81376,
    7.81381,
    7.81838,
    7.81818,
    7.81812,
    7.81672,
    7.81752,
    7.81468,
    7.8165,
    7.81916,
    7.81765,
    7.8172,
    7.82062,
    7.81464,
    7.81574,
    7.81653,
    7.82077,
    7.82098,
    7.82132,
    7.82178,
    7.82118,
    7.81893,
    7.82101,
    7.82156,
    7.81956,
    7.8182,
    7.81575,
    7.81734,
    7.81585,
    7.81659,
    7.81525,
    7.8206,
    7.82122,
    7.81901,
    7.81762,
    7.81636,
    7.82066,
    7.82164,
    7.81963,
    7.8217,
    7.82064,
    7.81609,
    7.81686,
    7.8151,
    7.81407,
    7.81396,
    7.8138,
    7.81388,
    7.81412,
    7.81425,
    7.8146,
    7.81394,
    7.8164,
    7.81722,
    7.81716,
    7.81746,
    7.81713,
    7.81418,
    7.81533,
    7.81786,
    7.81966,
    7.82082,
    7.81948,
    7.81792,
    7.81616,
    7.81618,
    7.8187,
    7.81931,
    7.81742,
    7.81521,
    7.81724,
    7.81584,
    7.81649,
    7.82065,
    7.81979,
    7.82084,
    7.82172,
    7.82016,
    7.81866,
    7.81822,
    7.8159,
    7.81694,
    7.81678,
    7.81962,
    7.8201,
    7.82092,
    7.82116,
    7.82145,
    7.82102,
    7.82104,
    7.81766,
    7.81922,
    7.82029,
    7.82052,
    7.81638,
    7.8157,
    7.8156,
    7.8166,
    7.81624,
    7.81921,
    7.8202,
    7.82142,
    7.82042,
    7.82026,
    7.82136,
    7.82072,
    7.8194,
    7.81959,
    7.81946,
    7.81924,
    7.81938,
    7.8198,
    7.81937,
    7.82108,
    7.8193,
    7.81759,
    7.81661,
    7.81667,
    7.81902,
    7.8218,
    7.8213,
    7.82169,
    7.82188,
    7.82196,
    7.82192,
    7.8208,
    7.81978,
    7.82138,
    7.82186,
    7.82158,
    7.82168,
    7.82074,
    7.8204,
    7.82044,
    7.82144,
    7.8197,
    7.82113,
    7.82034,
    7.81936,
    7.81747,
    7.81676,
    7.81471,
    7.81422,
    7.8141,
    7.81444,
    7.81557,
    7.8155,
    7.81596,
    7.81524,
    7.81586,
    7.81781,
    7.81508,
    7.81542,
    7.81423,
    7.81478,
    7.81426,
    7.81517,
    7.81398,
    7.81506,
    7.81554,
    7.81656,
    7.81945,
    7.81806,
    7.81858,
    7.81868,
    7.81774,
    7.81696,
    7.81833,
    7.82106,
    7.81926,
    7.819,
    7.82126,
    7.82114,
    7.82105,
    7.82059,
    7.81894,
    7.82055,
    7.8192,
    7.81815,
    7.81727,
    7.8163,
    7.81775,
    7.81848,
    7.81854,
    7.82181,
    7.82153,
    7.82184,
    7.81874,
    7.81807,
    7.81852,
    7.81846,
    7.81731,
    7.81753,
    7.81754,
    7.81804,
    7.81523,
    7.81534,
    7.81434,
    7.81473,
    7.81484,
    7.81614,
    7.81735,
    7.81771,
    7.8181,
    7.81934,
    7.81784,
    7.8178,
    7.81816,
    7.81982,
    7.81912,
    7.81986,
    7.81923,
    7.81862,
    7.81935,
    7.81974,
    7.82182,
    7.82161,
    7.82155,
    7.82174,
    7.81997,
    7.81887,
    7.81918,
    7.82112,
    7.82128,
    7.82076,
    7.82018,
    7.82001,
    7.81662,
    7.81801,
    7.81856
  ],
  "Daily": [
    0,
    7.81802,
    7.81746,
    7.81199,
    7.81271,
    7.81322,
    7.81672,
    7.81716,
    7.81925,
    7.81974,
    7.81508,
    7.81776,
    7.81904,
    7.8213,
    7.8217,
    7.81815,
    7.81326,
    7.81324,
    7.81276,
    7.81314,
    7.8167,
    7.81174,
    7.81222,
    7.81191,
    7.81192,
    7.81336,
    7.81562,
    7.81592,
    7.81853,
    7.8178,
    7.81421,
    7.81491,
    7.81662,
    7.8168,
    7.81871,
    7.82094,
    7.82084,
    7.81828,
    7.81698,
    7.81648,
    7.81836,
    7.81834,
    7.81753,
    7.81768,
    7.81748,
    7.8207,
    7.8196,
    7.82031,
    7.8186,
    7.81796,
    7.81935,
    7.82023,
    7.82108,
    7.81257,
    7.81323,
    7.81582,
    7.81706,
    7.82152,
    7.81551,
    7.81287,
    7.81581,
    7.81557,
    7.81584,
    7.81308,
    7.8129,
    7.81334,
    7.81286,
    7.81912,
    7.8137,
    7.81431,
    7.81414,
    7.81213,
    7.8133,
    7.81858,
    7.8174,
    7.81452,
    7.81636,
    7.8147,
    7.81885,
    7.82138,
    7.82148,
    7.81888,
    7.82028,
    7.81532,
    7.81272,
    7.81621,
    7.81386,
    7.8193,
    7.81851,
    7.81948,
    7.81973,
    7.81892,
    7.81958,
    7.82165,
    7.81704,
    7.81376,
    7.81328,
    7.8172,
    7.81653,
    7.82118,
    7.81956,
    7.81659,
    7.81396,
    7.81425,
    7.81407,
    7.81269,
    7.81185,
    7.81412,
    7.8194,
    7.81722,
    7.81979,
    7.81822,
    7.82092,
    7.82104,
    7.82052,
    7.8166,
    7.82156,
    7.82072,
    7.81922,
    7.8198,
    7.81661,
    7.82098,
    7.82169,
    7.8204,
    7.82136,
    7.81962,
    7.81471,
    7.81422,
    7.81596,
    7.81303,
    7.81178,
    7.81656,
    7.81959,
    7.81774,
    7.82106,
    7.82105,
    7.82055,
    7.81727,
    7.81742,
    7.81846,
    7.81837,
    7.81473,
    7.81398,
    7.81771,
    7.81986,
    7.82144,
    7.82155,
    7.81918,
    7.82112
  ],
  "Weekly": [
    0
  ]
}