{
  "Fifteen_Min": [
    0,
    0,
    0
  ],
  "Thirty_Min": [
    0,
    0,
    0
  ],
  "One_Hour": [
    0,
    0,
    0
  ],
  "Two_Hour": [
    0,
    0,
    0
  ],
  "Four_Hour": [
    0,
    10.55736,
    10.5368,
    10.49864,
    10.5294,
    10.52456,
    10.533,
    10.5141,
    10.55372,
    10.5586,
    10.57815,
    10.56754,
    10.54808,
    10.57665,
    10.5774,
    10.57156,
    10.58088,
    10.51969,
    10.554,
    10.5949,
    10.57866,
    10.58378,
    10.56995,
    10.57065,
    10.50572,
    10.48646,
    10.47376,
    10.4702,
    10.464,
    10.51108,
    10.50095,
    10.52165,
    10.53176,
    10.53933,
    10.54737,
    10.58955,
    10.5863,
    10.58446,
    10.57615,
    10.54967,
    10.58788,
    10.58855,
    10.59394,
    10.53023,
    10.52582,
    10.586,
    10.59375,
    10.44557,
    10.47857,
    10.4719,
    10.47613,
    10.48315,
    10.44876,
    10.58034,
    10.57435,
    10.48742,
    10.4491,
    10.47116,
    10.49655,
    10.4752,
    10.49132,
    10.4649,
    10.46245,
    10.48768,
    10.48325,
    10.50495,
    10.51035,
    10.5421,
    10.5967,
    10.59454,
    10.58762,
    10.5407,
    10.4952,
    10.46544,
    10.49535,
    10.51534,
    10.53365,
    10.49555,
    10.52038,
    10.54999,
    10.57346,
    10.57025,
    10.56545,
    10.5503,
    10.55702,
    10.49945,
    10.4715,
    10.4482,
    10.4658,
    10.47272,
    10.46412,
    10.46735,
    10.4614,
    10.486,
    10.51965,
    10.47251,
    10.46665,
    10.4641,
    10.46465,
    10.46543,
    10.4651,
    10.4607,
    10.4502,
    10.4608,
    10.46,
    10.45514,
    10.46042,
    10.4602,
    10.44827,
    10.46246,
    10.45622,
    10.46452,
    10.46754,
    10.4708,
    10.45215,
    10.54244,
    10.55921,
    10.56319,
    10.5527,
    10.5605,
    10.53765,
    10.52075,
    10.50175,
    10.5085,
    10.49984,
    10.5104,
    10.51162,
    10.5412,
    10.51902,
    10.50075,
    10.4823,
    10.47896,
    10.45512,
    10.47645,
    10.45675,
    10.46625,
    10.46707,
    10.46106,
    10.46355,
    10.4553,
    10.4954,
    10.52288,
    10.53835,
    10.56275,
    10.5506,
    10.59575,
    10.57996,
    10.53658,
    10.57274,
    10.5722,
    10.56445,
    10.5325,
    10.57495,
    10.57982,
    10.57546,
    10.55792,
    10.46858,
    10.46675,
    10.47768,
    10.45084,
    10.44818,
    10.4442,
    10.47538,
    10.49818,
    10.52012,
    10.47198,
    10.4516,
    10.46926,
    10.4507,
    10.44442,
    10.50418,
    10.51092,
    10.4868,
    10.48356,
    10.45295,
    10.44435,
    10.4643,
    10.46227,
    10.48466,
    10.52745,
    10.50825,
    10.49245,
    10.4841,
    10.47775,
    10.4565,
    10.45932,
    10.47517,
    10.4512,
    10.45284,
    10.44346,
    10.45064,
    10.49902,
    10.54906,
    10.51912,
    10.47831,
    10.47115,
    10.47005,
    10.4583,
    10.58664,
    10.59096,
    10.54529,
    10.56546,
    10.5091,
    10.5125,
    10.45052,
    10.46755,
    10.48518,
    10.51191,
    10.48814,
    10.49816,
    10.44904,
    10.45835,
    10.47911,
    10.48305,
    10.46821,
    10.53073,
    10.5228,
    10.4984,
    10.4972,
    10.44746,
    10.45996,
    10.44835,
    10.44411,
    10.45112,
    10.44825,
    10.4577,
    10.49296,
    10.5484,
    10.56795,
    10.56085,
    10.5337,
    10.53348,
    10.50982,
    10.52664,
    10.50415,
    10.51295,
    10.51387,
    10.5266,
    10.562,
    10.55345,
    10.56982,
    10.58165,
    10.54725,
    10.47246,
    10.52198,
    10.50636,
    10.5244,
    10.51176,
    10.5185,
    10.54785,
    10.54353,
    10.50875,
    10.49484,
    10.50448,
    10.5265,
    10.52843,
    10.5429,
    10.59476,
    10.58182,
    10.54545,
    10.5816,
    10.57865,
    10.58462,
    10.58755,
    10.59204,
    10.5821,
    10.57446,
    10.59594,
    10.59275,
    10.59553,
    10.59006,
    10.56985,
    10.56111,
    10.52149,
    10.55365,
    10.57679,
    10.55888,
    10.54656,
    10.58965,
    10.58631,
    10.5848,
    10.56715,
    10.56734,
    10.54062,
    10.52245,
    10.5218,
    10.4928,
    10.4679,
    10.45946,
    10.4515,
    10.4562,
    10.46668,
    10.46086,
    10.47075,
    10.46752,
    10.4716,
    10.4793,
    10.45399,
    10.4831,
    10.48734,
    10.48686,
    10.49711,
    10.49204,
    10.4926,
    10.451,
    10.46795,
    10.46032,
    10.45934,
    10.44614,
    10.48475,
    10.46961,
    10.4726,
    10.4467,
    10.47956,
    10.47715,
    10.46888,
    10.46382,
    10.45568,
    10.47696,
    10.47422,
    10.4563,
    10.47622,
    10.4692,
    10.48134,
    10.46312,
    10.48086,
    10.49005,
    10.48464,
    10.47611,
    10.46135,
    10.46441,
    10.45345,
    10.44375,
    10.45612,
    10.45045,
    10.46762,
    10.4462,
    10.44645,
    10.47575,
    10.48572,
    10.47973,
    10.46161,
    10.47425,
    10.47,
    10.44995,
    10.4596,
    10.4528,
    10.4871,
    10.4843,
    10.4818,
    10.44489,
    10.44617,
    10.44465,
    10.45164,
    10.45394,
    10.48144,
    10.47701,
    10.50216,
    10.4986,
    10.518,
    10.50823,
    10.55705,
    10.58929,
    10.57356,
    10.52192,
    10.50485,
    10.4859,
    10.48788,
    10.48265,
    10.4727,
    10.48251,
    10.47466,
    10.47185,
    10.45849,
    10.47925,
    10.47562,
    10.4734,
    10.46252,
    10.45903,
    10.45335,
    10.44655,
    10.55405,
    10.58252,
    10.57902,
    10.56878,
    10.57426,
    10.57385
  ],