{
  "Fifteen_Min": [
    0,
    0,
    0
  ],
  "Thirty_Min": [
    0,
    0,
    0
  ],
  "One_Hour": [
    0,
    0,
    0
  ],
  "Two_Hour": [
    0,
    0,
    0
  ],
  "Four_Hour": [
    0,
    18.8563,
    18.8508,
    18.86494,
    18.89074,
    19.17178,
    19.1871,
    19.19252,
    19.17468,
    19.18275,
    19.1227,
    19.07355,
    19.04172,
    19.02865,
    19.02338,
    19.03634,
    19.08638,
    19.0238,
    19.0731,
    19.0752,
    19.08609,
    19.19902,
    19.20868,
    19.2036,
    19.21,
    19.19188,
    19.20062,
    19.19134,
    19.20405,
    19.1959,
    19.099,
    19.06253,
    19.1041,
    19.09826,
    18.92675,
    18.89532,
    18.86044,
    18.88242,
    18.86899,
    19.00888,
    19.10445,
    19.09901,
    19.08217,
    19.09795,
    19.06746,
    18.86975,
    18.87063,
    18.91386,
    18.91734,
    18.9278,
    18.93692,
    18.9047,
    18.89216,
    18.99403,
    18.97965,
    18.98668,
    18.97592,
    18.8597,
    18.84902,
    18.8952,
    18.94386,
    18.9556,
    18.9909,
    19.02305,
    18.9589,
    19.04165,
    19.01796,
    19.08594,
    19.07125,
    19.1967,
    19.13818,
    19.15655,
    19.14885,
    19.05154,
    19.17201,
    19.14258,
    19.1795,
    19.17909,
    19.1726,
    19.03197,
    19.118,
    19.07176,
    19.05862,
    19.0871,
    19.08003,
    18.96276,
    18.9888,
    18.9693,
    18.99792,
    18.98628,
    18.991,
    18.9644,
    18.9817,
    18.95805,
    18.86955,
    18.8761,
    18.84877,
    18.85172,
    19.00328,
    19.09168,
    19.12866,
    19.12888,
    19.15169,
    19.1286,
    19.18564,
    19.19061,
    19.16262,
    19.1928,
    19.11736,
    19.1886,
    19.17905,
    19.14511,
    19.13792,
    19.09258,
    19.07737,
    19.124,
    19.09625,
    19.00447,
    18.91772,
    18.883,
    18.86462,
    18.87622,
    18.88649,
    18.89034,
    18.93426,
    18.9135,
    18.91488,
    18.91538,
    18.86132,
    18.85292,
    18.94286,
    18.99702,
    19.0351,
    19.05366,
    18.99205,
    19.0546,
    19.01275,
    18.97784,
    18.95465,
    18.9543,
    19.02228,
    19.01442,
    19.01308,
    19.00132,
    18.959,
    18.938,
    18.92504,
    18.92554,
    18.91611,
    18.93846,
    18.86105,
    18.90905,
    18.936,
    18.88552,
    18.96116,
    18.9198,
    18.96286,
    18.91148,
    18.85254,
    18.92114,
    18.97033,
    19.06172,
    19.07645,
    19.0872,
    19.0695,
    19.11676,
    19.20605,
    19.1965,
    19.18312,
    19.14022,
    19.00942,
    18.98011,
    18.94794,
    18.89516,
    18.92355,
    18.91076,
    18.94276,
    18.9955,
    19.1568,
    19.20795,
    19.1812,
    19.13008,
    19.04736,
    19.0197,
    19.00908,
    18.91316,
    18.88164,
    18.85159,
    18.87641,
    18.96365,
    18.99764,
    19.00217,
    18.99332,
    18.87141,
    18.99245,
    18.99913,
    18.96602,
    18.90023,
    18.86963,
    18.98525,
    18.99447,
    19.02918,
    19.07106,
    18.9635,
    19.0205,
    19.01412,
    19.07749,
    18.98932,
    18.983,
    19.03482,
    19.05455,
    18.96016,
    18.91599,
    18.9578,
    18.94411,
    18.90964,
    19.0022,
    19.03475,
    19.04852,
    19.02636,
    19.00652,
    19.14505,
    19.10251,
    19.1376,
    19.15794,
    19.15897,
    18.9949,
    19.01126,
    18.96282,
    18.9447,
    18.91676,
    18.89217,
    18.85467,
    18.85124,
    18.86165,
    18.91693,
    18.86728,
    18.859,
    18.9003,
    18.95456,
    18.94348,
    18.93209,
    18.85749,
    18.94312,
    18.96836,
    18.96634,
    18.85402,
    18.8907,
    18.8783,
    18.9787,
    18.9708,
    19.00714,
    19.00775,
    19.09418,
    19.03754,
    19.0857,
    19.06102,
    19.02534,
    18.94366,
    18.98612,
    18.93456,
    18.95954,
    18.97216,
    19.024,
    19.05467,
    18.88255,
    18.90056,
    18.9707,
    18.96256,
    19.01753,
    19.06242,
    19.06626,
    19.03435,
    19.01172,
    19.01692,
    18.93197,
    18.96916,
    18.9396,
    18.91559,
    18.95295,
    18.96066,
    19.01506,
    19.01235,
    19.04214,
    19.06265,
    19.1665,
    19.16046,
    19.18005,
    19.17362,
    19.1016,
    19.09996,
    19.01534,
    19.07881,
    19.0399,
    19.0365,
    19.02323,
    18.90055,
    18.90554,
    18.86752,
    18.86364,
    18.87025,
    18.86226,
    18.87507,
    18.90395,
    18.91,
    18.92436,
    18.98726,
    19.02787,
    19.04127,
    19.05257,
    18.99889,
    18.96136,
    18.96014,
    18.84911,
    18.89279,
    18.89615,
    18.88735,
    18.89936,
    18.92572,
    18.97362,
    18.9573,
    18.95736,
    18.96738,
    19.02826,
    18.989,
    19.0343
  ],
  "Daily": [
    0,
    18.467,
    18.66257,
    18.70166,
    18.79318,
    18.84139,
    18.96993,
    19.02344,
    19.06579,
    18.77922,
    18.66758,
    18.5256,
    18.57119,
    18.51456,
    18.58983,
    18.4518,
    18.49432,
    18.45127,
    18.59515,
    18.57148,
    18.51588,
    18.6264,
    18.8563,
    19.1871,
    19.02865,
    19.0731,
    19.2617,
    19.33982,
    19.2311,
    19.21,
    19.2572,
    19.2642,
    19.20405,
    19.1041,
    18.83755,
    18.70855,
    18.57185,
    18.62754,
    18.52331,
    18.66644,
    18.52154,
    18.65096,
    18.76532,
    18.79425,
    18.66572,
    18.7884,
    18.86975,
    18.788,
    18.4905,
    18.46945,
    18.6822,
    18.45595,
    18.70335,
    18.9278,
    18.87036,
    18.9556,
    19.08665,
    19.15655,
    19.07176,
    18.9888,
    18.9644,
    18.7989,
    18.469,
    18.61969,
    18.59094,
    18.47825,
    18.6865,
    18.86955,
    18.8448,
    19.12866,
    19.1928,
    19.17905,
    19.124,
    18.87622,
    18.9135,
    18.81586,
    18.97784,
    19.01308,
    18.92554,
    18.86105,
    18.76305,
    18.77978,
    19.07645,
    18.98011,
    18.92355,
    19.22274,
    19.32725,
    19.3295,
    19.3161,
    19.3393,
    19.0197,
    18.8348,
    18.99245,
    18.77724,
    18.78995,
    18.98525,
    18.983,
    18.9578,
    19.04852,
    18.96282,
    18.86355,
    18.8411,
    18.6482,
    18.52165,
    18.47021,
    18.66255,
    18.7207,
    18.62792,
    18.8151,
    18.77726,
    18.66032,
    18.60169,
    18.7541,
    18.63271,
    18.80828,
    18.96245,
    18.96836,
    18.7664,
    18.9708,
    18.93456,
    18.68175,
    18.53125,
    18.56688,
    18.5819,
    18.69955,
    18.6692,
    18.59705,
    18.68983,
    18.6424,
    18.6569,
    18.68184,
    18.9707,
    18.9396,
    19.01235
  ],
  "Weekly": [
    0
  ]
}