{
  "Fifteen_Min": [
    0,
    0,
    0
  ],
  "Thirty_Min": [
    0,
    0,
    0
  ],
  "One_Hour": [
    0,
    0,
    0
  ],
  "Two_Hour": [
    0,
    0,
    0
  ],
  "Four_Hour": [
    0,
    7.2305,
    7.23214,
    7.2002,
    7.20554,
    7.19731,
    7.21733,
    7.21529,
    7.21734,
    7.19679,
    7.1955,
    7.20244,
    7.19708,
    7.21267,
    7.20572,
    7.22407,
    7.2264,
    7.21816,
    7.23748,
    7.24584,
    7.2431,
    7.25882,
    7.25205,
    7.24194,
    7.25523,
    7.26134,
    7.23172,
    7.22958,
    7.25916,
    7.22461,
    7.19888,
    7.22944,
    7.24107,
    7.25146,
    7.25098,
    7.25738,
    7.23562,
    7.2531,
    7.22083,
    7.21902,
    7.22822,
    7.23418,
    7.23116,
    7.2436,
    7.25886,
    7.26194,
    7.22889,
    7.23183,
    7.24849,
    7.25288,
    7.25228,
    7.25234,
    7.25538,
    7.19738,
    7.19573,
    7.20266,
    7.22682,
    7.20982,
    7.2218,
    7.23717,
    7.20872,
    7.19527,
    7.19676,
    7.21795,
    7.20776,
    7.21604,
    7.21222,
    7.22245,
    7.23702,
    7.23508,
    7.24224,
    7.24616,
    7.21876,
    7.22166,
    7.21519,
    7.22452,
    7.22605,
    7.2159,
    7.23478,
    7.25549,
    7.24291,
    7.24278,
    7.24742,
    7.25908,
    7.25504,
    7.26118,
    7.2509,
    7.25706,
    7.25591,
    7.25415,
    7.25546,
    7.24628,
    7.24122,
    7.22464,
    7.22675,
    7.2281,
    7.2313,
    7.22774,
    7.23876,
    7.25427,
    7.25332,
    7.26191,
    7.25914,
    7.26048,
    7.2564,
    7.25918,
    7.25501,
    7.25103,
    7.25376,
    7.24324,
    7.2458,
    7.23008,
    7.23285,
    7.231,
    7.24168,
    7.24041,
    7.23101,
    7.22963,
    7.22579,
    7.20299,
    7.2105,
    7.2143,
    7.21398,
    7.20479,
    7.21747,
    7.23078,
    7.23252,
    7.23006,
    7.2156,
    7.19564,
    7.19546,
    7.20194,
    7.20385,
    7.19743,
    7.19799,
    7.1987,
    7.20396,
    7.20352,
    7.20768,
    7.22078,
    7.22193,
    7.23818,
    7.23712,
    7.22218,
    7.22388,
    7.22751,
    7.22254,
    7.2269,
    7.22082,
    7.21692,
    7.23788,
    7.23852,
    7.2386,
    7.24666,
    7.25902,
    7.25948,
    7.26054,
    7.2517,
    7.25144,
    7.25062,
    7.24694,
    7.25589,
    7.25226,
    7.25921,
    7.25859,
    7.25449,
    7.245,
    7.24727,
    7.2492,
    7.23763,
    7.21799,
    7.20922,
    7.19516,
    7.19664,
    7.1976,
    7.2134,
    7.21766,
    7.219,
    7.21094,
    7.21826,
    7.2238,
    7.22192,
    7.21282,
    7.21602,
    7.21276,
    7.21873,
    7.21569,
    7.20928,
    7.214,
    7.20158,
    7.20268,
    7.20306,
    7.20314,
    7.2028,
    7.2026,
    7.2031,
    7.2131,
    7.21492,
    7.21038,
    7.21128,
    7.21952,
    7.22093,
    7.22022,
    7.21304,
    7.2011,
    7.20094,
    7.20238,
    7.20025,
    7.20725,
    7.2113,
    7.21291,
    7.20502,
    7.21192,
    7.21592,
    7.21558,
    7.21178,
    7.21564,
    7.21532,
    7.21581,
    7.2197,
    7.22098,
    7.21802,
    7.21712,
    7.21314,
    7.21549,
    7.21746,
    7.21936,
    7.2144,
    7.22884
  ],
  "Daily": [
    0,
    7.13514,
    7.13506,
    7.16693,
    7.16741,
    7.14375,
    7.16183,
    7.16189,
    7.17823,
    7.14656,
    7.13791,
    7.10569,
    7.10811,
    7.10928,
    7.10832,
    7.10266,
    7.12101,
    7.10979,
    7.10654,
    7.1285,
    7.12451,
    7.13831,
    7.13862,
    7.14113,
    7.12842,
    7.11236,
    7.11227,
    7.13441,
    7.13826,
    7.10397,
    7.12642,
    7.11996,
    7.11456,
    7.11177,
    7.10712,
    7.10094,
    7.1304,
    7.1215,
    7.12964,
    7.10734,
    7.10797,
    7.11176,
    7.11118,
    7.11882,
    7.11753,
    7.10698,
    7.13314,
    7.14819,
    7.14615,
    7.16983,
    7.13356,
    7.12627,
    7.10678,
    7.1187,
    7.10823,
    7.13412,
    7.17369,
    7.16146,
    7.14123,
    7.10268,
    7.13065,
    7.15469,
    7.16886,
    7.17469,
    7.1774,
    7.21733,
    7.20776,
    7.18656,
    7.17488,
    7.152,
    7.10843,
    7.14911,
    7.12252,
    7.13799,
    7.15257,
    7.1691,
    7.19366,
    7.14472,
    7.10482,
    7.11023,
    7.1181,
    7.12862,
    7.14425,
    7.15583,
    7.17441,
    7.12072,
    7.12828,
    7.16424,
    7.18182,
    7.17797,
    7.19478,
    7.21604,
    7.21398,
    7.16742,
    7.15003,
    7.15646,
    7.17917,
    7.19441,
    7.1748,
    7.18744,
    7.18521,
    7.1367,
    7.15037,
    7.15042,
    7.1471,
    7.18494,
    7.17942,
    7.18794,
    7.20352,
    7.21799,
    7.16383,
    7.14312,
    7.14892,
    7.14768,
    7.13222,
    7.14282,
    7.14611,
    7.12434,
    7.14785,
    7.17318,
    7.17436,
    7.16565,
    7.18554,
    7.1929,
    7.13588,
    7.125,
    7.13598,
    7.14378,
    7.12464,
    7.15086,
    7.14152,
    7.13986,
    7.1523,
    7.11884,
    7.12523,
    7.15054,
    7.1651,
    7.1665,
    7.16218,
    7.18434,
    7.17487,
    7.19134,
    7.1844,
    7.219,
    7.21569,
    7.20314,
    7.19436
  ],
  "Weekly": [
    0,
    7.13514,
    7.12101,
    7.13402,
    7.13356,
    7.13412,
    7.14123,
    7.13065,
    7.21733,
    7.22958,
    7.17488,
    7.12252,
    7.14425,
    7.12828,
    7.21604,
    7.23285,
    7.15646,
    7.18744,
    7.15042,
    7.18794,
    7.21799,
    7.14768,
    7.12434,
    7.13598,
    7.15592,
    7.12523,
    7.1665,
    7.19134
  ]
}