{
  "Fifteen_Min": [
    0
  ],
  "Thirty_Min": [
    0,
    0,
    0
  ],
  "One_Hour": [
    0,
    0,
    0
  ],
  "Two_Hour": [
    0,
    0,
    0
  ],
  "Four_Hour": [
    0,
    23.05785,
    23.0257,
    23.0425,
    23.06725,
    23.0448,
    23.01855,
    22.96515,
    22.968,
    23.022,
    23.0515,
    23.0378,
    23.0667,
    23.04015,
    22.9961,
    23.05975,
    23.04965,
    23.03775,
    22.8263,
    22.8958,
    22.85935,
    22.84145,
    22.77795,
    22.811,
    22.77695,
    22.7206,
    22.7589,
    22.76755,
    22.8624,
    22.77685,
    22.8189,
    22.79775,
    22.78865,
    22.85815,
    22.80675,
    22.8648,
    22.83115,
    22.82735,
    22.83,
    22.8464,
    22.8068,
    22.8668,
    22.86395,
    22.76305,
    22.77975,
    22.779,
    22.772,
    22.78025,
    22.80975,
    22.76665,
    22.8013,
    22.75875,
    22.72735,
    22.7215,
    22.81445,
    22.8489,
    22.8374,
    22.83495,
    22.82055,
    22.7894,
    22.79015,
    22.72005,
    22.71175,
    22.71825,
    22.8022,
    22.8018,
    22.7903,
    22.7842,
    22.78545,
    22.781,
    22.78845,
    22.78725,
    22.7935,
    22.7024,
    22.6798,
    22.64745,
    22.6934,
    22.6925,
    22.6634,
    22.6343,
    22.6321,
    22.62455,
    22.65925,
    22.664,
    22.65495,
    22.84025,
    22.81925,
    22.81565,
    22.7758,
    22.767,
    22.67285,
    22.5972,
    22.6093,
    22.60065,
    22.7667,
    22.8564,
    22.8701,
    22.86045,
    22.87995,
    22.77985,
    22.676,
    22.75265,
    22.7501,
    22.71115,
    22.59875,
    22.6652,
    22.6201,
    22.593,
    22.595,
    22.63545,
    22.63325,
    22.6578,
    22.66475,
    22.75205,
    22.77745,
    22.77525,
    22.74305,
    22.7187,
    22.726,
    22.76795,
    22.7991,
    22.78695,
    22.72945,
    22.77395,
    22.8175,
    22.8174,
    22.84575,
    22.8542,
    22.95595,
    22.9019,
    22.83225,
    22.8203,
    22.7773,
    22.7705,
    22.71455,
    22.75505,
    22.74655,
    22.7307,
    22.775,
    22.88995,
    23.058,
    23.04485,
    23.0498,
    22.95315,
    23.00485,
    22.97005,
    23.02825,
    23.02715,
    22.96155,
    22.90465,
    22.82845,
    22.83785,
    22.8508,
    22.8671,
    22.86965,
    22.8468,
    22.87475,
    22.89835,
    22.88185,
    22.80245,
    22.80305,
    22.70655,
    22.8883,
    22.94465,
    22.9455,
    22.94335,
    22.93745,
    22.9397,
    22.9347,
    22.90695,
    22.88855,
    22.9145,
    22.91805,
    22.9391,
    22.9409,
    22.9634,
    22.94805,
    22.98905,
    22.995,
    22.97695,
    22.9983,
    23.00015,
    23.0561,
    23.0385,
    23.03015,
    22.9978,
    22.9782,
    22.9477,
    23.042,
    23.06975,
    23.0679,
    23.0512,
    23.0435,
    23.05905,
    23.0197,
    23.038,
    23.01755,
    23.0269,
    22.79675,
    22.71255,
    22.7498,
    22.7444,
    22.7329,
    22.6968,
    22.77015,
    22.8094,
    22.9063,
    22.9208,
    22.92595,
    23.0235,
    23.06445,
    23.0125,
    23.03555,
    23.04475,
    22.99305,
    22.9934,
    22.98665,
    23.00135,
    22.9337,
    22.8574,
    23.01,
    23.0074,
    22.93415,
    22.97405,
    22.9969,
    22.99625,
    23.02275,
    22.9691,
    22.9831,
    22.9834,
    22.69535,
    22.59205,
    22.66945,
    22.66455,
    22.68265,
    22.6825,
    22.60665,
    22.6267,
    22.68685,
    22.6865,
    22.6692,
    22.6406,
    22.6761,
    22.70335,
    22.70355,
    22.7098,
    22.71605,
    22.6463,
    22.5984,
    22.59995,
    22.6306,
    22.6878,
    22.7227,
    22.75155,
    22.7457,
    22.78075,
    22.77295,
    22.7529,
    22.7281,
    22.70165,
    22.70515,
    22.7451,
    22.82495,
    22.79795,
    22.7898,
    22.7956,
    22.7934,
    22.75825,
    22.73505,
    22.71595,
    22.7126,
    22.7377,
    22.7411,
    22.74105,
    22.7548,
    22.71995,
    22.7662,
    22.82405,
    22.91655,
    22.94065,
    22.92815,
    22.76085,
    22.7067,
    22.7526,
    22.84045,
    22.83975,
    22.7627,
    22.7651,
    22.7969,
    22.8059
  ],