{
  "Fifteen_Min": [
    0,
    0,
    0
  ],
  "Thirty_Min": [
    0,
    0,
    0
  ],
  "One_Hour": [
    0,
    0,
    0
  ],
  "Two_Hour": [
    0,
    0,
    0
  ],
  "Four_Hour": [
    0,
    10.47633,
    10.49678,
    10.508,
    10.51114,
    10.49996,
    10.49864,
    10.5141,
    10.50572,
    10.48646,
    10.47376,
    10.4702,
    10.464,
    10.41806,
    10.38176,
    10.4008,
    10.41175,
    10.37491,
    10.4045,
    10.38874,
    10.39031,
    10.411,
    10.42095,
    10.4198,
    10.51108,
    10.50095,
    10.44557,
    10.47857,
    10.4719,
    10.47613,
    10.48315,
    10.44876,
    10.48742,
    10.37325,
    10.40226,
    10.44294,
    10.42145,
    10.4491,
    10.47116,
    10.49655,
    10.4752,
    10.39338,
    10.42576,
    10.49132,
    10.4649,
    10.42648,
    10.46245,
    10.48768,
    10.48325,
    10.50495,
    10.51035,
    10.4952,
    10.46544,
    10.4357,
    10.4243,
    10.39654,
    10.4015,
    10.40255,
    10.40384,
    10.428,
    10.41302,
    10.4204,
    10.49535,
    10.3946,
    10.40495,
    10.51534,
    10.49555,
    10.49945,
    10.4715,
    10.4482,
    10.4658,
    10.4028,
    10.38486,
    10.36969,
    10.4151,
    10.41695,
    10.40915,
    10.41955,
    10.36514,
    10.38721,
    10.408,
    10.39075,
    10.38708,
    10.39645,
    10.36825,
    10.36985,
    10.38539,
    10.37323,
    10.39636,
    10.3964,
    10.38074,
    10.42368,
    10.42578,
    10.4253,
    10.42804,
    10.38664,
    10.423,
    10.39035,
    10.37849,
    10.43228,
    10.47272,
    10.46412,
    10.46735,
    10.4614,
    10.486,
    10.47251,
    10.46665,
    10.43826,
    10.4641,
    10.46465,
    10.46543,
    10.4651,
    10.4607,
    10.4222,
    10.4502,
    10.4608,
    10.46,
    10.45514,
    10.43301,
    10.46042,
    10.4602,
    10.44827,
    10.42845,
    10.41325,
    10.42303,
    10.43655,
    10.43904,
    10.46246,
    10.45622,
    10.46452,
    10.46754,
    10.4708,
    10.45215,
    10.50175,
    10.5085,
    10.49984,
    10.5104,
    10.51162,
    10.50075,
    10.4823,
    10.47896,
    10.43395,
    10.37429,
    10.40176,
    10.40124,
    10.39695,
    10.40185,
    10.43232,
    10.42349,
    10.42617,
    10.4055,
    10.45512,
    10.47645,
    10.45675,
    10.46625,
    10.37832,
    10.41305,
    10.4129,
    10.41415,
    10.43005,
    10.39776,
    10.394,
    10.3921,
    10.41455,
    10.4228,
    10.4206,
    10.4337,
    10.42912,
    10.40383,
    10.41644,
    10.41655,
    10.4097,
    10.3955,
    10.39395,
    10.3992,
    10.42595,
    10.46707,
    10.46106,
    10.46355,
    10.4553,
    10.43036,
    10.42414,
    10.41298,
    10.38235,
    10.3909,
    10.39575,
    10.36693,
    10.4954,
    10.39686,
    10.40046,
    10.40889,
    10.46858,
    10.46675,
    10.47768,
    10.45084,
    10.44818,
    10.38487,
    10.37724,
    10.37645,
    10.36745,
    10.40341,
    10.37747,
    10.42675,
    10.41995,
    10.40971,
    10.4011,
    10.42487,
    10.4442,
    10.47538,
    10.49818,
    10.47198,
    10.4516,
    10.46926,
    10.4507,
    10.40898,
    10.37406,
    10.37385,
    10.40288,
    10.39803,
    10.3907,
    10.42838,
    10.41882,
    10.43755,
    10.42114,
    10.42535,
    10.40842,
    10.44442,
    10.50418,
    10.51092,
    10.4868,
    10.48356,
    10.43984,
    10.41,
    10.3875,
    10.41715,
    10.41314,
    10.42335,
    10.42452,
    10.45295,
    10.44435,
    10.41266,
    10.4091,
    10.43564,
    10.4332,
    10.4643,
    10.46227,
    10.48466,
    10.50825,
    10.49245,
    10.4841,
    10.47775,
    10.4565,
    10.45932,
    10.47517,
    10.4512,
    10.45284,
    10.44346,
    10.45064,
    10.49902,
    10.47831,
    10.47115,
    10.47005,
    10.4583,
    10.40694,
    10.5091,
    10.5125,
    10.45052,
    10.46755,
    10.48518,
    10.51191,
    10.48814,
    10.49816,
    10.4149,
    10.37176,
    10.37075,
    10.3738,
    10.37416,
    10.42036,
    10.42607,
    10.42315,
    10.42192,
    10.39646,
    10.4042,
    10.39366,
    10.3776,
    10.40978,
    10.40486,
    10.3943,
    10.3994,
    10.36437,
    10.383,
    10.41624,
    10.38777,
    10.39025,
    10.38322,
    10.36456,
    10.3692,
    10.4159,
    10.41278,
    10.4269,
    10.4242,
    10.41822,
    10.42704,
    10.43382,
    10.4335,
    10.43386,
    10.44904,
    10.45835,
    10.47911,
    10.48305,
    10.46821,
    10.4984,
    10.4972,
    10.44746,
    10.45996,
    10.44835,
    10.44005,
    10.43602,
    10.39647,
    10.3886,
    10.38805,
    10.39,
    10.3714,
    10.38495,
    10.3672,
    10.40945,
    10.40204,
    10.44411,
    10.43747,
    10.45112,
    10.44825,
    10.4577,
    10.49296,
    10.50982,
    10.50415,
    10.51295,
    10.51387,
    10.37744,
    10.3809,
    10.36704,
    10.389,
    10.3836,
    10.3977,
    10.39808,
    10.39678,
    10.3958,
    10.40984,
    10.40665,
    10.40558,
    10.3867,
    10.39048,
    10.37478,
    10.3712,
    10.3797,
    10.42205,
    10.3991,
    10.3881,
    10.37155,
    10.42738,
    10.47246,
    10.50636,
    10.51176,
    10.50875,
    10.49484,
    10.50448,
    10.4928,
    10.4679,
    10.45946,
    10.4515,
    10.42503,
    10.41785,
    10.41838,
    10.4562,
    10.46668,
    10.46086,
    10.47075,
    10.46752,
    10.4716,
    10.4793,
    10.45399,
    10.43233,
    10.4831,
    10.48734,
    10.48686,
    10.49711,
    10.49204,
    10.4926,
    10.451,
    10.46795,
    10.46032,
    10.45934,
    10.40834,
    10.42867,
    10.42298,
    10.41352,
    10.42362,
    10.41048,
    10.44614,
    10.48475,
    10.46961,
    10.4726,
    10.43494,
    10.3782,
    10.3906,
    10.40466,
    10.40022,
    10.40656,
    10.43605,
    10.42887,
    10.4286,
    10.43892,
    10.4467,
    10.47956,
    10.47715,
    10.46888,
    10.46382,
    10.45568,
    10.47696,
    10.47422,
    10.4563,
    10.42678,
    10.3868,
    10.38815,
    10.38435,
    10.38941,
    10.41905,
    10.47622,
    10.4692,
    10.48134,
    10.46312,
    10.48086,
    10.49005,
    10.48464,
    10.47611,
    10.46135,
    10.46441,
    10.4404,
    10.43149,
    10.44209,
    10.45345,
    10.42942,
    10.37671,
    10.4137,
    10.41646,
    10.44375,
    10.43566,
    10.45612,
    10.45045,
    10.46762,
    10.4462,
    10.43474,
    10.44279,
    10.44645,
    10.47575,
    10.48572,
    10.47973,
    10.46161,
    10.47425,
    10.47,
    10.44995,
    10.4596,
    10.43135,
    10.43665,
    10.4528,
    10.42485,
    10.44164,
    10.43734,
    10.4871,
    10.4843,
    10.4818,
    10.4186,
    10.38625,
    10.41068,
    10.4395,
    10.44489,
    10.40582,
    10.42818,
    10.44194,
    10.44617
  ],