{
  "Fifteen_Min": [
    0,
    0,
    0
  ],
  "Thirty_Min": [
    0,
    0,
    0
  ],
  "One_Hour": [
    0,
    0,
    0
  ],
  "Two_Hour": [
    0,
    0,
    0
  ],
  "Four_Hour": [
    0,
    1.33991,
    1.34661,
    1.35015,
    1.34428,
    1.34258,
    1.34849,
    1.34881,
    1.34724,
    1.34936,
    1.35102,
    1.35156,
    1.34798,
    1.3489,
    1.34861,
    1.34969,
    1.3492,
    1.35009,
    1.34976,
    1.34954,
    1.33994,
    1.3427,
    1.34458,
    1.34448,
    1.3447,
    1.34478,
    1.34746,
    1.34011,
    1.34046,
    1.34078,
    1.34123,
    1.34391,
    1.34305,
    1.34506,
    1.34286,
    1.34328,
    1.34037,
    1.34062,
    1.34054,
    1.34577,
    1.34444,
    1.34456,
    1.34613,
    1.34316,
    1.34544,
    1.34228,
    1.34168,
    1.33987,
    1.34244,
    1.34158,
    1.343,
    1.34386,
    1.34344,
    1.34742,
    1.34102,
    1.3405,
    1.34188,
    1.34236,
    1.34968,
    1.35124,
    1.35142,
    1.34874,
    1.34771,
    1.34868,
    1.3497,
    1.35054,
    1.34434,
    1.3445,
    1.34166,
    1.33998,
    1.34045,
    1.34276,
    1.34352,
    1.3423,
    1.3422,
    1.34134,
    1.34242,
    1.34265,
    1.34002,
    1.34056,
    1.34068,
    1.3409,
    1.34772,
    1.34944,
    1.35106,
    1.35012,
    1.34669,
    1.34658,
    1.34532,
    1.34602,
    1.34686,
    1.3407,
    1.3399,
    1.34197,
    1.34097,
    1.34024,
    1.34076,
    1.33988,
    1.3436,
    1.34294,
    1.3425,
    1.34214,
    1.3412,
    1.33984,
    1.34094,
    1.34308,
    1.34468,
    1.34466,
    1.34552,
    1.34542,
    1.34372,
    1.34223,
    1.34224,
    1.34322,
    1.34977,
    1.34854,
    1.3474,
    1.34684,
    1.34654,
    1.3454,
    1.34516,
    1.34533,
    1.34681,
    1.34546,
    1.34972,
    1.35157,
    1.35046,
    1.34911,
    1.34714,
    1.34382,
    1.34326,
    1.34243,
    1.34511,
    1.34374,
    1.34474,
    1.34718,
    1.34492,
    1.34574,
    1.3466,
    1.3479,
    1.34757,
    1.34933,
    1.34885,
    1.351,
    1.35072,
    1.35112,
    1.35123,
    1.35107,
    1.35148,
    1.34978,
    1.35086,
    1.35023,
    1.35002,
    1.34846,
    1.34642,
    1.34614,
    1.34558,
    1.34534,
    1.34342,
    1.34418,
    1.34396,
    1.34284,
    1.33974,
    1.34378,
    1.34452,
    1.34594,
    1.34618,
    1.34697,
    1.34704,
    1.34628,
    1.34769,
    1.34752,
    1.35024,
    1.35069,
    1.34996,
    1.34733,
    1.34053,
    1.34098,
    1.3438,
    1.34832,
    1.34867,
    1.34844,
    1.34906,
    1.35068,
    1.34672,
    1.34632,
    1.34174,
    1.34616,
    1.34738,
    1.34777,
    1.34708,
    1.34556,
    1.3462,
    1.34695,
    1.3476,
    1.34826,
    1.35022,
    1.34966,
    1.3496,
    1.34709,
    1.34975,
    1.34896,
    1.34973,
    1.35053,
    1.35048,
    1.34982,
    1.35058,
    1.35052,
    1.35028,
    1.34998,
    1.3502,
    1.34406,
    1.34491,
    1.3449,
    1.34354,
    1.34114,
    1.34293,
    1.34261,
    1.34303,
    1.34366,
    1.34196,
    1.34416,
    1.34142,
    1.34254,
    1.34096,
    1.34022,
    1.34013,
    1.34442,
    1.34164,
    1.34175,
    1.34332,
    1.34184,
    1.3419,
    1.34075,
    1.3437,
    1.34439,
    1.34462,
    1.34494,
    1.34502,
    1.34578,
    1.34562,
    1.34606,
    1.34608,
    1.34464,
    1.34667,
    1.34856,
    1.3498,
    1.34808,
    1.35062,
    1.35132,
    1.35094,
    1.3509,
    1.35065,
    1.34962,
    1.35116,
    1.35008,
    1.34802,
    1.34859,
    1.34776,
    1.34518,
    1.34446,
    1.3448,
    1.3404,
    1.3463,
    1.34838,
    1.34952,
    1.34768,
    1.34836,
    1.34637,
    1.3446,
    1.34712,
    1.34748,
    1.34814,
    1.34598,
    1.34753,
    1.35108,
    1.3513,
    1.34999,
    1.34912,
    1.34902,
    1.3485,
    1.34866,
    1.34292,
    1.34958,
    1.34963,
    1.35092,
    1.34842,
    1.34696,
    1.3453,
    1.34298,
    1.34074,
    1.34047,
    1.3403,
    1.34026,
    1.33993,
    1.3415,
    1.34269,
    1.34547,
    1.34774,
    1.34898,
    1.34945,
    1.34887,
    1.34908,
    1.34929,
    1.34935,
    1.3508,
    1.34872,
    1.3486,
    1.34662,
    1.34765,
    1.34612,
    1.34264,
    1.34792,
    1.34766,
    1.34764,
    1.34619,
    1.34425,
    1.34806,
    1.34967,
    1.34722
  ],