{
  "Fifteen_Min": [
    0
  ],
  "Thirty_Min": [
    0,
    0,
    0
  ],
  "One_Hour": [
    0,
    0,
    0
  ],
  "Two_Hour": [
    0,
    0,
    0
  ],
  "Four_Hour": [
    0,
    23.74606,
    23.80759,
    23.82204,
    23.80369,
    23.77106,
    23.98946,
    24.00728,
    24.02529,
    24.01639,
    24.071,
    24.04523,
    24.06343,
    23.88368,
    23.83234,
    23.82038,
    23.86576,
    23.83821,
    23.83734,
    23.84682,
    23.80552,
    23.83874,
    23.81172,
    23.81768,
    23.81658,
    23.85958,
    24.04226,
    24.05949,
    24.05045,
    24.06962,
    24.06048,
    24.10392,
    24.0089,
    23.9985,
    23.97017,
    23.95168,
    24.08969,
    24.11897,
    24.20373,
    24.20296,
    23.95806,
    24.07127,
    23.90452,
    23.90792,
    23.89426,
    23.8888,
    23.87892,
    23.84261,
    23.85066,
    23.84696,
    23.87531,
    23.80235,
    23.82466,
    23.81201,
    23.82294,
    23.83071,
    23.88785,
    23.91688,
    24.21928,
    24.11115,
    23.95834,
    23.9886,
    23.95224,
    23.96914,
    23.93234,
    23.87767,
    23.92341,
    23.88979,
    23.857,
    23.86368,
    23.75791,
    23.75982,
    23.76044,
    23.77581,
    23.64678,
    23.65912,
    23.679,
    23.6645,
    23.72638,
    23.73327,
    23.83996,
    23.83446,
    23.82542,
    23.71717,
    23.72742,
    23.71648,
    23.64443,
    23.6571,
    23.6832,
    23.66598,
    23.69409,
    23.66446,
    23.88254,
    23.90865,
    23.9303,
    23.89461,
    23.87259,
    23.73164,
    23.78211,
    23.8247,
    23.83038,
    23.82717,
    23.74268,
    23.74819,
    23.74337,
    23.73048,
    23.70452,
    23.72199,
    23.84031,
    23.80454,
    23.86468,
    23.86832,
    23.86784,
    23.88451,
    23.98397,
    24.2066,
    24.20263,
    24.06276,
    24.16441,
    24.1577,
    24.1665,
    24.13238,
    24.07619,
    24.05889,
    23.96496,
    23.90925,
    23.88378,
    23.886,
    23.71184,
    23.68008,
    23.692,
    23.7065,
    23.65215,
    23.6803,
    23.67075,
    23.7445,
    23.71975,
    23.747,
    23.66415,
    23.6885,
    23.7104,
    23.91265,
    23.91095,
    23.9142,
    23.9625,
    23.91375,
    24.02035,
    24.12475,
    24.12595,
    24.1147,
    24.0945,
    24.1662,
    24.138,
    24.1359,
    24.1229,
    23.99615,
    23.93855,
    23.84175,
    23.9199,
    23.8975,
    23.91835,
    23.9489,
    23.97115,
    24.04185,
    24.0605,
    24.08625,
    24.072,
    24.10065,
    24.14675,
    24.211,
    24.1935,
    24.16833,
    24.187,
    24.18043,
    24.20004,
    24.21055,
    24.19225,
    24.20808,
    24.0798,
    23.9636,
    23.95674,
    23.93075,
    23.92418,
    23.9119,
    23.6751,
    23.6349,
    23.6978,
    23.705,
    23.69294,
    23.71745,
    23.767,
    23.78354,
    23.7475,
    23.77598,
    23.9085,
    23.90462,
    23.87956,
    23.75064,
    23.70386,
    23.70269,
    23.6915,
    23.64841,
    23.81308,
    23.99525,
    24.11036,
    24.159,
    24.1594,
    24.05365,
    24.05595,
    24.12994,
    24.09894,
    24.09627,
    24.19428,
    24.04838,
    24.004,
    24.01998,
    24.00984,
    23.82432,
    23.93756,
    23.9185,
    23.91538,
    23.90407,
    23.83962,
    23.80856,
    23.83175,
    23.84484,
    23.79394,
    23.68514,
    23.65576,
    23.63348,
    23.6463,
    23.67061,
    23.75878,
    23.76325,
    23.79425,
    23.79125,
    23.66249,
    23.7642,
    23.64138,
    23.649,
    23.664,
    23.6585,
    23.76669,
    23.75845,
    23.68175,
    23.70034,
    23.63349,
    23.65118,
    23.70438,
    23.79332,
    23.77685,
    23.82006,
    23.81624,
    23.80625,
    23.80425,
    23.79559,
    23.71147,
    23.64833,
    23.65039,
    23.70616,
    23.76835,
    23.75925,
    23.76392,
    23.77214,
    23.74244,
    23.88292,
    23.87314,
    23.87356,
    23.8747,
    23.75862,
    23.83307,
    23.82375,
    23.82014,
    23.7297,
    23.63614,
    23.7215,
    23.68356,
    23.80975,
    23.79275,
    23.84535,
    23.83844,
    23.95208,
    23.95956,
    23.9498,
    23.92606,
    23.8033,
    23.81473,
    23.7855,
    23.81264,
    23.82596,
    23.83022,
    23.871,
    23.652,
    23.699,
    23.69525,
    23.67675,
    23.67312,
    23.63568,
    23.63616,
    23.67718,
    23.71175,
    23.70528,
    23.70848,
    23.69496,
    23.72344,
    23.7185,
    23.71878,
    23.72025,
    23.76934,
    23.77284,
    23.7555,
    23.74706,
    23.75994,
    23.78166,
    23.6896,
    23.70575,
    23.70629,
    23.74099,
    23.70016,
    23.72772,
    23.7485,
    23.71834,
    23.70868,
    23.71943,
    23.80798,
    23.8165,
    23.79508,
    23.7523,
    23.79652,
    23.7955,
    23.7746,
    23.77027,
    23.7534,
    23.7456,
    23.77194,
    23.7915,
    23.7759,
    23.75652,
    23.75536,
    23.76976,
    23.77825,
    23.78516,
    23.82702,
    23.87009,
    23.89492,
    23.95796,
    23.968,
    23.95864,
    23.98223,
    24.1724,
    24.16628,
    24.13375,
    24.1255,
    24.1261,
    23.99432,
    24.06848,
    24.05478,
    24.063,
    24.0385,
    24.06625,
    24.04958,
    24.122,
    24.12731,
    24.15925,
    24.20023,
    24.16514,
    24.14978,
    24.15475,
    24.16207,
    24.05312,
    24.00956,
    24.02121,
    24.03326,
    24.0352,
    24.01103,
    23.98878,
    24.00487,
    23.97375,
    23.98175
  ],
  "Daily": [
    0,
    24.08262,
    23.93576,
    24.00728,
    24.05045,
    23.9985,
    23.90792,
    24.28664,
    24.30344,
    24.43264,
    24.54262,
    24.29764,
    23.95224,
    24.22494,
    24.1665,
    23.90925,
    23.91095,
    24.12475,
    23.9199,
    24.0605,
    24.21325,
    24.33,
    24.306,
    24.187,
    24.19225,
    23.93075,
    23.9085,
    24.13625,
    24.004,
    23.9185,
    23.968,
    24.13375,
    24.063
  ],
  "Weekly": [
    0
  ]
}