{
  "Fifteen_Min": [
    0
  ],
  "Thirty_Min": [
    0,
    0,
    0
  ],
  "One_Hour": [
    0,
    0,
    0
  ],
  "Two_Hour": [
    0,
    0,
    0
  ],
  "Four_Hour": [
    0
  ],
  "Daily": [
    0
  ],
  "Weekly": [
    0,
    35.1335,
    35.4255,
    35.413,
    36.398,
    36.415,
    34.33876,
    36.92426,
    36.28038,
    36.7231,
    36.86966,
    37.33766,
    36.96911,
    36.70776,
    36.71152,
    34.47426,
    35.08202,
    35.25042,
    34.67836,
    34.63424,
    34.99828,
    35.26496,
    35.63951,
    36.21568,
    35.90764,
    34.50736,
    34.37277,
    34.84982,
    34.69378,
    34.86262,
    34.53984,
    34.7472,
    35.15202,
    34.68064,
    34.78974,
    34.96351,
    36.05059,
    36.09184,
    35.84716,
    35.77522,
    35.76133,
    35.19153,
    34.49664,
    36.47238,
    36.5714,
    35.96297,
    34.92654,
    35.52636,
    35.95553,
    35.82274,
    34.49325,
    36.05508,
    36.4715,
    35.63752,
    34.98633,
    36.41694,
    36.92396,
    34.9797,
    35.61973,
    35.60788,
    34.93668,
    34.53089,
    34.6877,
    34.6607,
    34.83568
  ]
}