{
  "Fifteen_Min": [
    0,
    0.65396,
    0.65389,
    0.65402,
    0.65374,
    0.6534,
    0.65281,
    0.65339,
    0.65342,
    0.65298,
    0.65338,
    0.65327,
    0.65378,
    0.65383,
    0.65345,
    0.65354,
    0.65385,
    0.65364,
    0.654,
    0.65424,
    0.65412,
    0.65426,
    0.65445,
    0.65447,
    0.65422,
    0.65394,
    0.65381,
    0.6539,
    0.65382,
    0.65388,
    0.65333,
    0.65358,
    0.65305,
    0.65304,
    0.65232,
    0.65226,
    0.65252,
    0.652,
    0.65228,
    0.65274,
    0.6527,
    0.65225,
    0.65174,
    0.65168,
    0.6518,
    0.65198,
    0.65194,
    0.65238,
    0.65314,
    0.65344,
    0.65315,
    0.65384,
    0.65411,
    0.65442,
    0.65427,
    0.65292,
    0.65275,
    0.65192,
    0.6517,
    0.65185,
    0.65208,
    0.65202,
    0.65218,
    0.65213,
    0.65217,
    0.65227,
    0.65216,
    0.65235,
    0.65266,
    0.65267,
    0.65276,
    0.65291,
    0.65286,
    0.65326,
    0.65367,
    0.65377,
    0.6535,
    0.65372,
    0.65347,
    0.65295,
    0.6529,
    0.65284,
    0.6528,
    0.65253,
    0.6526,
    0.65294,
    0.65296,
    0.65254,
    0.65282,
    0.65311,
    0.65293,
    0.65224,
    0.65246,
    0.65242,
    0.6524,
    0.65262,
    0.65287,
    0.65264,
    0.65236,
    0.65222,
    0.65247,
    0.65268,
    0.65312,
    0.65256,
    0.65279,
    0.65288,
    0.65283,
    0.65204,
    0.65184,
    0.65183,
    0.6521,
    0.65172,
    0.65188,
    0.65187,
    0.65182,
    0.65186,
    0.65191,
    0.65207,
    0.65212,
    0.65245,
    0.65263,
    0.65272,
    0.65249,
    0.65248,
    0.6522,
    0.65179,
    0.65223,
    0.65201,
    0.6519,
    0.65197,
    0.6523,
    0.65251,
    0.65244,
    0.6525,
    0.65229,
    0.65176,
    0.65189,
    0.65215,
    0.65214,
    0.65205,
    0.65195,
    0.65258,
    0.65302,
    0.65318,
    0.65366,
    0.65368,
    0.65386,
    0.65404,
    0.65379,
    0.65376,
    0.65316,
    0.65278,
    0.65301,
    0.6531,
    0.65308,
    0.65306,
    0.653,
    0.65209,
    0.65171,
    0.65196,
    0.65206,
    0.65199,
    0.65265,
    0.65178,
    0.65193,
    0.65241,
    0.65175,
    0.65233,
    0.65255,
    0.65337,
    0.65362,
    0.65419,
    0.65334,
    0.65332
  ],
  "Thirty_Min": [
    0,
    0,
    0
  ],
  "One_Hour": [
    0,
    0,
    0
  ],
  "Two_Hour": [
    0,
    0,
    0
  ],
  "Four_Hour": [
    0,
    0.65827,
    0.65746,
    0.65398,
    0.6531,
    0.64926,
    0.64922,
    0.65112,
    0.65138,
    0.6499,
    0.65074,
    0.65077,
    0.64995,
    0.64912,
    0.64982,
    0.65056,
    0.65296,
    0.65616,
    0.65818,
    0.65826,
    0.65831,
    0.6583,
    0.65798,
    0.65722,
    0.65374,
    0.65436,
    0.65412,
    0.65264,
    0.65308,
    0.65178,
    0.65048,
    0.65002,
    0.65158,
    0.65225,
    0.65143,
    0.65175,
    0.65288,
    0.65396,
    0.65417,
    0.65384,
    0.65402,
    0.65174,
    0.65352,
    0.65101,
    0.65172,
    0.65168,
    0.64965,
    0.65034,
    0.64927,
    0.65148,
    0.65046,
    0.65282,
    0.65728,
    0.65758,
    0.65838,
    0.6563,
    0.65507,
    0.65386,
    0.65351,
    0.65263,
    0.65362,
    0.65506,
    0.65712,
    0.65582,
    0.65764,
    0.65701,
    0.65823,
    0.65738,
    0.65648,
    0.65682,
    0.65744,
    0.65681,
    0.6547,
    0.65258,
    0.65084,
    0.65204,
    0.65446,
    0.65294,
    0.65546,
    0.65332,
    0.65286,
    0.65284,
    0.65516,
    0.65152,
    0.6522,
    0.6521,
    0.65063,
    0.6491,
    0.64964,
    0.64937,
    0.65118,
    0.65128,
    0.6507,
    0.65001,
    0.64968,
    0.6495,
    0.64914,
    0.65016,
    0.65068,
    0.6509,
    0.65094,
    0.64966,
    0.65038,
    0.65146,
    0.65458,
    0.65486,
    0.65491,
    0.65569,
    0.65693,
    0.65695,
    0.65588,
    0.65612,
    0.65557,
    0.65544,
    0.65414,
    0.6554,
    0.65528,
    0.65399,
    0.65432,
    0.65529,
    0.65625,
    0.65579,
    0.65604,
    0.65584,
    0.65634,
    0.65691,
    0.65699,
    0.65842,
    0.65754,
    0.65834,
    0.65768,
    0.65596,
    0.65576,
    0.6552,
    0.65608,
    0.65488,
    0.65345,
    0.65711,
    0.65835,
    0.65757,
    0.65751,
    0.65566,
    0.65595,
    0.65572,
    0.65622,
    0.65673,
    0.65762,
    0.65594,
    0.65498,
    0.65597,
    0.65547,
    0.65822,
    0.65837,
    0.65602,
    0.6553,
    0.65397,
    0.65592,
    0.6557,
    0.65447,
    0.65737,
    0.6571,
    0.65845,
    0.65696,
    0.65593,
    0.658,
    0.65742,
    0.65772,
    0.65748,
    0.65809,
    0.65664,
    0.65672
  ],
  "Daily": [
    0
  ],
  "Weekly": [
    0
  ]
}