{
  "Fifteen_Min": [
    0
  ],
  "Thirty_Min": [
    0,
    0,
    0
  ],
  "One_Hour": [
    0,
    0,
    0
  ],
  "Two_Hour": [
    0,
    0,
    0
  ],
  "Four_Hour": [
    0,
    0.86772,
    0.86762,
    0.86678,
    0.86596,
    0.86306,
    0.86226,
    0.85866,
    0.8588,
    0.85776,
    0.8575,
    0.86087,
    0.86144,
    0.86176,
    0.86105,
    0.85904,
    0.86044,
    0.86026,
    0.86006,
    0.85864,
    0.85922,
    0.85748,
    0.85764,
    0.8574,
    0.85825,
    0.85901,
    0.85782,
    0.85836,
    0.85727,
    0.85648,
    0.85816,
    0.86246,
    0.86666,
    0.8658,
    0.86626,
    0.86501,
    0.86566,
    0.86615,
    0.86672,
    0.86486,
    0.86752,
    0.8695,
    0.86952,
    0.86809,
    0.86792,
    0.86467,
    0.86394,
    0.865,
    0.86259,
    0.86258,
    0.86092,
    0.86086,
    0.8599,
    0.85596,
    0.86165,
    0.86799,
    0.86928,
    0.86948,
    0.86887,
    0.86832,
    0.86828,
    0.87036,
    0.86985,
    0.87056,
    0.87146,
    0.86949,
    0.87168,
    0.87246,
    0.87242,
    0.87302,
    0.87296,
    0.87105,
    0.87288,
    0.87188,
    0.87303,
    0.87042,
    0.86908,
    0.87041,
    0.87076,
    0.87244,
    0.87271,
    0.87278,
    0.8724,
    0.8719,
    0.87166,
    0.86898,
    0.86794,
    0.8697,
    0.86385,
    0.86768,
    0.86717,
    0.86705,
    0.8667,
    0.86859,
    0.87024,
    0.86926,
    0.86877,
    0.86777,
    0.86713,
    0.86736,
    0.86634,
    0.86614,
    0.86378,
    0.86184,
    0.86099,
    0.861,
    0.86134,
    0.86147,
    0.86203,
    0.86168,
    0.86187,
    0.86146,
    0.85802,
    0.85818,
    0.85615,
    0.85646,
    0.85566,
    0.85591,
    0.85582,
    0.85554,
    0.85522,
    0.856,
    0.85571,
    0.85699,
    0.85918,
    0.86052,
    0.86094,
    0.8616,
    0.86253,
    0.86192,
    0.86547,
    0.86438,
    0.86402,
    0.86478,
    0.86432,
    0.86878,
    0.86807,
    0.86872,
    0.86848,
    0.86818,
    0.86796,
    0.86776,
    0.86742,
    0.86849,
    0.86804,
    0.86571,
    0.86817,
    0.86869,
    0.87023,
    0.8694,
    0.86916,
    0.86512,
    0.86111,
    0.86219,
    0.86288,
    0.86421,
    0.86469,
    0.86345,
    0.86504,
    0.86698,
    0.86675,
    0.86667,
    0.8651,
    0.86334
  ],
  "Daily": [
    0,
    0.85656,
    0.85986,
    0.87114,
    0.86762,
    0.8588,
    0.86228,
    0.86026,
    0.85764,
    0.85836,
    0.86666,
    0.86596,
    0.86394,
    0.86092,
    0.86928,
    0.87036,
    0.87168,
    0.87288,
    0.86908,
    0.87278,
    0.87166,
    0.86768,
    0.87024,
    0.86713,
    0.86099,
    0.86268,
    0.85615,
    0.85591,
    0.85571,
    0.8616,
    0.86438,
    0.86807,
    0.86818,
    0.86912,
    0.85369
  ],
  "Weekly": [
    0,
    0.90058,
    0.91988,
    0.90648,
    0.89226,
    0.88608,
    0.86532,
    0.87916,
    0.87766,
    0.84938,
    0.84308,
    0.84648,
    0.88376,
    0.87552,
    0.90608,
    0.90818,
    0.89164,
    0.88258,
    0.86332,
    0.88474,
    0.89992,
    0.91662,
    0.9213,
    0.91284,
    0.91812,
    0.91664,
    0.89608,
    0.9141,
    0.91614,
    0.90808,
    0.9024,
    0.91776,
    0.90896,
    0.90634,
    0.91816,
    0.9177,
    0.91542,
    0.91362,
    0.91352,
    0.90812,
    0.91764,
    0.92112,
    0.91032,
    0.90586,
    0.90717,
    0.90178,
    0.89258,
    0.9123,
    0.91497,
    0.90682,
    0.90614,
    0.89178,
    0.88936,
    0.8963,
    0.89132,
    0.90532,
    0.90252,
    0.89448,
    0.90626,
    0.89782,
    0.89253,
    0.8878,
    0.88038,
    0.87783,
    0.87255,
    0.88284,
    0.88688,
    0.87588,
    0.8836,
    0.88159,
    0.87815,
    0.88632,
    0.89256,
    0.89508,
    0.8936,
    0.8948,
    0.89106,
    0.8941,
    0.8922,
    0.89826,
    0.9048,
    0.9055,
    0.90262,
    0.91384,
    0.91827,
    0.85656,
    0.88014,
    0.92104,
    0.91612,
    0.91818,
    0.92052,
    0.91336,
    0.91252,
    0.9091,
    0.91166,
    0.9042,
    0.9089,
    0.91158,
    0.92037,
    0.91046,
    0.91476,
    0.90442,
    0.90006,
    0.91268,
    0.91125,
    0.8919,
    0.89011,
    0.88309,
    0.88488,
    0.88531,
    0.88554,
    0.89096,
    0.89638,
    0.90864,
    0.91999,
    0.91373,
    0.91308,
    0.90148,
    0.90151,
    0.89796,
    0.8999,
    0.89912,
    0.89854,
    0.91746,
    0.92064,
    0.91442,
    0.91956,
    0.91948,
    0.906,
    0.91474,
    0.91548,
    0.91127,
    0.91374,
    0.91792,
    0.91582,
    0.91592,
    0.91282,
    0.9215,
    0.9178,
    0.92066,
    0.9185,
    0.91218,
    0.91846,
    0.91401,
    0.91196,
    0.92138,
    0.91711,
    0.9202,
    0.92128,
    0.9199,
    0.91514,
    0.9059,
    0.89398,
    0.89237,
    0.89442,
    0.89082,
    0.8985,
    0.89942,
    0.90506,
    0.90328,
    0.89374,
    0.89701,
    0.8954,
    0.88916,
    0.86228,
    0.86596,
    0.87036,
    0.87288,
    0.87648,
    0.8824,
    0.88466,
    0.88575,
    0.89293,
    0.89767,
    0.90704,
    0.90992,
    0.90242,
    0.89239,
    0.89945,
    0.88574,
    0.88276,
    0.86908,
    0.88,
    0.87024,
    0.85591,
    0.84152,
    0.85034,
    0.8527,
    0.86395,
    0.86701
  ]
}