{
  "Fifteen_Min": [
    0
  ],
  "Thirty_Min": [
    0,
    0,
    0
  ],
  "One_Hour": [
    0,
    0,
    0
  ],
  "Two_Hour": [
    0,
    0,
    0
  ],
  "Four_Hour": [
    0,
    0.95378,
    0.95087,
    0.95096,
    0.9491,
    0.95188,
    0.95105,
    0.94827,
    0.94969,
    0.95181,
    0.94908,
    0.95176,
    0.95031,
    0.94942,
    0.94767,
    0.94765,
    0.94852,
    0.95006,
    0.95359,
    0.95344,
    0.9529,
    0.95394,
    0.95346,
    0.95256,
    0.9521,
    0.95368,
    0.95332,
    0.95364,
    0.95365,
    0.95386,
    0.95384,
    0.9534,
    0.95305,
    0.95372,
    0.94718,
    0.94814,
    0.94895,
    0.94994,
    0.94991,
    0.9503,
    0.9505,
    0.95101,
    0.95167,
    0.9522,
    0.95142,
    0.95102,
    0.94876,
    0.94672,
    0.94721,
    0.94734,
    0.94695,
    0.94764,
    0.94668,
    0.94596,
    0.94612,
    0.94626,
    0.94791,
    0.9507,
    0.95064,
    0.95076,
    0.94957,
    0.94891,
    0.94616,
    0.94594,
    0.94675,
    0.94752,
    0.9468,
    0.94762,
    0.9472,
    0.9469,
    0.94772,
    0.94954,
    0.94958,
    0.95116,
    0.95162,
    0.95358,
    0.9531,
    0.95276,
    0.95297,
    0.95338,
    0.95232,
    0.95248,
    0.9464,
    0.94645,
    0.94742,
    0.94708,
    0.94746,
    0.94592,
    0.9498,
    0.95177,
    0.95066,
    0.9524,
    0.94768,
    0.94812,
    0.9488,
    0.94865,
    0.94754,
    0.94824,
    0.94717,
    0.94704,
    0.94669,
    0.94684,
    0.94585,
    0.94601,
    0.94844,
    0.94996,
    0.94938,
    0.94943
  ],
  "Daily": [
    0,
    0.95087,
    0.95105,
    0.95176,
    0.9504,
    0.95368,
    0.95386,
    0.9534,
    0.94814,
    0.95054,
    0.94721,
    0.9433,
    0.94546,
    0.94581,
    0.94762,
    0.94954,
    0.95358,
    0.95297,
    0.94574,
    0.94576,
    0.94478,
    0.94156,
    0.94468,
    0.94557,
    0.9449,
    0.94797,
    0.94812,
    0.94717,
    0.94542,
    0.94406,
    0.9428,
    0.94255,
    0.94266,
    0.93628,
    0.93464,
    0.92883,
    0.93044,
    0.92734,
    0.93049,
    0.9288,
    0.9317,
    0.93358,
    0.9348,
    0.93372,
    0.93706,
    0.937,
    0.94064,
    0.94412,
    0.94582,
    0.94452,
    0.93916,
    0.94045
  ],
  "Weekly": [
    0
  ]
}