{
  "Fifteen_Min": [
    0,
    7.82132,
    7.82182,
    7.82188,
    7.82202,
    7.82184,
    7.82164,
    7.8216,
    7.8215,
    7.82239,
    7.82195,
    7.8219,
    7.8218,
    7.82127,
    7.82147,
    7.82187,
    7.8213,
    7.82158,
    7.82126,
    7.8214,
    7.82196,
    7.82194,
    7.82165,
    7.82212,
    7.82215,
    7.8222,
    7.82226,
    7.8228,
    7.82252,
    7.8225,
    7.82258,
    7.82242,
    7.82266,
    7.82222,
    7.82214,
    7.82262,
    7.82271,
    7.82272,
    7.82203,
    7.82177,
    7.82152,
    7.82138,
    7.82148,
    7.82256,
    7.82284,
    7.82273,
    7.82173,
    7.82229,
    7.82198,
    7.82174,
    7.82133,
    7.82156,
    7.8217,
    7.82244,
    7.82137,
    7.82154,
    7.82166,
    7.82136,
    7.82169,
    7.82142,
    7.82131,
    7.82197,
    7.82189,
    7.82172,
    7.82175,
    7.82269,
    7.82225,
    7.82276,
    7.82238,
    7.82237,
    7.82233,
    7.82246,
    7.8224,
    7.82247,
    7.82191,
    7.82181,
    7.82204,
    7.82144,
    7.82153,
    7.82192,
    7.82186,
    7.82168,
    7.82223,
    7.82282,
    7.82248,
    7.82251,
    7.82179,
    7.82217,
    7.82134,
    7.82205,
    7.82232,
    7.82231,
    7.82224,
    7.82268,
    7.82278,
    7.8227,
    7.82155,
    7.82149,
    7.82171,
    7.8226,
    7.82159,
    7.82176,
    7.82162,
    7.82161,
    7.82183,
    7.82146,
    7.82185,
    7.82178,
    7.8221,
    7.82264,
    7.82209,
    7.82218,
    7.82234,
    7.82274,
    7.82243,
    7.82206,
    7.82281,
    7.82236,
    7.82241,
    7.82145,
    7.82128,
    7.82208,
    7.8223,
    7.82227,
    7.82143,
    7.82249,
    7.82201,
    7.82216,
    7.82219,
    7.822
  ],
  "Thirty_Min": [
    0,
    0,
    0
  ],
  "One_Hour": [
    0,
    0,
    0
  ],
  "Two_Hour": [
    0,
    0,
    0
  ],
  "Four_Hour": [
    0,
    7.82256,
    7.8246,
    7.81958,
    7.82306,
    7.82294,
    7.82245,
    7.82434,
    7.82442,
    7.82538,
    7.82624,
    7.82262,
    7.82304,
    7.8228,
    7.823,
    7.82165,
    7.81824,
    7.81838,
    7.81818,
    7.81812,
    7.81916,
    7.82224,
    7.82526,
    7.82266,
    7.82264,
    7.82596,
    7.82062,
    7.82077,
    7.82098,
    7.82132,
    7.82548,
    7.82178,
    7.82118,
    7.81893,
    7.82101,
    7.82386,
    7.82156,
    7.81956,
    7.8182,
    7.8206,
    7.82229,
    7.82586,
    7.82568,
    7.82496,
    7.82523,
    7.82558,
    7.8239,
    7.8229,
    7.82122,
    7.82254,
    7.81901,
    7.82066,
    7.82164,
    7.82216,
    7.82389,
    7.8236,
    7.82574,
    7.82602,
    7.82587,
    7.81963,
    7.82222,
    7.8217,
    7.82064,
    7.81786,
    7.81966,
    7.82082,
    7.81948,
    7.81792,
    7.8187,
    7.81931,
    7.82065,
    7.81979,
    7.82084,
    7.82172,
    7.82289,
    7.82375,
    7.82408,
    7.82616,
    7.82529,
    7.82476,
    7.82588,
    7.82613,
    7.82546,
    7.82562,
    7.82592,
    7.82606,
    7.82475,
    7.82016,
    7.81866,
    7.81822,
    7.81962,
    7.8201,
    7.82092,
    7.82116,
    7.82145,
    7.82237,
    7.82314,
    7.8223,
    7.82277,
    7.82371,
    7.82102,
    7.82104,
    7.81922,
    7.82029,
    7.82052,
    7.81921,
    7.8202,
    7.82142,
    7.82042,
    7.82026,
    7.82136,
    7.82072,
    7.82421,
    7.82336,
    7.8194,
    7.81959,
    7.81946,
    7.81924,
    7.81938,
    7.8198,
    7.81937,
    7.82206,
    7.82108,
    7.82372,
    7.82302,
    7.822,
    7.82333,
    7.82452,
    7.82374,
    7.8193,
    7.81902,
    7.82232,
    7.8238,
    7.82394,
    7.826,
    7.82356,
    7.8218,
    7.8213,
    7.8231,
    7.82472,
    7.825,
    7.82566,
    7.82572,
    7.82412,
    7.82169,
    7.82188,
    7.8232,
    7.82344,
    7.82244,
    7.82196,
    7.8222,
    7.82192,
    7.8208,
    7.81978,
    7.82138,
    7.82186,
    7.82158,
    7.82168,
    7.82074,
    7.8204,
    7.82044,
    7.82427,
    7.82513,
    7.82424,
    7.8234,
    7.82365,
    7.82251,
    7.82482,
    7.8255,
    7.82555,
    7.82492,
    7.82531,
    7.82409,
    7.82144,
    7.8197,
    7.82113,
    7.82034,
    7.81936,
    7.81945,
    7.81806,
    7.81858,
    7.81868,
    7.81833,
    7.82106,
    7.81926,
    7.819,
    7.82126,
    7.82114,
    7.82215,
    7.82271,
    7.82501,
    7.82582,
    7.82448,
    7.824,
    7.82105,
    7.82059,
    7.81894,
    7.82055,
    7.8192,
    7.81815,
    7.81848,
    7.81854,
    7.82246,
    7.82181,
    7.82153,
    7.82184,
    7.81874,
    7.81807,
    7.81852,
    7.81846,
    7.81804,
    7.8181,
    7.81934,
    7.81816,
    7.81982,
    7.81912,
    7.81986,
    7.81923,
    7.81862,
    7.81935,
    7.81974,
    7.82214,
    7.82182,
    7.82221,
    7.82161,
    7.82155,
    7.82174,
    7.82274,
    7.82258,
    7.81997,
    7.81887,
    7.81918,
    7.82112,
    7.82128,
    7.82076,
    7.82018,
    7.82001,
    7.81801,
    7.81856,
    7.8195,
    7.81796,
    7.81876,
    7.81977,
    7.81952,
    7.82173,
    7.82176
  ],
  "Daily": [
    0,
    7.81802,
    7.81746,
    7.81199,
    7.81271,
    7.81322,
    7.81672,
    7.81716,
    7.81925,
    7.81974,
    7.81508,
    7.81776,
    7.81904,
    7.8213,
    7.8217,
    7.81815,
    7.81326,
    7.81324,
    7.81276,
    7.81314,
    7.8167,
    7.81174,
    7.81222,
    7.81191,
    7.81192,
    7.81336,
    7.81562,
    7.81592,
    7.81853,
    7.8178,
    7.81421,
    7.81491,
    7.81662,
    7.8168,
    7.81871,
    7.82094,
    7.82084,
    7.81828,
    7.81698,
    7.81648,
    7.81836,
    7.81834,
    7.81753,
    7.81768,
    7.81748,
    7.8207,
    7.8196,
    7.82031,
    7.8186,
    7.81796,
    7.81935,
    7.82023,
    7.82108,
    7.81257,
    7.81323,
    7.81582,
    7.81706,
    7.82152,
    7.81551,
    7.81287,
    7.81581,
    7.81557,
    7.81584,
    7.81308,
    7.8129,
    7.81334,
    7.81286,
    7.81912,
    7.8137,
    7.81431,
    7.81414,
    7.81213,
    7.8133,
    7.81858,
    7.8174,
    7.81452,
    7.81636,
    7.8147,
    7.81885,
    7.82138,
    7.82148,
    7.81888,
    7.82028,
    7.81532,
    7.81272,
    7.81621,
    7.81386,
    7.8193,
    7.81851,
    7.81948,
    7.81973,
    7.81892,
    7.81958,
    7.82165,
    7.81704,
    7.81376,
    7.81328,
    7.8172,
    7.81653,
    7.82118,
    7.81956,
    7.81659,
    7.81396,
    7.81425,
    7.81407,
    7.81269,
    7.81185,
    7.81412,
    7.8194,
    7.81722,
    7.81979,
    7.81822,
    7.82092,
    7.82104,
    7.82052,
    7.8166,
    7.82156,
    7.82072,
    7.81922,
    7.8198,
    7.81661,
    7.82098,
    7.82169,
    7.8204,
    7.82136,
    7.81962,
    7.81471,
    7.81422,
    7.81596,
    7.81303,
    7.81178,
    7.81656,
    7.81959,
    7.81774,
    7.82106,
    7.82105,
    7.82055,
    7.81727,
    7.81742,
    7.81846,
    7.81837,
    7.81473,
    7.81398,
    7.81771,
    7.81986,
    7.82144,
    7.82155,
    7.81918,
    7.82112
  ],
  "Weekly": [
    0
  ]
}