{
  "Fifteen_Min": [
    0
  ],
  "Thirty_Min": [
    0,
    0,
    0
  ],
  "One_Hour": [
    0,
    0,
    0
  ],
  "Two_Hour": [
    0,
    0,
    0
  ],
  "Four_Hour": [
    0,
    155.76096,
    153.30204,
    154.41617,
    155.85548,
    155.67652,
    155.64591,
    155.39076,
    156.11699,
    154.91902,
    150.59417,
    150.8639,
    150.33944,
    150.90648,
    150.67382,
    150.68049,
    150.78308,
    151.72672,
    151.5718,
    151.32604,
    150.92342,
    150.6812,
    150.17886,
    150.40317,
    151.18535,
    151.59683,
    151.61976,
    151.65974,
    151.20674,
    150.66494,
    150.03734,
    149.75897,
    149.44374,
    148.79031,
    148.56498,
    148.65394,
    148.45602,
    148.79168,
    149.09742,
    148.69806,
    150.77418,
    150.21296,
    150.05468,
    148.54033,
    148.44108,
    148.42556,
    149.82312,
    150.0044,
    151.22986,
    152.36766,
    153.8761,
    155.62779,
    156.25866,
    154.49869,
    156.03807,
    155.67155,
    156.16178,
    156.26478,
    155.29568,
    155.2719,
    154.29647,
    154.9863,
    153.09936,
    153.28319,
    152.82497,
    151.85879,
    151.18248,
    151.20224,
    150.37328,
    149.51356,
    149.06926,
    148.82698,
    149.00604,
    149.1588,
    148.43073,
    149.56708,
    149.97148,
    149.7865,
    150.02367,
    149.61464,
    149.51326,
    150.04842,
    150.33174,
    151.4454,
    150.7154,
    151.00698,
    151.04734,
    150.54478,
    150.68364,
    150.96296,
    148.32253,
    148.12618,
    148.60502,
    148.15536,
    150.93082,
    154.21156,
    155.4137,
    154.9829,
    154.3753,
    152.68312,
    152.59792,
    151.8694,
    151.05234,
    151.67286,
    153.07594,
    153.90888,
    153.74308,
    154.01769,
    152.6589,
    152.63234,
    151.21602,
    150.48849,
    149.64702,
    150.3644,
    149.5638,
    151.78221,
    153.57402,
    152.44324,
    151.40786,
    151.39961,
    152.08876,
    153.12262,
    152.77294,
    151.54044,
    150.88334,
    150.9661,
    151.2628,
    151.28405,
    152.31064,
    152.4577,
    153.55336,
    151.63735,
    152.12836,
    154.01269,
    153.73766,
    154.12817,
    153.45664,
    152.67764,
    149.1118,
    148.47159,
    148.1489,
    148.49254,
    148.62409,
    149.49492,
    149.43012,
    149.70813,
    150.75525,
    152.37489,
    154.48329,
    154.85644,
    154.0225,
    153.63422,
    153.92261,
    152.04048,
    151.85976,
    152.73453,
    150.3545,
    150.08242,
    150.41982,
    150.18258,
    148.67254,
    149.33026,
    149.56786,
    149.12928,
    148.02599,
    148.25104,
    148.09144,
    148.09541,
    150.07816,
    152.123,
    152.1575,
    150.43236,
    150.91682,
    151.20593,
    150.89174,
    151.2228,
    148.80354,
    148.2849,
    151.80693,
    151.8664,
    151.01723,
    152.83669,
    152.82539,
    153.52,
    153.70174,
    153.47742,
    152.10888,
    153.19842,
    152.95957,
    153.2357,
    153.38059,
    150.96792,
    150.97084,
    150.57208,
    150.69934,
    150.62416,
    149.28676,
    149.64662,
    150.13576,
    150.44687
  ],
  "Daily": [
    0
  ],
  "Weekly": [
    0,
    171.498,
    180.0445,
    188.6575,
    180.711,
    191.8195,
    180.513,
    186.39284,
    185.33378,
    172.8139,
    173.91086,
    172.84955,
    171.37976,
    180.3242,
    182.42916,
    185.0344,
    172.30122,
    168.89061,
    168.95032,
    168.59688,
    170.02572,
    169.62554,
    176.45952,
    189.20787,
    177.365,
    183.8898,
    187.23832,
    190.73842,
    183.34694,
    191.23153,
    187.42394,
    175.90111,
    187.47914,
    185.53074,
    197.28266,
    192.12091,
    197.76096,
    195.9354,
    194.70405,
    194.0529,
    196.51481,
    195.59856,
    198.0947,
    189.41358,
    184.9127,
    179.44012,
    187.11674,
    184.7052,
    174.36786,
    174.55595,
    175.46367,
    176.48274,
    181.28022,
    185.88805,
    188.09526,
    191.87592,
    180.71766,
    175.79352,
    173.03467,
    174.57626,
    178.44242,
    174.41238,
    178.76461,
    175.12205,
    175.42333,
    184.08834,
    186.37134,
    189.54428,
    195.35192,
    192.9616,
    194.1476,
    189.61814,
    178.6544,
    175.54182,
    170.75974,
    171.98549,
    171.89468,
    170.20186,
    180.30966,
    182.78151,
    180.83714,
    185.29952,
    187.15255,
    186.12444,
    187.26592,
    184.78396,
    175.4033,
    172.77662,
    170.54256,
    177.39571,
    182.361,
    189.18163,
    195.9973,
    196.89777,
    196.67516,
    188.01058,
    186.34994,
    182.66857,
    185.14052,
    189.2099,
    175.6694,
    178.42506,
    180.68802,
    192.46294,
    189.79776,
    184.56894,
    177.35698,
    178.25009,
    189.69809,
    179.77448,
    180.28364,
    173.77988,
    169.13908,
    177.62433,
    180.68887,
    181.60189,
    173.79853,
    184.94555,
    189.63499,
    179.62285,
    186.2523,
    185.81433,
    181.17861,
    181.37435,
    176.81883,
    178.17975,
    177.46076
  ]
}