{
  "Fifteen_Min": [
    0,
    0.6223,
    0.622,
    0.62226,
    0.6221,
    0.6217,
    0.6215,
    0.62136,
    0.62169,
    0.6218,
    0.62202,
    0.62238,
    0.62207,
    0.62221,
    0.62193,
    0.62218,
    0.62236,
    0.62206,
    0.62203,
    0.62184,
    0.62166,
    0.62178,
    0.62182,
    0.62225,
    0.62228,
    0.62234,
    0.62237,
    0.62044,
    0.62175,
    0.6213,
    0.62074,
    0.62068,
    0.62091,
    0.62088,
    0.62064,
    0.62062,
    0.62116,
    0.62128,
    0.62118,
    0.6206,
    0.62097,
    0.62094,
    0.62132,
    0.62142,
    0.62152,
    0.62196,
    0.62213,
    0.62197,
    0.62233,
    0.62214,
    0.62231,
    0.62224,
    0.62179,
    0.62187,
    0.62156,
    0.6211,
    0.62127,
    0.62146,
    0.62154,
    0.6216,
    0.62168,
    0.62194,
    0.62204,
    0.62172,
    0.62139,
    0.62177,
    0.62235,
    0.62188,
    0.62155,
    0.62148,
    0.62102,
    0.62147,
    0.62138,
    0.62089,
    0.62087,
    0.62108,
    0.61942,
    0.61957,
    0.62222,
    0.62209,
    0.62199,
    0.62176,
    0.6202,
    0.62038,
    0.62085,
    0.62096,
    0.621,
    0.62084,
    0.6209,
    0.62012,
    0.62026,
    0.62021,
    0.62014,
    0.62006,
    0.61943,
    0.61992,
    0.61994,
    0.61997,
    0.62058,
    0.62033,
    0.62008,
    0.6203,
    0.62054,
    0.62072,
    0.62104,
    0.62076,
    0.62106,
    0.62066,
    0.62109,
    0.62133,
    0.62165,
    0.62216,
    0.62205,
    0.62124,
    0.62129,
    0.6214,
    0.62121,
    0.62119,
    0.6212,
    0.62162,
    0.62143,
    0.62113,
    0.62153,
    0.62078,
    0.62098
  ],
  "Thirty_Min": [
    0,
    0,
    0
  ],
  "One_Hour": [
    0,
    0,
    0
  ],
  "Two_Hour": [
    0,
    0,
    0
  ],
  "Four_Hour": [
    0
  ],
  "Daily": [
    0
  ],
  "Weekly": [
    0,
    0.5974,
    0.6083,
    0.5983,
    0.6009,
    0.6054,
    0.6146,
    0.6166,
    0.6316,
    0.6443,
    0.648,
    0.6472,
    0.6478,
    0.64325,
    0.62252,
    0.6488,
    0.6326,
    0.64635,
    0.63557,
    0.64521,
    0.63893,
    0.6403,
    0.61872,
    0.61627,
    0.5994,
    0.63496,
    0.6365,
    0.63919,
    0.6419,
    0.64144,
    0.64041,
    0.63645,
    0.6204,
    0.63845,
    0.64132,
    0.64712,
    0.64052,
    0.64028,
    0.63772,
    0.6431,
    0.64328,
    0.63846,
    0.62956,
    0.63143,
    0.63338,
    0.63594,
    0.64622,
    0.64176,
    0.64618,
    0.63892,
    0.63624,
    0.62511,
    0.6217,
    0.62171,
    0.61462,
    0.61914,
    0.62108,
    0.62726,
    0.63516
  ]
}