{
  "Fifteen_Min": [
    0,
    0.60438,
    0.60444,
    0.60454,
    0.60466,
    0.60472,
    0.6047,
    0.60464,
    0.60482,
    0.6049,
    0.60505,
    0.60522,
    0.60518,
    0.60481,
    0.60512,
    0.60509,
    0.6052,
    0.6054,
    0.60544,
    0.60546,
    0.60532,
    0.60523,
    0.60514,
    0.60516,
    0.60496,
    0.60471,
    0.60447,
    0.60442,
    0.6045,
    0.60448,
    0.6051,
    0.60513,
    0.60462,
    0.60487,
    0.60556,
    0.60526,
    0.60502,
    0.60484,
    0.60494,
    0.60492,
    0.60469,
    0.60476,
    0.60479,
    0.60495,
    0.605,
    0.60529,
    0.60555,
    0.60577,
    0.60616,
    0.6056,
    0.60652,
    0.60655,
    0.60678,
    0.60662,
    0.60658,
    0.6067,
    0.60675,
    0.60689,
    0.60698,
    0.60692,
    0.6071,
    0.60709,
    0.60715,
    0.6074,
    0.60752,
    0.60763,
    0.60766,
    0.60783,
    0.60786,
    0.60777,
    0.60776,
    0.60782,
    0.60738,
    0.60679,
    0.60696,
    0.60654,
    0.60624,
    0.60646,
    0.6064,
    0.60706,
    0.60702,
    0.60687,
    0.60708,
    0.60716,
    0.60724,
    0.6073,
    0.60712,
    0.60718,
    0.60714,
    0.60726,
    0.6072,
    0.60749,
    0.60756,
    0.6076,
    0.60764,
    0.60604,
    0.6063,
    0.60653,
    0.6062,
    0.60614,
    0.60635,
    0.60617,
    0.60631,
    0.60641,
    0.60622,
    0.60607,
    0.6058,
    0.60596,
    0.60582,
    0.60553,
    0.60661,
    0.60623,
    0.60647,
    0.60645,
    0.60636,
    0.60644,
    0.60651,
    0.6065,
    0.60676,
    0.60731,
    0.60728,
    0.60671,
    0.60744,
    0.60754,
    0.6066,
    0.6069,
    0.60736,
    0.60682,
    0.60694,
    0.60705,
    0.607,
    0.60723,
    0.60727,
    0.60725,
    0.60722,
    0.60717,
    0.60737,
    0.6075,
    0.60759,
    0.60762,
    0.60741,
    0.60775,
    0.60767,
    0.60745,
    0.6078,
    0.60789,
    0.60784,
    0.6077,
    0.60713,
    0.60672,
    0.60674,
    0.60638,
    0.60697,
    0.60634,
    0.60506,
    0.60536,
    0.60574,
    0.60587,
    0.606,
    0.60608,
    0.60597,
    0.60598,
    0.60591,
    0.60576,
    0.60566,
    0.6059,
    0.60562,
    0.60565,
    0.60568,
    0.60575
  ],
  "Thirty_Min": [
    0,
    0,
    0
  ],
  "One_Hour": [
    0,
    0,
    0
  ],
  "Two_Hour": [
    0,
    0,
    0
  ],
  "Four_Hour": [
    0,
    0.56244,
    0.56252,
    0.56223,
    0.56233,
    0.56021,
    0.55862,
    0.55695,
    0.55784,
    0.55818,
    0.56177,
    0.55957,
    0.56248,
    0.56242,
    0.56096,
    0.56054,
    0.5616,
    0.56235,
    0.56202,
    0.56111,
    0.56262,
    0.56264,
    0.56126,
    0.56162,
    0.56027,
    0.56018,
    0.5593,
    0.55952,
    0.561,
    0.56066,
    0.5595,
    0.5588,
    0.55806,
    0.55748,
    0.55839,
    0.55864,
    0.56044,
    0.55893,
    0.5615,
    0.56051,
    0.56084,
    0.56125,
    0.5612,
    0.56168,
    0.56014,
    0.56073,
    0.55964,
    0.55908,
    0.55936,
    0.55828,
    0.55878,
    0.56028,
    0.56024,
    0.56068,
    0.5619,
    0.56134,
    0.56228,
    0.56136,
    0.56207,
    0.5613,
    0.56146,
    0.56155,
    0.56258,
    0.56076,
    0.56176
  ],
  "Daily": [
    0,
    0.57931,
    0.57672,
    0.55902,
    0.56642,
    0.57228,
    0.57502,
    0.58236,
    0.5812,
    0.58292,
    0.58184,
    0.58307,
    0.5787,
    0.57876,
    0.57376,
    0.5726,
    0.5734,
    0.57322,
    0.57268,
    0.57125,
    0.5694,
    0.5697,
    0.567,
    0.56533,
    0.56252,
    0.56515,
    0.56345,
    0.56551,
    0.56751,
    0.56638,
    0.56824,
    0.56924,
    0.56882,
    0.57132,
    0.57144,
    0.5674,
    0.56875,
    0.56916,
    0.57296,
    0.57286,
    0.57388,
    0.57686,
    0.57732,
    0.57744,
    0.57936,
    0.5795,
    0.58032,
    0.58045,
    0.58017,
    0.58126,
    0.58102,
    0.58128,
    0.57849,
    0.57358,
    0.56812,
    0.57093,
    0.56966,
    0.56418,
    0.5635,
    0.56444,
    0.56765,
    0.56576,
    0.56826,
    0.57168,
    0.57504,
    0.57688,
    0.5803,
    0.58291,
    0.57934,
    0.5758,
    0.5749,
    0.57396,
    0.57496,
    0.57808,
    0.57517,
    0.57702,
    0.57932,
    0.57834,
    0.57981,
    0.58125,
    0.58158,
    0.57828,
    0.57811,
    0.57776,
    0.57327,
    0.57288,
    0.5778,
    0.57415,
    0.58054,
    0.58116,
    0.58153,
    0.5822,
    0.58065,
    0.58244,
    0.58206,
    0.57725,
    0.57696,
    0.57304,
    0.57498,
    0.5715,
    0.5702,
    0.57106,
    0.56992,
    0.56996,
    0.57007,
    0.56972,
    0.5699,
    0.56722,
    0.56634,
    0.57061,
    0.57098,
    0.584,
    0.58625,
    0.58574,
    0.58421,
    0.58622,
    0.58425,
    0.5858,
    0.58532,
    0.5843,
    0.58368,
    0.57261,
    0.56733,
    0.57085,
    0.56815,
    0.56902,
    0.5657,
    0.56384,
    0.56465,
    0.56735,
    0.57031
  ],
  "Weekly": [
    0
  ]
}