{
  "Fifteen_Min": [
    0,
    0.88851,
    0.88844,
    0.88858,
    0.88863,
    0.88877,
    0.88918,
    0.88922,
    0.88953,
    0.88988,
    0.89014,
    0.89024,
    0.89046,
    0.88978,
    0.88948,
    0.88952,
    0.88998,
    0.89038,
    0.89027,
    0.89008,
    0.89022,
    0.8902,
    0.89012,
    0.89059,
    0.89061,
    0.89062,
    0.88996,
    0.88944,
    0.88888,
    0.889,
    0.8883,
    0.88828,
    0.88861,
    0.88835,
    0.88846,
    0.88845,
    0.88856,
    0.88852,
    0.88893,
    0.88887,
    0.88891,
    0.88894,
    0.8888,
    0.8889,
    0.88928,
    0.88964,
    0.89048,
    0.88985,
    0.89033,
    0.89004,
    0.88976,
    0.89003,
    0.88969,
    0.88939,
    0.88966,
    0.88979,
    0.89,
    0.89006,
    0.88999,
    0.89002,
    0.88986,
    0.88983,
    0.88989,
    0.88993,
    0.89047,
    0.88984,
    0.88982,
    0.88981,
    0.89005,
    0.89026,
    0.8901,
    0.8904,
    0.89032,
    0.89011,
    0.8898,
    0.88946,
    0.8903,
    0.89044,
    0.8905,
    0.88972,
    0.88962,
    0.88956,
    0.88967,
    0.88992,
    0.89016,
    0.8906,
    0.89057,
    0.89056,
    0.89051,
    0.89031,
    0.89034,
    0.89063,
    0.89064,
    0.89043,
    0.89055,
    0.89042,
    0.89036,
    0.88936,
    0.8897,
    0.88965,
    0.8892,
    0.88934,
    0.88908,
    0.88971,
    0.88973,
    0.89021,
    0.89058
  ],
  "Thirty_Min": [
    0,
    0,
    0
  ],
  "One_Hour": [
    0,
    0,
    0
  ],
  "Two_Hour": [
    0,
    0,
    0
  ],
  "Four_Hour": [
    0,
    0.88152,
    0.88156,
    0.8823,
    0.88189,
    0.8801,
    0.88032,
    0.88224,
    0.88076,
    0.88114,
    0.88044,
    0.88094,
    0.88202,
    0.8815,
    0.88212,
    0.87995,
    0.88004,
    0.87946,
    0.87789,
    0.87678,
    0.87664,
    0.87904,
    0.87809,
    0.88065,
    0.88026,
    0.88178,
    0.88027,
    0.88062,
    0.87943,
    0.87872,
    0.87742,
    0.87701,
    0.8767,
    0.87595,
    0.87716,
    0.87936,
    0.87834,
    0.88056,
    0.88118,
    0.88016,
    0.88128,
    0.88129,
    0.88102,
    0.88166,
    0.8798,
    0.87786,
    0.87802,
    0.87924,
    0.882,
    0.88051,
    0.87911,
    0.87908,
    0.87906,
    0.8795,
    0.88138,
    0.8819,
    0.8792,
    0.88,
    0.8799,
    0.8794,
    0.8781,
    0.87882,
    0.87745,
    0.87847,
    0.87858,
    0.87962,
    0.87878,
    0.8784,
    0.87837,
    0.87682,
    0.8755,
    0.87665,
    0.87466,
    0.87437,
    0.87348,
    0.87118,
    0.87092,
    0.87176,
    0.8721,
    0.8719,
    0.87206,
    0.87309,
    0.87268,
    0.87136,
    0.87536,
    0.87578,
    0.87358,
    0.87154,
    0.87125,
    0.87131,
    0.87174,
    0.872,
    0.87308,
    0.87454,
    0.8748,
    0.87561,
    0.87458,
    0.87505,
    0.87406,
    0.8754,
    0.87492,
    0.87482,
    0.8762,
    0.87512,
    0.87426,
    0.87398,
    0.87344,
    0.87244,
    0.87478,
    0.87507,
    0.87495,
    0.87514,
    0.8743,
    0.87188,
    0.87149,
    0.87096,
    0.87184,
    0.87107,
    0.87202,
    0.87574,
    0.8753,
    0.87533,
    0.875,
    0.87408,
    0.87459,
    0.87433,
    0.87434,
    0.87411,
    0.87245,
    0.8732,
    0.87272,
    0.87444,
    0.87394,
    0.87529,
    0.87554,
    0.87765,
    0.87866,
    0.87822,
    0.87892,
    0.87877,
    0.87826,
    0.8776,
    0.87706,
    0.87776,
    0.87766,
    0.87753,
    0.87758,
    0.87772,
    0.87854,
    0.87988,
    0.88096,
    0.88075,
    0.8812,
    0.88188,
    0.88034,
    0.87864,
    0.87598,
    0.87616,
    0.87626,
    0.87675,
    0.87635,
    0.87902,
    0.88043,
    0.87956,
    0.87978,
    0.87722,
    0.87743,
    0.87614,
    0.87668,
    0.87584,
    0.87489,
    0.8741,
    0.87256,
    0.87204,
    0.87253,
    0.8742,
    0.87568,
    0.87708,
    0.8778,
    0.8775,
    0.87968,
    0.87927,
    0.87684,
    0.87714,
    0.87699,
    0.8745,
    0.87089,
    0.87114,
    0.87132,
    0.87098,
    0.8715,
    0.87247,
    0.87594,
    0.87606,
    0.87532,
    0.87552,
    0.87312,
    0.87448,
    0.8737,
    0.87126,
    0.87102,
    0.8725,
    0.8717,
    0.8746,
    0.87726,
    0.87836,
    0.876,
    0.87814,
    0.87685,
    0.87653,
    0.877,
    0.88068,
    0.88153,
    0.87987,
    0.87816,
    0.87762,
    0.87672,
    0.87128,
    0.87156,
    0.87152,
    0.87194,
    0.87157,
    0.87628,
    0.87676,
    0.87832,
    0.87612,
    0.87446,
    0.87611,
    0.8761,
    0.87212,
    0.87179,
    0.8712,
    0.8718,
    0.87289,
    0.87384,
    0.87399,
    0.87499,
    0.87558,
    0.87817,
    0.87756,
    0.87652,
    0.8774,
    0.87815,
    0.87702,
    0.87754,
    0.87586,
    0.87916,
    0.87774,
    0.87794,
    0.87915,
    0.87953,
    0.87932,
    0.87992,
    0.88058,
    0.88055,
    0.88175,
    0.87994,
    0.88229,
    0.8818,
    0.88213,
    0.8821,
    0.88208,
    0.88145,
    0.88108,
    0.88028,
    0.87935,
    0.88142,
    0.87974,
    0.87896,
    0.87868,
    0.88137,
    0.8822,
    0.88125,
    0.88121,
    0.87966,
    0.88122,
    0.88214,
    0.87996,
    0.88085,
    0.88116,
    0.88196,
    0.88084,
    0.8803,
    0.88141,
    0.8807,
    0.88103,
    0.88222,
    0.88211,
    0.88203,
    0.88088,
    0.88035,
    0.88217,
    0.88234,
    0.87667,
    0.87509,
    0.87386,
    0.87798,
    0.87856,
    0.88073,
    0.88052,
    0.87755,
    0.87436,
    0.87443,
    0.87486,
    0.87377,
    0.8733,
    0.87428,
    0.87393,
    0.87674,
    0.87696,
    0.87698,
    0.87601,
    0.87599,
    0.87647,
    0.87397,
    0.87468,
    0.87472,
    0.8763,
    0.87744,
    0.87688,
    0.87691,
    0.87704,
    0.87686,
    0.8735,
    0.87178,
    0.87281,
    0.87422,
    0.87396,
    0.87369,
    0.87506,
    0.8773,
    0.87644
  ],