{
  "Fifteen_Min": [
    0,
    0.90524,
    0.90528,
    0.90562,
    0.90556,
    0.90546,
    0.90538,
    0.9052,
    0.90526,
    0.9055,
    0.90553,
    0.90547,
    0.90594,
    0.90601,
    0.90634,
    0.90656,
    0.90617,
    0.9062,
    0.90628,
    0.90625,
    0.90612,
    0.90627,
    0.90642,
    0.90671,
    0.90674,
    0.906,
    0.90596,
    0.90577,
    0.90569,
    0.90564,
    0.90523,
    0.90542,
    0.90536,
    0.90543,
    0.90535,
    0.90516,
    0.90521,
    0.90539,
    0.90552,
    0.90608,
    0.90623,
    0.90655,
    0.90708,
    0.90648,
    0.90614,
    0.90589,
    0.90574,
    0.90572,
    0.90554,
    0.9056,
    0.90584,
    0.90606,
    0.90607,
    0.90531,
    0.90595,
    0.90591,
    0.90567,
    0.90599,
    0.9061,
    0.9058,
    0.90541,
    0.90519,
    0.9053,
    0.90534,
    0.90544,
    0.9057,
    0.90565,
    0.90558,
    0.90568,
    0.90548,
    0.90532,
    0.9054,
    0.90566,
    0.90638,
    0.90658,
    0.9066,
    0.90659,
    0.90635,
    0.90654,
    0.90602,
    0.90586,
    0.90583,
    0.90737,
    0.90752,
    0.90669,
    0.9074,
    0.9077,
    0.90843,
    0.90842,
    0.9082,
    0.90805,
    0.90754,
    0.90838,
    0.90836,
    0.90798,
    0.90768,
    0.90808,
    0.90806,
    0.90796,
    0.90794,
    0.9078,
    0.90788,
    0.90846,
    0.90833,
    0.90766,
    0.9075,
    0.90746,
    0.9072,
    0.90726,
    0.90724,
    0.90717,
    0.90718,
    0.90727,
    0.90736,
    0.9079,
    0.90807,
    0.90782,
    0.90787,
    0.908,
    0.90834,
    0.90817,
    0.90828,
    0.90804,
    0.90852,
    0.90841,
    0.90845,
    0.90839,
    0.90735,
    0.90747,
    0.9076,
    0.90776,
    0.90774,
    0.90778,
    0.90722,
    0.90832,
    0.90847,
    0.90837,
    0.90814,
    0.90849,
    0.90757,
    0.90791,
    0.90773,
    0.90739,
    0.90688,
    0.90702,
    0.90701,
    0.9071,
    0.90686,
    0.9065,
    0.90522,
    0.90598,
    0.90618,
    0.90626,
    0.90632,
    0.90622,
    0.90644,
    0.9064,
    0.90588,
    0.90664
  ],
  "Thirty_Min": [
    0,
    0,
    0
  ],
  "One_Hour": [
    0,
    0,
    0
  ],
  "Two_Hour": [
    0,
    0,
    0
  ],
  "Four_Hour": [
    0,
    0.88976,
    0.89134,
    0.89088,
    0.89056,
    0.89115,
    0.89206,
    0.89319,
    0.8943,
    0.89195,
    0.89232,
    0.89293,
    0.89122,
    0.89053,
    0.8915,
    0.89404,
    0.89426,
    0.8959,
    0.89606,
    0.89252,
    0.89061,
    0.88929,
    0.88853,
    0.88834,
    0.8893,
    0.89016,
    0.88918,
    0.88908,
    0.8887,
    0.88912,
    0.89178,
    0.89108,
    0.89172,
    0.89786,
    0.8957,
    0.89715,
    0.8962,
    0.8978,
    0.89655,
    0.89729,
    0.89691,
    0.89372,
    0.889,
    0.8906,
    0.8916,
    0.89204,
    0.89365,
    0.89492,
    0.89422,
    0.8936,
    0.892,
    0.89164,
    0.88826,
    0.88862,
    0.88874,
    0.88926,
    0.88893,
    0.8885,
    0.88954,
    0.89066,
    0.89294,
    0.89772,
    0.89738,
    0.89712,
    0.89722,
    0.89626,
    0.89582,
    0.89612,
    0.89682,
    0.89664,
    0.89646,
    0.89524,
    0.89514,
    0.89596,
    0.89752,
    0.89742,
    0.89678,
    0.8971,
    0.89751,
    0.89586,
    0.8961,
    0.89648,
    0.89671,
    0.89667,
    0.89598,
    0.89604,
    0.89581,
    0.89376,
    0.89265,
    0.89347,
    0.89411,
    0.89486,
    0.8953,
    0.89631,
    0.8973,
    0.89765,
    0.89748,
    0.89605,
    0.89684,
    0.89782,
    0.89696,
    0.893,
    0.89322,
    0.89244,
    0.8925,
    0.89062,
    0.89082,
    0.88866,
    0.8896,
    0.88934,
    0.8884,
    0.88894,
    0.88842,
    0.88928,
    0.88925,
    0.8888,
    0.88962,
    0.88897,
    0.89369,
    0.89379,
    0.89477,
    0.89407,
    0.89484,
    0.89538,
    0.89572,
    0.88963,
    0.88958,
    0.89035,
    0.8902,
    0.89174,
    0.89424,
    0.8966,
    0.89704,
    0.89522,
    0.8956,
    0.89676,
    0.89719,
    0.89706,
    0.89758,
    0.89479,
    0.89268,
    0.89454,
    0.8945,
    0.8904,
    0.89231,
    0.89132,
    0.88858,
    0.88975,
    0.89516,
    0.8974,
    0.89734,
    0.897,
    0.89628,
    0.89408,
    0.89233,
    0.89136,
    0.8927,
    0.89651,
    0.89276,
    0.8929,
    0.89225,
    0.89262,
    0.89012,
    0.88956,
    0.88968,
    0.88852,
    0.88864,
    0.89212,
    0.89314,
    0.89442,
    0.89384,
    0.8917,
    0.89284,
    0.8926,
    0.89292,
    0.89674,
    0.89315,
    0.88869,
    0.88946,
    0.88924,
    0.8895,
    0.8892,
    0.88828,
    0.89071,
    0.88995,
    0.89054,
    0.89084,
    0.88986,
    0.89085,
    0.89018,
    0.89152,
    0.89428,
    0.89448,
    0.89714,
    0.89687,
    0.89654,
    0.89558,
    0.89688,
    0.89788,
    0.8977,
    0.89773,
    0.89724,
    0.89562,
    0.8964,
    0.89434,
    0.89585,
    0.89608,
    0.8958,
    0.8924,
    0.89138,
    0.88996,
    0.89058,
    0.89297,
    0.89325,
    0.89114,
    0.89022,
    0.89038,
    0.88915,
    0.89282,
    0.89474,
    0.89703,
    0.89497,
    0.8942,
    0.89148,
    0.89181,
    0.89026,
    0.8922,
    0.89406,
    0.89126,
    0.89142,
    0.89098,
    0.89326,
    0.89414,
    0.89681,
    0.8976,
    0.89726,
    0.89659,
    0.89525,
    0.89358,
    0.89732,
    0.89501,
    0.89523,
    0.89544,
    0.89698,
    0.89652,
    0.896,
    0.89641,
    0.89754,
    0.89328,
    0.89354,
    0.89578,
    0.89588,
    0.89539,
    0.89618,
    0.89645,
    0.89566,
    0.89308,
    0.89396,
    0.89416,
    0.89238,
    0.89146,
    0.88836,
    0.88843,
    0.88877,
    0.88942,
    0.88916,
    0.88892,
    0.88957,
    0.88848,
    0.89101,
    0.8913,
    0.89189,
    0.89352,
    0.89302,
    0.89253,
    0.89156,
    0.8911,
    0.89161,
    0.89106,
    0.89166,
    0.89131,
    0.89078,
    0.8912,
    0.89112,
    0.89187,
    0.89211,
    0.89192,
    0.89137,
    0.89044,
    0.88891,
    0.88829,
    0.88856,
    0.88881,
    0.88895,
    0.88865,
    0.88901,
    0.89086,
    0.89216,
    0.89274,
    0.89188,
    0.89418,
    0.89306,
    0.89543,
    0.89638,
    0.89739,
    0.89473,
    0.89079,
    0.891,
    0.89472,
    0.894,
    0.89485,
    0.89465,
    0.89476,
    0.89015,
    0.89052,
    0.89008,
    0.88879,
    0.88984,
    0.89037,
    0.8908,
    0.89069,
    0.89092,
    0.89124
  ],