{
  "Fifteen_Min": [
    0,
    0.89919,
    0.8993,
    0.89907,
    0.89859,
    0.89851,
    0.89842,
    0.89831,
    0.89818,
    0.89892,
    0.89903,
    0.89864,
    0.89874,
    0.89902,
    0.89877,
    0.89888,
    0.89934,
    0.89802,
    0.898,
    0.89792,
    0.89826,
    0.8988,
    0.89875,
    0.899,
    0.89908,
    0.8992,
    0.89886,
    0.89862,
    0.89904,
    0.89922,
    0.89918,
    0.89926,
    0.89905,
    0.89894,
    0.8984,
    0.89822,
    0.89834,
    0.89854,
    0.8982,
    0.89828,
    0.8983,
    0.89796,
    0.89825,
    0.89832,
    0.89873,
    0.89867,
    0.8991,
    0.89932,
    0.89936,
    0.89858,
    0.89847,
    0.8989,
    0.89809,
    0.89808,
    0.8987,
    0.8981,
    0.89848,
    0.89884,
    0.89817,
    0.89896,
    0.89868,
    0.89898,
    0.89906,
    0.89914,
    0.89883,
    0.89841,
    0.8979,
    0.89829,
    0.89816,
    0.89805,
    0.89814,
    0.89899,
    0.89801,
    0.89925,
    0.89931,
    0.89916,
    0.89938,
    0.8985,
    0.89844,
    0.89824,
    0.8986,
    0.89846,
    0.89856,
    0.89885,
    0.89928,
    0.89878,
    0.89891,
    0.89915,
    0.89939,
    0.89837,
    0.89863,
    0.89857,
    0.89912,
    0.89865,
    0.89788,
    0.89839,
    0.89812,
    0.89787,
    0.89876,
    0.89927,
    0.89917,
    0.89924,
    0.89911,
    0.89901,
    0.89869,
    0.89833,
    0.89871,
    0.89804,
    0.89866,
    0.89929,
    0.89935,
    0.89793,
    0.89795,
    0.89815,
    0.89821,
    0.89835
  ],
  "Thirty_Min": [
    0,
    0,
    0
  ],
  "One_Hour": [
    0,
    0,
    0
  ],
  "Two_Hour": [
    0,
    0,
    0
  ],
  "Four_Hour": [
    0,
    0.88976,
    0.89134,
    0.89088,
    0.89056,
    0.89115,
    0.89206,
    0.89319,
    0.8943,
    0.89195,
    0.89232,
    0.89293,
    0.89122,
    0.89053,
    0.8915,
    0.89404,
    0.89426,
    0.8959,
    0.89606,
    0.89252,
    0.89061,
    0.88929,
    0.88853,
    0.88834,
    0.8893,
    0.89016,
    0.88918,
    0.88908,
    0.8887,
    0.88912,
    0.89178,
    0.89108,
    0.89172,
    0.89786,
    0.8957,
    0.89715,
    0.8962,
    0.8978,
    0.89655,
    0.89729,
    0.89691,
    0.89372,
    0.889,
    0.8906,
    0.8916,
    0.89204,
    0.89365,
    0.89492,
    0.89422,
    0.8936,
    0.892,
    0.89164,
    0.88826,
    0.88862,
    0.88874,
    0.88926,
    0.88893,
    0.8885,
    0.88954,
    0.89066,
    0.89294,
    0.89772,
    0.89738,
    0.89712,
    0.89722,
    0.89626,
    0.89582,
    0.89612,
    0.89682,
    0.89664,
    0.89646,
    0.89524,
    0.89514,
    0.89596,
    0.89752,
    0.89742,
    0.89678,
    0.8971,
    0.89751,
    0.89586,
    0.8961,
    0.89648,
    0.89671,
    0.89667,
    0.89598,
    0.89604,
    0.89581,
    0.89376,
    0.89265,
    0.89347,
    0.89411,
    0.89486,
    0.8953,
    0.89631,
    0.8973,
    0.89765,
    0.89748,
    0.89605,
    0.89684,
    0.89782,
    0.89696,
    0.893,
    0.89322,
    0.89244,
    0.8925,
    0.89062,
    0.89082,
    0.88866,
    0.8896,
    0.88934,
    0.8884,
    0.88894,
    0.88842,
    0.88928,
    0.88925,
    0.8888,
    0.88962,
    0.88897,
    0.89369,
    0.89379,
    0.89477,
    0.89407,
    0.89484,
    0.89538,
    0.89572,
    0.88963,
    0.88958,
    0.89035,
    0.8902,
    0.89174,
    0.89424,
    0.8966,
    0.89704,
    0.89522,
    0.8956,
    0.89676,
    0.89719,
    0.89706,
    0.89758,
    0.89479,
    0.89268,
    0.89454,
    0.8945,
    0.8904,
    0.89231,
    0.89132,
    0.88858,
    0.88975,
    0.89516,
    0.8974,
    0.89734,
    0.897,
    0.89628,
    0.89408,
    0.89233,
    0.89136,
    0.8927,
    0.89651,
    0.89276,
    0.8929,
    0.89225,
    0.89262,
    0.89012,
    0.88956,
    0.88968,
    0.88852,
    0.88864,
    0.89212,
    0.89314,
    0.89442,
    0.89384,
    0.8917,
    0.89284,
    0.8926,
    0.89292,
    0.89674,
    0.89315,
    0.88869,
    0.88946,
    0.88924,
    0.8895,
    0.8892,
    0.88828,
    0.89071,
    0.88995,
    0.89054,
    0.89084,
    0.88986,
    0.89085,
    0.89018,
    0.89152,
    0.89428,
    0.89448,
    0.89714,
    0.89687,
    0.89654,
    0.89558,
    0.89688,
    0.89788,
    0.8977,
    0.89773,
    0.89724,
    0.89562,
    0.8964,
    0.89434,
    0.89585,
    0.89608,
    0.8958,
    0.8924,
    0.89138,
    0.88996,
    0.89058,
    0.89297,
    0.89325,
    0.89114,
    0.89022,
    0.89038,
    0.88915,
    0.89282,
    0.89474,
    0.89703,
    0.89497,
    0.8942,
    0.89148,
    0.89181,
    0.89026,
    0.8922,
    0.89406,
    0.89126,
    0.89142,
    0.89098,
    0.89326,
    0.89414,
    0.89681,
    0.8976,
    0.89726,
    0.89659,
    0.89525,
    0.89358,
    0.89732,
    0.89501,
    0.89523,
    0.89544,
    0.89698,
    0.89652,
    0.896,
    0.89641,
    0.89754,
    0.89328,
    0.89354,
    0.89578,
    0.89588,
    0.89539,
    0.89618,
    0.89645,
    0.89566,
    0.89308,
    0.89396,
    0.89416,
    0.89238,
    0.89146,
    0.88836,
    0.88843,
    0.88877,
    0.88942,
    0.88916,
    0.88892,
    0.88957,
    0.88848,
    0.89101,
    0.8913,
    0.89189,
    0.89352,
    0.89302,
    0.89253,
    0.89156,
    0.8911,
    0.89161,
    0.89106,
    0.89166,
    0.89131,
    0.89078,
    0.8912,
    0.89112,
    0.89187,
    0.89211,
    0.89192,
    0.89137,
    0.89044,
    0.88891,
    0.88829,
    0.88856,
    0.88881,
    0.88895,
    0.88865,
    0.88901,
    0.89086,
    0.89216,
    0.89274,
    0.89188,
    0.89418,
    0.89306,
    0.89543,
    0.89638,
    0.89739,
    0.89473,
    0.89079,
    0.891,
    0.89472,
    0.894,
    0.89485,
    0.89465,
    0.89476,
    0.89015,
    0.89052,
    0.89008,
    0.88879,
    0.88984,
    0.89037,
    0.8908,
    0.89069,
    0.89092,
    0.89124
  ],