{
  "Fifteen_Min": [
    0,
    0.89762,
    0.89716,
    0.89732,
    0.89754,
    0.89744,
    0.89755,
    0.89747,
    0.89759,
    0.89751,
    0.89726,
    0.8974,
    0.89714,
    0.89711,
    0.89695,
    0.89701,
    0.89704,
    0.89735,
    0.89724,
    0.89725,
    0.89712,
    0.89752,
    0.89753,
    0.89742,
    0.89722,
    0.89708,
    0.89718,
    0.89706,
    0.8971,
    0.89768,
    0.8977,
    0.89738,
    0.89664,
    0.89766,
    0.89644,
    0.89662,
    0.89709,
    0.89678,
    0.89703,
    0.89745,
    0.89737,
    0.897,
    0.89619,
    0.89627,
    0.89621,
    0.8964,
    0.89636,
    0.89646,
    0.89651,
    0.89656,
    0.8967,
    0.89642,
    0.89632,
    0.89624,
    0.89653,
    0.89657,
    0.8966,
    0.89675,
    0.89666,
    0.89707,
    0.89696,
    0.89692,
    0.89723,
    0.89728,
    0.8975,
    0.89758,
    0.89713,
    0.89687,
    0.8972,
    0.89684,
    0.89683,
    0.89702,
    0.8976,
    0.89665,
    0.8968,
    0.89658,
    0.89618,
    0.89691,
    0.8969,
    0.89693,
    0.89764,
    0.89746,
    0.89748,
    0.89734,
    0.89652,
    0.89668,
    0.89635,
    0.8965,
    0.89736,
    0.89717,
    0.89654,
    0.89663,
    0.89677,
    0.89688,
    0.89648,
    0.89647,
    0.89634,
    0.89655,
    0.89676,
    0.89622,
    0.89661,
    0.89641,
    0.8962,
    0.89649,
    0.8973,
    0.89731,
    0.89705,
    0.89756,
    0.89733,
    0.89715,
    0.89719,
    0.89638
  ],
  "Thirty_Min": [
    0,
    0,
    0
  ],
  "One_Hour": [
    0,
    0,
    0
  ],
  "Two_Hour": [
    0,
    0,
    0
  ],
  "Four_Hour": [
    0
  ],
  "Daily": [
    0,
    0.89871,
    0.89816,
    0.89222,
    0.8979,
    0.8991,
    0.89732,
    0.89364,
    0.89886,
    0.89874,
    0.89928,
    0.89868,
    0.89758,
    0.89804,
    0.89686,
    0.89592,
    0.89396,
    0.89654,
    0.89483,
    0.89882,
    0.89725,
    0.89838,
    0.89582,
    0.89527,
    0.8937,
    0.88655,
    0.89402,
    0.89621,
    0.89666,
    0.8964,
    0.8969,
    0.89678,
    0.89126,
    0.89241,
    0.89646,
    0.89894,
    0.89772,
    0.8959,
    0.89108,
    0.89104,
    0.89286,
    0.89836,
    0.89927,
    0.89911,
    0.898,
    0.89888,
    0.89332,
    0.89522,
    0.8954,
    0.89822,
    0.89466,
    0.89884,
    0.89698,
    0.89204,
    0.88966,
    0.8914,
    0.88778,
    0.88532,
    0.88908,
    0.89468,
    0.89412,
    0.88798,
    0.89045,
    0.89201,
    0.89152,
    0.88968,
    0.88861,
    0.8867,
    0.88274,
    0.88131,
    0.88704,
    0.88702,
    0.89092,
    0.8928,
    0.89322,
    0.88616,
    0.88636,
    0.88722,
    0.89182,
    0.89114,
    0.89128,
    0.89253,
    0.8953,
    0.89655,
    0.89867,
    0.89896,
    0.89366,
    0.89818,
    0.8942,
    0.89576,
    0.89542,
    0.89644,
    0.89331,
    0.89038,
    0.89676,
    0.89598,
    0.89154,
    0.88903,
    0.8871,
    0.8889,
    0.88281,
    0.88576,
    0.88418,
    0.88666,
    0.88004,
    0.88489,
    0.88462,
    0.88808,
    0.88734,
    0.89231,
    0.89376,
    0.89386,
    0.89525,
    0.89456,
    0.89106,
    0.89243,
    0.89428,
    0.89784,
    0.8972,
    0.89533,
    0.89351,
    0.89608,
    0.89858,
    0.89738,
    0.89301,
    0.89354,
    0.88588,
    0.88802,
    0.88368,
    0.89121,
    0.88688,
    0.88844,
    0.88653,
    0.89141,
    0.89135,
    0.8943,
    0.89306,
    0.888,
    0.88686,
    0.88311,
    0.88566,
    0.88768,
    0.88388,
    0.88135,
    0.88174,
    0.88894,
    0.89221,
    0.89716,
    0.89161,
    0.8936,
    0.88863,
    0.89918,
    0.89722,
    0.89752,
    0.8971,
    0.89766,
    0.89244,
    0.8896,
    0.88742,
    0.88631,
    0.88282,
    0.88393,
    0.88693,
    0.88962,
    0.89408,
    0.88958,
    0.89704,
    0.89834,
    0.8884,
    0.88014,
    0.88237,
    0.88403,
    0.88492,
    0.88564,
    0.88646,
    0.88448,
    0.89516,
    0.897,
    0.89133,
    0.8929,
    0.89023,
    0.88767,
    0.8926,
    0.88706,
    0.88074,
    0.88603,
    0.88148,
    0.8858,
    0.886,
    0.88306,
    0.88038,
    0.89066,
    0.89019,
    0.89833,
    0.89558,
    0.89814,
    0.89788,
    0.89924,
    0.89563,
    0.89058,
    0.8915,
    0.89153,
    0.89803,
    0.89683,
    0.8988,
    0.89526,
    0.89692,
    0.89544,
    0.89642,
    0.89578,
    0.89417,
    0.88843,
    0.88486,
    0.8855,
    0.87684,
    0.87618,
    0.87676,
    0.87268,
    0.87212,
    0.873,
    0.87821,
    0.87582,
    0.87708,
    0.8785,
    0.87416,
    0.87558,
    0.87258,
    0.87233,
    0.87349,
    0.87818,
    0.87515,
    0.87698,
    0.87832,
    0.87304,
    0.87474,
    0.8789,
    0.87812,
    0.8763,
    0.87614,
    0.87346,
    0.87318,
    0.8744,
    0.87621,
    0.8759,
    0.8767,
    0.87236,
    0.87188,
    0.87338,
    0.87446,
    0.87878,
    0.8792,
    0.87913,
    0.8777,
    0.88723,
    0.8847,
    0.88678,
    0.87158,
    0.87152
  ],
  "Weekly": [
    0,
    0.89888,
    0.89799,
    0.90563,
    0.91034,
    0.91132,
    0.9044,
    0.91016,
    0.90711,
    0.90892,
    0.90539,
    0.88606,
    0.88637,
    0.88874,
    0.88968,
    0.88176,
    0.88191,
    0.88386,
    0.90318,
    0.9031,
    0.90514,
    0.9081,
    0.9099,
    0.89578,
    0.88363,
    0.88379,
    0.89629,
    0.89922,
    0.90465,
    0.90056,
    0.90661,
    0.90342,
    0.88946,
    0.88071,
    0.90312,
    0.88676,
    0.89996,
    0.89448,
    0.90714,
    0.88218,
    0.88764,
    0.90908,
    0.90642,
    0.89347,
    0.88812,
    0.90072,
    0.90532,
    0.90242,
    0.88193,
    0.89366,
    0.89107,
    0.90467,
    0.89411,
    0.90728,
    0.90998,
    0.89816,
    0.89731,
    0.89757,
    0.89654,
    0.90181,
    0.89724,
    0.89631,
    0.8969,
    0.90016,
    0.89104,
    0.90748,
    0.90175,
    0.90258,
    0.90679,
    0.90579,
    0.90767,
    0.90327,
    0.90069,
    0.89821,
    0.89697,
    0.88531,
    0.88797,
    0.88635,
    0.89127,
    0.90108,
    0.90446,
    0.90975,
    0.90502,
    0.91143,
    0.91045,
    0.89866,
    0.9079,
    0.90523,
    0.90284,
    0.89365,
    0.90328,
    0.90798,
    0.90796,
    0.89575,
    0.90463,
    0.90755,
    0.90068,
    0.90348,
    0.89465,
    0.88665,
    0.88488,
    0.89432,
    0.89456,
    0.89428,
    0.8935,
    0.89858,
    0.8912,
    0.8914,
    0.888,
    0.88565,
    0.88894,
    0.8936,
    0.90366,
    0.91,
    0.90358,
    0.90086,
    0.89646,
    0.8962,
    0.90316,
    0.9005,
    0.89765,
    0.88798,
    0.88692,
    0.8996,
    0.88236,
    0.88858,
    0.89022,
    0.88073,
    0.8895,
    0.89788,
    0.89682,
    0.90216,
    0.89732,
    0.89645,
    0.886,
    0.8847,
    0.88086,
    0.88671,
    0.88492,
    0.88848,
    0.88644,
    0.8827,
    0.89016,
    0.89315,
    0.90452,
    0.9029,
    0.90572,
    0.9067,
    0.90586,
    0.90847,
    0.9092,
    0.90325,
    0.90228,
    0.90526,
    0.91094,
    0.91042,
    0.90818,
    0.90462,
    0.90581,
    0.89868,
    0.89686,
    0.89778,
    0.89666,
    0.90236,
    0.89632,
    0.90075
  ]
}