{
  "Fifteen_Min": [
    0,
    0.8395,
    0.83957,
    0.83953,
    0.83959,
    0.83946,
    0.83948,
    0.83969,
    0.8394,
    0.83884,
    0.83776,
    0.83852,
    0.83837,
    0.83786,
    0.83832,
    0.83823,
    0.83895,
    0.83886,
    0.83896,
    0.8393,
    0.83937,
    0.83906,
    0.83898,
    0.83944,
    0.83945,
    0.83962
  ],
  "Thirty_Min": [
    0,
    0,
    0
  ],
  "One_Hour": [
    0,
    0,
    0
  ],
  "Two_Hour": [
    0,
    0,
    0
  ],
  "Four_Hour": [
    0
  ],
  "Daily": [
    0,
    0.87942,
    0.87542,
    0.8693,
    0.86782,
    0.8788,
    0.87226,
    0.87208,
    0.86684,
    0.8719,
    0.87808,
    0.88815,
    0.89848,
    0.8974,
    0.89953,
    0.89951,
    0.8847,
    0.89458,
    0.89344,
    0.89462,
    0.89766,
    0.89414,
    0.89144,
    0.89194,
    0.88898,
    0.89777,
    0.89492,
    0.89604,
    0.89836,
    0.89055,
    0.8888,
    0.88686,
    0.88504,
    0.88534,
    0.89037,
    0.88852,
    0.89121,
    0.89005,
    0.89488,
    0.89274,
    0.8878,
    0.88838,
    0.8852,
    0.8867,
    0.88884,
    0.8929,
    0.89408,
    0.89672,
    0.89583,
    0.89302,
    0.89292,
    0.887,
    0.88189,
    0.88499,
    0.88287,
    0.886,
    0.88762,
    0.88901,
    0.89478,
    0.89756,
    0.89812,
    0.89246,
    0.88885,
    0.8921,
    0.89374,
    0.89266,
    0.89486,
    0.89036,
    0.88308,
    0.88114,
    0.88212,
    0.88004,
    0.87904,
    0.88555,
    0.89158,
    0.89732,
    0.89306,
    0.89762,
    0.89674,
    0.89763,
    0.89646,
    0.8971,
    0.89556,
    0.8977,
    0.89582,
    0.8932,
    0.88524,
    0.88383,
    0.87742,
    0.87834,
    0.88016,
    0.88166,
    0.87906,
    0.8792,
    0.87882,
    0.87682,
    0.87348,
    0.8698,
    0.86914,
    0.8707,
    0.87206,
    0.87048,
    0.86828,
    0.87174,
    0.87454,
    0.87406,
    0.87244,
    0.8683,
    0.87034,
    0.87076,
    0.87082,
    0.8744,
    0.87394,
    0.87706,
    0.87758,
    0.88034,
    0.87675,
    0.87956,
    0.87766,
    0.87584,
    0.87204,
    0.8778,
    0.87358,
    0.86552,
    0.86766,
    0.87089,
    0.8714,
    0.87536,
    0.8742,
    0.865,
    0.86749,
    0.87027,
    0.86862,
    0.8666,
    0.8659,
    0.86528,
    0.86576,
    0.86757,
    0.86822,
    0.8746,
    0.87814,
    0.87672,
    0.87156,
    0.8685,
    0.86622,
    0.86499,
    0.86666,
    0.87777,
    0.87179,
    0.87499,
    0.8774,
    0.87754,
    0.87794,
    0.87932,
    0.88224,
    0.88318,
    0.8821,
    0.88336,
    0.88554,
    0.87878,
    0.87896,
    0.8822,
    0.88252,
    0.8799,
    0.88787,
    0.89385,
    0.89354,
    0.89841,
    0.89691,
    0.89898,
    0.89695,
    0.89442,
    0.89164,
    0.89325,
    0.89236,
    0.89043,
    0.89217,
    0.89013,
    0.888,
    0.88387,
    0.88102,
    0.88344,
    0.88248,
    0.88096,
    0.88203,
    0.90526,
    0.90466,
    0.87941,
    0.87541,
    0.88814,
    0.89847,
    0.90346,
    0.89952,
    0.9031,
    0.90028,
    0.8995,
    0.90264,
    0.90516,
    0.90232,
    0.90094,
    0.901,
    0.89461,
    0.90355,
    0.90584,
    0.9046,
    0.90588,
    0.90486,
    0.90016,
    0.90212,
    0.90276,
    0.90255,
    0.90638,
    0.905,
    0.90546,
    0.89143,
    0.89193,
    0.89776,
    0.89835,
    0.89054,
    0.88879,
    0.88503,
    0.8912,
    0.89004,
    0.89487,
    0.88519,
    0.89407,
    0.89671,
    0.89291,
    0.88699,
    0.88188,
    0.88498,
    0.88286,
    0.88599,
    0.889,
    0.89755,
    0.89265,
    0.88113,
    0.89289,
    0.89958,
    0.90162,
    0.90596,
    0.90308,
    0.90349,
    0.90218,
    0.89305,
    0.89761,
    0.90091,
    0.90146,
    0.90073,
    0.90306,
    0.90331,
    0.90102,
    0.90108,
    0.89581,
    0.89319,
    0.88382,
    0.87741,
    0.88015,
    0.87905,
    0.87919,
    0.87705,
    0.87674,
    0.87419,
    0.87671,
    0.87776,
    0.87498,
    0.87739,
    0.88553,
    0.87895,
    0.88219,
    0.88251,
    0.88786,
    0.88883,
    0.89384,
    0.8984,
    0.8969,
    0.90215,
    0.90313,
    0.90166,
    0.89694,
    0.89324,
    0.89235,
    0.89042,
    0.89216,
    0.89012,
    0.89035,
    0.88386,
    0.88202,
    0.88428,
    0.87855,
    0.87442,
    0.87598,
    0.87468,
    0.87816,
    0.8751,
    0.87807,
    0.87966,
    0.88024,
    0.87998,
    0.88068,
    0.87928,
    0.87964,
    0.8743,
    0.87449,
    0.87894,
    0.8802,
    0.87926,
    0.87752,
    0.87846,
    0.87661,
    0.88234,
    0.8787,
    0.8803,
    0.87986,
    0.87762,
    0.88086,
    0.88512,
    0.8883,
    0.88741,
    0.88993,
    0.8817,
    0.88467,
    0.87981,
    0.8781,
    0.87382,
    0.87556,
    0.87472,
    0.87386,
    0.87836,
    0.88316,
    0.88488,
    0.87357,
    0.8733,
    0.87336,
    0.90654
  ],
  "Weekly": [
    0,
    0.84207,
    0.86264,
    0.86282,
    0.85802,
    0.85818,
    0.84752,
    0.8443,
    0.8428,
    0.84806,
    0.84394,
    0.84964
  ]
}