{
  "Fifteen_Min": [
    0,
    0.5614,
    0.56059,
    0.56092,
    0.56084,
    0.56014,
    0.56007,
    0.56046,
    0.56056,
    0.56058,
    0.56076,
    0.56152,
    0.56104,
    0.56099,
    0.56086,
    0.56088,
    0.56072,
    0.56096,
    0.56101,
    0.5608,
    0.5609,
    0.56048,
    0.56028,
    0.56029,
    0.55996,
    0.5601,
    0.55995,
    0.56004,
    0.56018,
    0.56008,
    0.5603,
    0.5604,
    0.5605,
    0.56073,
    0.56082,
    0.56102,
    0.56128,
    0.56052,
    0.56078,
    0.56069,
    0.56044,
    0.56049
  ],
  "Thirty_Min": [
    0,
    0,
    0
  ],
  "One_Hour": [
    0,
    0,
    0
  ],
  "Two_Hour": [
    0,
    0,
    0
  ],
  "Four_Hour": [
    0
  ],
  "Daily": [
    0,
    0.57931,
    0.57672,
    0.55902,
    0.56642,
    0.57228,
    0.57502,
    0.58236,
    0.5812,
    0.58292,
    0.58184,
    0.58307,
    0.5787,
    0.57876,
    0.57376,
    0.5726,
    0.5734,
    0.57322,
    0.57268,
    0.57125,
    0.5694,
    0.5697,
    0.567,
    0.56533,
    0.56252,
    0.56515,
    0.56345,
    0.56551,
    0.56751,
    0.56638,
    0.56824,
    0.56924,
    0.56882,
    0.57132,
    0.57144,
    0.5674,
    0.56875,
    0.56916,
    0.57296,
    0.57286,
    0.57388,
    0.57686,
    0.57732,
    0.57744,
    0.57936,
    0.5795,
    0.58032,
    0.58045,
    0.58017,
    0.58126,
    0.58102,
    0.58128,
    0.57849,
    0.57358,
    0.56812,
    0.57093,
    0.56966,
    0.56418,
    0.5635,
    0.56444,
    0.56765,
    0.56576,
    0.56826,
    0.57168,
    0.57504,
    0.57688,
    0.5803,
    0.58291,
    0.57934,
    0.5758,
    0.5749,
    0.57396,
    0.57496,
    0.57808,
    0.57517,
    0.57702,
    0.57932,
    0.57834,
    0.57981,
    0.58125,
    0.58158,
    0.57828,
    0.57811,
    0.57776,
    0.57327,
    0.57288,
    0.5778,
    0.57415,
    0.58054,
    0.58116,
    0.58153,
    0.5822,
    0.58065,
    0.58244,
    0.58206,
    0.57725,
    0.57696,
    0.57304,
    0.57498,
    0.5715,
    0.5702,
    0.57106,
    0.56992,
    0.56996,
    0.57007,
    0.56972,
    0.5699,
    0.56722,
    0.56634,
    0.57061,
    0.57098,
    0.584,
    0.58625,
    0.58574,
    0.58421,
    0.58622,
    0.58425,
    0.5858,
    0.58532,
    0.5843,
    0.58368,
    0.57261,
    0.56733,
    0.57085,
    0.56815,
    0.56902,
    0.5657,
    0.56384,
    0.56465,
    0.56735,
    0.57031
  ],
  "Weekly": [
    0,
    0.58889,
    0.57228,
    0.58625,
    0.58574,
    0.58987,
    0.5896,
    0.58292,
    0.5787,
    0.5734,
    0.5694,
    0.56515,
    0.56638,
    0.57132,
    0.57732,
    0.58425,
    0.58102,
    0.56812,
    0.5635,
    0.57168,
    0.57396,
    0.57702,
    0.58013,
    0.57896,
    0.58206,
    0.57304,
    0.57106,
    0.5701,
    0.56815,
    0.56465,
    0.57066,
    0.57537,
    0.57833,
    0.57642,
    0.58146,
    0.57964,
    0.58458,
    0.58784,
    0.59094,
    0.58424,
    0.58992,
    0.58882,
    0.57852,
    0.55862,
    0.5686,
    0.57622,
    0.57506,
    0.56242,
    0.56936,
    0.57882,
    0.58008,
    0.57878,
    0.57992,
    0.57246,
    0.57048,
    0.57398,
    0.57458,
    0.5616,
    0.56814,
    0.55839,
    0.56068,
    0.56458,
    0.56322,
    0.56662,
    0.56655,
    0.57061,
    0.57071
  ]
}