{
  "Fifteen_Min": [
    0,
    0.60438,
    0.60444,
    0.60454,
    0.60466,
    0.60472,
    0.6047,
    0.60464,
    0.60482,
    0.6049,
    0.60505,
    0.60522,
    0.60518,
    0.60481,
    0.60512,
    0.60509,
    0.6052,
    0.6054,
    0.60544,
    0.60546,
    0.60532,
    0.60523,
    0.60514,
    0.60516,
    0.60496,
    0.60471,
    0.60447,
    0.60442,
    0.6045,
    0.60448,
    0.6051,
    0.60513,
    0.60462,
    0.60487,
    0.60556,
    0.60526,
    0.60502,
    0.60484,
    0.60494,
    0.60492,
    0.60469,
    0.60476,
    0.60479,
    0.60495,
    0.605,
    0.60529,
    0.60555,
    0.60577,
    0.60616,
    0.6056,
    0.60652,
    0.60655,
    0.60678,
    0.60662,
    0.60658,
    0.6067,
    0.60675,
    0.60689,
    0.60698,
    0.60692,
    0.6071,
    0.60709,
    0.60715,
    0.6074,
    0.60752,
    0.60763,
    0.60766,
    0.60783,
    0.60786,
    0.60777,
    0.60776,
    0.60782,
    0.60738,
    0.60679,
    0.60696,
    0.60654,
    0.60624,
    0.60646,
    0.6064,
    0.60706,
    0.60702,
    0.60687,
    0.60708,
    0.60716,
    0.60724,
    0.6073,
    0.60712,
    0.60718,
    0.60714,
    0.60726,
    0.6072,
    0.60749,
    0.60756,
    0.6076,
    0.60764,
    0.60604,
    0.6063,
    0.60653,
    0.6062,
    0.60614,
    0.60635,
    0.60617,
    0.60631,
    0.60641,
    0.60622,
    0.60607,
    0.6058,
    0.60596,
    0.60582,
    0.60553,
    0.60661,
    0.60623,
    0.60647,
    0.60645,
    0.60636,
    0.60644,
    0.60651,
    0.6065,
    0.60676,
    0.60731,
    0.60728,
    0.60671,
    0.60744,
    0.60754,
    0.6066,
    0.6069,
    0.60736,
    0.60682,
    0.60694,
    0.60705,
    0.607,
    0.60723,
    0.60727,
    0.60725,
    0.60722,
    0.60717,
    0.60737,
    0.6075,
    0.60759,
    0.60762,
    0.60741,
    0.60775,
    0.60767,
    0.60745,
    0.6078,
    0.60789,
    0.60784,
    0.6077,
    0.60713,
    0.60672,
    0.60674,
    0.60638,
    0.60697,
    0.60634,
    0.60506,
    0.60536,
    0.60574,
    0.60587,
    0.606,
    0.60608,
    0.60597,
    0.60598,
    0.60591,
    0.60576,
    0.60566,
    0.6059,
    0.60562,
    0.60565,
    0.60568,
    0.60575
  ],
  "Thirty_Min": [
    0,
    0,
    0
  ],
  "One_Hour": [
    0,
    0,
    0
  ],
  "Two_Hour": [
    0,
    0,
    0
  ],
  "Four_Hour": [
    0,
    0.57402,
    0.57376,
    0.5734,
    0.57342,
    0.5717,
    0.57196,
    0.5733,
    0.5726,
    0.57428,
    0.57461,
    0.57403,
    0.57532,
    0.5752,
    0.57482,
    0.5749,
    0.57387,
    0.5738,
    0.572,
    0.5702,
    0.57117,
    0.57106,
    0.57322,
    0.57152,
    0.57326,
    0.57266,
    0.57249,
    0.57268,
    0.57286,
    0.57214,
    0.57244,
    0.57125,
    0.57162,
    0.57151,
    0.5704,
    0.56946,
    0.5694,
    0.56839,
    0.56766,
    0.56896,
    0.5696,
    0.5697,
    0.56726,
    0.56757,
    0.567,
    0.56615,
    0.56658,
    0.5657,
    0.56533,
    0.56515,
    0.56506,
    0.5653,
    0.56551,
    0.5662,
    0.56612,
    0.56523,
    0.56854,
    0.56804,
    0.56894,
    0.56788,
    0.56784,
    0.56749,
    0.56751,
    0.568,
    0.56765,
    0.56723,
    0.56638,
    0.56773,
    0.56672,
    0.56759,
    0.56822,
    0.56824,
    0.56758,
    0.56926,
    0.56682,
    0.56796,
    0.56924,
    0.56914,
    0.56811,
    0.56954,
    0.56882,
    0.56958,
    0.5701,
    0.57211,
    0.5713,
    0.5721,
    0.57122,
    0.57124,
    0.57132,
    0.57194,
    0.57146,
    0.57144,
    0.57068,
    0.56864,
    0.56623,
    0.5666,
    0.5674,
    0.56642,
    0.56736,
    0.5686,
    0.56886,
    0.56875,
    0.56856,
    0.56769,
    0.56936,
    0.56916,
    0.56956,
    0.56949,
    0.57023,
    0.57313,
    0.57368,
    0.57302,
    0.57296,
    0.57289,
    0.57241,
    0.57248,
    0.57116,
    0.57269,
    0.57213,
    0.5736,
    0.57388,
    0.57451,
    0.57485,
    0.57394,
    0.57358,
    0.57354,
    0.57262,
    0.57312,
    0.56812,
    0.56876,
    0.57001,
    0.57048,
    0.57118,
    0.57093,
    0.57199,
    0.57218,
    0.57309,
    0.57348,
    0.57164,
    0.56918,
    0.56966,
    0.56786,
    0.56706,
    0.56654,
    0.56634,
    0.56754,
    0.56868,
    0.56756,
    0.56648,
    0.56576,
    0.56689,
    0.56735,
    0.56826,
    0.56967,
    0.57008,
    0.57188,
    0.57258,
    0.57168,
    0.57301,
    0.57378,
    0.57502,
    0.57468,
    0.57436,
    0.5725,
    0.57433,
    0.57417,
    0.57564,
    0.57588,
    0.57608,
    0.5758,
    0.57472,
    0.57447,
    0.57366,
    0.57396,
    0.5739,
    0.5742,
    0.57517,
    0.5757,
    0.57496,
    0.57536,
    0.57456,
    0.57486,
    0.57556,
    0.57489,
    0.57499,
    0.57586,
    0.57398,
    0.57455,
    0.5728,
    0.5737,
    0.57327,
    0.57518,
    0.57288,
    0.57228,
    0.57393,
    0.57528,
    0.57415,
    0.57414,
    0.57424,
    0.57542,
    0.57056,
    0.57568,
    0.57182,
    0.56994,
    0.57364,
    0.57304,
    0.5759,
    0.57498,
    0.574,
    0.57267,
    0.57238,
    0.5715,
    0.57234,
    0.57274,
    0.57072,
    0.57015,
    0.57063,
    0.56986,
    0.56782,
    0.56858,
    0.56962,
    0.56934,
    0.56996,
    0.57087,
    0.57137,
    0.57109,
    0.56988,
    0.57007,
    0.57062,
    0.57104,
    0.56974,
    0.56972,
    0.57158,
    0.57073,
    0.5716,
    0.57066,
    0.57002,
    0.56852,
    0.56832,
    0.5699,
    0.56842,
    0.56813,
    0.56835,
    0.56815,
    0.56732,
    0.56722,
    0.56584,
    0.56599,
    0.56669,
    0.56703,
    0.56728,
    0.56861,
    0.57061,
    0.57084,
    0.57272,
    0.57204,
    0.57186,
    0.57098,
    0.57198,
    0.57157,
    0.57261,
    0.57154,
    0.57088,
    0.56961,
    0.56948,
    0.56733,
    0.56836,
    0.56866,
    0.57057,
    0.57085,
    0.57014,
    0.57017,
    0.56845,
    0.56921,
    0.56893,
    0.56984,
    0.57006,
    0.56692,
    0.56662,
    0.56802,
    0.56698,
    0.56661,
    0.56499,
    0.56532,
    0.56503,
    0.5654,
    0.56512,
    0.56544,
    0.56614,
    0.5668,
    0.56676,
    0.56838,
    0.56779,
    0.56892,
    0.5682,
    0.56743,
    0.56716,
    0.57032
  ],
  "Daily": [
    0,
    0.57931,
    0.57672,
    0.55902,
    0.56642,
    0.57228,
    0.57502,
    0.58236,
    0.5812,
    0.58292,
    0.58184,
    0.58307,
    0.5787,
    0.57876,
    0.57376,
    0.5726,
    0.5734,
    0.57322,
    0.57268,
    0.57125,
    0.5694,
    0.5697,
    0.567,
    0.56533,
    0.56252,
    0.56515,
    0.56345,
    0.56551,
    0.56751,
    0.56638,
    0.56824,
    0.56924,
    0.56882,
    0.57132,
    0.57144,
    0.5674,
    0.56875,
    0.56916,
    0.57296,
    0.57286,
    0.57388,
    0.57686,
    0.57732,
    0.57744,
    0.57936,
    0.5795,
    0.58032,
    0.58045,
    0.58017,
    0.58126,
    0.58102,
    0.58128,
    0.57849,
    0.57358,
    0.56812,
    0.57093,
    0.56966,
    0.56418,
    0.5635,
    0.56444,
    0.56765,
    0.56576,
    0.56826,
    0.57168,
    0.57504,
    0.57688,
    0.5803,
    0.58291,
    0.57934,
    0.5758,
    0.5749,
    0.57396,
    0.57496,
    0.57808,
    0.57517,
    0.57702,
    0.57932,
    0.57834,
    0.57981,
    0.58125,
    0.58158,
    0.57828,
    0.57811,
    0.57776,
    0.57327,
    0.57288,
    0.5778,
    0.57415,
    0.58054,
    0.58116,
    0.58153,
    0.5822,
    0.58065,
    0.58244,
    0.58206,
    0.57725,
    0.57696,
    0.57304,
    0.57498,
    0.5715,
    0.5702,
    0.57106,
    0.56992,
    0.56996,
    0.57007,
    0.56972,
    0.5699,
    0.56722,
    0.56634,
    0.57061,
    0.57098,
    0.584,
    0.58625,
    0.58574,
    0.58421,
    0.58622,
    0.58425,
    0.5858,
    0.58532,
    0.5843,
    0.58368,
    0.57261,
    0.56733,
    0.57085,
    0.56815,
    0.56902,
    0.5657,
    0.56384,
    0.56465,
    0.56735,
    0.57031
  ],
  "Weekly": [
    0
  ]
}