{
  "Fifteen_Min": [
    0,
    1.09278,
    1.09265,
    1.09291,
    1.09334,
    1.0935,
    1.09352,
    1.09348,
    1.09349,
    1.09342,
    1.0934,
    1.0931,
    1.09337,
    1.09316,
    1.09318,
    1.09308,
    1.09302,
    1.09284,
    1.09274,
    1.0929,
    1.09295,
    1.09328,
    1.09386,
    1.0936,
    1.09374,
    1.09384,
    1.09326,
    1.09314,
    1.09332,
    1.09315,
    1.09296,
    1.09307,
    1.09341,
    1.09338,
    1.09346,
    1.09336,
    1.09312,
    1.09301,
    1.09288,
    1.09259,
    1.09234,
    1.09242,
    1.0924,
    1.09256,
    1.09264,
    1.09361,
    1.09351,
    1.0933,
    1.09282,
    1.09294,
    1.09289,
    1.09262,
    1.09272,
    1.09266,
    1.09271,
    1.09252,
    1.09244,
    1.09287,
    1.09327,
    1.09331,
    1.09365,
    1.09364,
    1.09339,
    1.09362,
    1.09358,
    1.09388,
    1.09387,
    1.09394,
    1.09356,
    1.09299,
    1.09277,
    1.09319,
    1.09376,
    1.09378,
    1.09367
  ],
  "Thirty_Min": [
    0,
    0,
    0
  ],
  "One_Hour": [
    0,
    0,
    0
  ],
  "Two_Hour": [
    0,
    0,
    0
  ],
  "Four_Hour": [
    0,
    1.06469,
    1.0649,
    1.0629,
    1.05988,
    1.0631,
    1.06288,
    1.06221,
    1.06176,
    1.06024,
    1.05984,
    1.06246,
    1.0606,
    1.05855,
    1.05868,
    1.0587,
    1.05752,
    1.05803,
    1.05817,
    1.06169,
    1.06126,
    1.06114,
    1.05992,
    1.06068,
    1.05928,
    1.05934,
    1.05841,
    1.05999,
    1.05826,
    1.05774,
    1.05782,
    1.05839,
    1.05906,
    1.06026,
    1.05983,
    1.06204,
    1.06472,
    1.0647,
    1.0622,
    1.06168,
    1.05922,
    1.05751,
    1.0604,
    1.06397,
    1.06585,
    1.06539,
    1.06708,
    1.06447,
    1.06544,
    1.06605,
    1.06512,
    1.0634,
    1.06611,
    1.06442,
    1.06209,
    1.06053,
    1.06132,
    1.06325,
    1.06374,
    1.06347,
    1.06415,
    1.066,
    1.06644,
    1.06624,
    1.06654,
    1.0667,
    1.06536,
    1.06423,
    1.06564,
    1.06551,
    1.06716,
    1.06664,
    1.06413,
    1.06478,
    1.06155,
    1.06097,
    1.06305,
    1.06412,
    1.06562,
    1.0643,
    1.0635,
    1.06446,
    1.06255,
    1.06296,
    1.0641,
    1.0625,
    1.06342,
    1.06061,
    1.06034,
    1.05954,
    1.06004,
    1.05801,
    1.05798,
    1.05831,
    1.05771,
    1.05786,
    1.0577,
    1.0666,
    1.06571,
    1.06722,
    1.06608,
    1.06627,
    1.06598,
    1.06604,
    1.06418,
    1.06462,
    1.06398,
    1.06282,
    1.06457,
    1.0644,
    1.06542,
    1.0646,
    1.06391,
    1.06382,
    1.06455,
    1.06556,
    1.06574,
    1.06378,
    1.06546,
    1.0662,
    1.06614,
    1.06552,
    1.06626,
    1.06698,
    1.06696,
    1.0669,
    1.06572,
    1.06588,
    1.06516,
    1.06491,
    1.06017,
    1.06118,
    1.05932,
    1.06109
  ],
  "Daily": [
    0,
    1.07644,
    1.07202,
    1.07425,
    1.07696,
    1.07632,
    1.06776,
    1.07122,
    1.07003,
    1.06958,
    1.0667,
    1.06474,
    1.06602,
    1.06687,
    1.06866,
    1.07508,
    1.06432,
    1.06976,
    1.06992,
    1.06689,
    1.065,
    1.0684,
    1.07051,
    1.06834,
    1.07574,
    1.07482,
    1.07056,
    1.07035,
    1.07022,
    1.06415,
    1.06574,
    1.0756,
    1.0728,
    1.07519,
    1.06972,
    1.06662,
    1.06736,
    1.07473,
    1.06885,
    1.0678,
    1.07667,
    1.07658,
    1.07583,
    1.07008,
    1.0716,
    1.06374,
    1.06342,
    1.0649,
    1.0669,
    1.06503,
    1.06466,
    1.06603,
    1.06856,
    1.06737,
    1.06389,
    1.07414,
    1.07166,
    1.07516,
    1.07098,
    1.06706,
    1.0693,
    1.06554,
    1.07206,
    1.07374,
    1.07712,
    1.07657,
    1.07551,
    1.07723,
    1.07392,
    1.07396,
    1.07345,
    1.07256,
    1.07186,
    1.0677,
    1.06806,
    1.06612,
    1.06782,
    1.07197,
    1.07292,
    1.06929,
    1.06438,
    1.06412,
    1.06488,
    1.064,
    1.06414,
    1.06646,
    1.06762,
    1.06354,
    1.06334,
    1.06691,
    1.07072,
    1.07,
    1.06808,
    1.06448,
    1.06586,
    1.07074,
    1.06675,
    1.06906,
    1.06608,
    1.0676,
    1.0662,
    1.06711,
    1.06424,
    1.06596,
    1.0646,
    1.06756,
    1.06728,
    1.07115,
    1.06708,
    1.06546,
    1.06461,
    1.07435,
    1.07228,
    1.07365,
    1.07038,
    1.07342,
    1.073,
    1.0719,
    1.06939,
    1.06494,
    1.07722,
    1.07656,
    1.07736,
    1.07066,
    1.07534,
    1.06638,
    1.06428,
    1.06559,
    1.06563,
    1.07714,
    1.07555,
    1.06534,
    1.0647,
    1.06403,
    1.06504,
    1.06704,
    1.0691,
    1.06954,
    1.0748,
    1.07532,
    1.07662,
    1.07592,
    1.07268,
    1.07032,
    1.07302,
    1.06884,
    1.07484,
    1.07548,
    1.07651,
    1.06998,
    1.07378,
    1.07368,
    1.07204,
    1.07706,
    1.07293,
    1.07438,
    1.07158,
    1.06876,
    1.06556,
    1.06951,
    1.0674,
    1.06368,
    1.06396,
    1.06386,
    1.068,
    1.06964,
    1.07024,
    1.06938,
    1.07116,
    1.06966,
    1.07154,
    1.06932,
    1.06772,
    1.07174,
    1.07224,
    1.06942,
    1.07344,
    1.07421,
    1.07652,
    1.07502,
    1.0753,
    1.07244,
    1.07422,
    1.06924,
    1.06716,
    1.06422,
    1.06562,
    1.066,
    1.06453,
    1.06648,
    1.06392,
    1.06402,
    1.06984,
    1.06796,
    1.06685,
    1.06404,
    1.06598,
    1.06712,
    1.06878,
    1.06804,
    1.07014,
    1.07616,
    1.07212,
    1.07456,
    1.07394,
    1.06986,
    1.07042,
    1.0706,
    1.06838,
    1.06968,
    1.0721,
    1.07318,
    1.0745,
    1.0738,
    1.0723,
    1.06724,
    1.06836,
    1.07444,
    1.07499,
    1.0754,
    1.077,
    1.06651,
    1.06353,
    1.06508,
    1.06418,
    1.06897,
    1.06524,
    1.06714,
    1.06388,
    1.06486,
    1.0765,
    1.07698,
    1.07578,
    1.07346,
    1.0726,
    1.07234,
    1.07258,
    1.06861,
    1.07468,
    1.07412,
    1.07086,
    1.07018,
    1.06594,
    1.06664,
    1.0661,
    1.06752,
    1.07121,
    1.0689,
    1.06946,
    1.06391,
    1.06656,
    1.06676,
    1.067,
    1.07164,
    1.06982,
    1.07486,
    1.07381,
    1.07388,
    1.07152,
    1.06994,
    1.07112,
    1.06952,
    1.06606,
    1.06692,
    1.06666,
    1.0637,
    1.06926,
    1.07198,
    1.0717,
    1.06654,
    1.0636,
    1.06516,
    1.06632,
    1.06862,
    1.06732,
    1.06896,
    1.06748,
    1.06372,
    1.06661,
    1.06812,
    1.07088,
    1.0722,
    1.07463,
    1.07582,
    1.07726,
    1.07732,
    1.07594,
    1.0712,
    1.07054,
    1.07034,
    1.06398,
    1.06482,
    1.06618,
    1.06668,
    1.06879,
    1.07013,
    1.07492,
    1.07648,
    1.07567,
    1.07585,
    1.0682,
    1.06997,
    1.07247,
    1.07294,
    1.07286,
    1.07577,
    1.07506,
    1.07688,
    1.0772,
    1.07702,
    1.07728,
    1.07549,
    1.07576,
    1.07366,
    1.0737,
    1.07606,
    1.07554,
    1.0734,
    1.07544,
    1.07428,
    1.07254,
    1.06338,
    1.06426,
    1.06408,
    1.06844,
    1.07195,
    1.0731,
    1.07524,
    1.07474,
    1.07402,
    1.0736,
    1.07427,
    1.07323,
    1.07196,
    1.07114,
    1.07176,
    1.06916,
    1.06639,
    1.06945,
    1.07106,
    1.06985,
    1.07475,
    1.0739,
    1.07126,
    1.07398,
    1.0747,
    1.07729,
    1.07716,
    1.07404,
    1.072,
    1.07285,
    1.06791,
    1.07005,
    1.07205,
    1.07348,
    1.07512,
    1.07481,
    1.07191,
    1.06846,
    1.07016,
    1.06626,
    1.07192,
    1.07334,
    1.0746,
    1.07527,
    1.07666,
    1.06539,
    1.06755,
    1.06802,
    1.07354,
    1.07496,
    1.07641,
    1.07699,
    1.07661,
    1.07306,
    1.06974,
    1.07426,
    1.07579,
    1.07429,
    1.07144,
    1.07336,
    1.07276,
    1.0718,
    1.06873,
    1.06851,
    1.0679,
    1.07442,
    1.07031,
    1.07331,
    1.06564,
    1.06868,
    1.06734,
    1.06478,
    1.06578,
    1.0705,
    1.07718,
    1.07618,
    1.07542,
    1.07557,
    1.07671,
