{
  "Fifteen_Min": [
    0,
    1.10602,
    1.10604,
    1.10594,
    1.10586,
    1.10564,
    1.1062,
    1.10619,
    1.10614,
    1.10536,
    1.10562,
    1.106,
    1.10598,
    1.10601,
    1.10609,
    1.10608,
    1.10612,
    1.10561,
    1.10592,
    1.10576,
    1.1057,
    1.10563,
    1.10582,
    1.10572,
    1.10595,
    1.10617,
    1.1061,
    1.10616,
    1.10584,
    1.10556,
    1.1056,
    1.1054,
    1.10538,
    1.10542,
    1.10547,
    1.10534,
    1.1055,
    1.10546,
    1.10568,
    1.10591,
    1.10603,
    1.1059,
    1.10606,
    1.1058,
    1.10613,
    1.10579
  ],
  "Thirty_Min": [
    0,
    0,
    0
  ],
  "One_Hour": [
    0,
    0,
    0
  ],
  "Two_Hour": [
    0,
    0,
    0
  ],
  "Four_Hour": [
    0
  ],
  "Daily": [
    0,
    1.07644,
    1.07202,
    1.07425,
    1.07696,
    1.07632,
    1.06776,
    1.07122,
    1.07003,
    1.06958,
    1.0667,
    1.06474,
    1.06602,
    1.06687,
    1.06866,
    1.07508,
    1.06432,
    1.06976,
    1.06992,
    1.06689,
    1.065,
    1.0684,
    1.07051,
    1.06834,
    1.07574,
    1.07482,
    1.07056,
    1.07035,
    1.07022,
    1.06415,
    1.06574,
    1.0756,
    1.0728,
    1.07519,
    1.06972,
    1.06662,
    1.06736,
    1.07473,
    1.06885,
    1.0678,
    1.07667,
    1.07658,
    1.07583,
    1.07008,
    1.0716,
    1.06374,
    1.06342,
    1.0649,
    1.0669,
    1.06503,
    1.06466,
    1.06603,
    1.06856,
    1.06737,
    1.06389,
    1.07414,
    1.07166,
    1.07516,
    1.07098,
    1.06706,
    1.0693,
    1.06554,
    1.07206,
    1.07374,
    1.07712,
    1.07657,
    1.07551,
    1.07723,
    1.07392,
    1.07396,
    1.07345,
    1.07256,
    1.07186,
    1.0677,
    1.06806,
    1.06612,
    1.06782,
    1.07197,
    1.07292,
    1.06929,
    1.06438,
    1.06412,
    1.06488,
    1.064,
    1.06414,
    1.06646,
    1.06762,
    1.06354,
    1.06334,
    1.06691,
    1.07072,
    1.07,
    1.06808,
    1.06448,
    1.06586,
    1.07074,
    1.06675,
    1.06906,
    1.06608,
    1.0676,
    1.0662,
    1.06711,
    1.06424,
    1.06596,
    1.0646,
    1.06756,
    1.06728,
    1.07115,
    1.06708,
    1.06546,
    1.06461,
    1.07435,
    1.07228,
    1.07365,
    1.07038,
    1.07342,
    1.073,
    1.0719,
    1.06939,
    1.06494,
    1.07722,
    1.07656,
    1.07736,
    1.07066,
    1.07534,
    1.06638,
    1.06428,
    1.06559,
    1.06563,
    1.07714,
    1.07555,
    1.06534,
    1.0647,
    1.06403,
    1.06504,
    1.06704,
    1.0691,
    1.06954,
    1.0748,
    1.07532,
    1.07662,
    1.07592,
    1.07268,
    1.07032,
    1.07302,
    1.06884,
    1.07484,
    1.07548,
    1.07651,
    1.06998,
    1.07378,
    1.07368,
    1.07204,
    1.07706,
    1.07293,
    1.07438,
    1.07158,
    1.06876,
    1.06556,
    1.06951,
    1.0674,
    1.06368,
    1.06396,
    1.06386,
    1.068,
    1.06964,
    1.07024,
    1.06938,
    1.07116,
    1.06966,
    1.07154,
    1.06932,
    1.06772,
    1.07174,
    1.07224,
    1.06942,
    1.07344,
    1.07421,
    1.07652,
    1.07502,
    1.0753,
    1.07244,
    1.07422,
    1.06924,
    1.06716,
    1.06422,
    1.06562,
    1.066,
    1.06453,
    1.06648,
    1.06392,
    1.06402,
    1.06984,
    1.06796,
    1.06685,
    1.06404,
    1.06598,
    1.06712,
    1.06878,
    1.06804,
    1.07014,
    1.07616,
    1.07212,
    1.07456,
    1.07394,
    1.06986,
    1.07042,
    1.0706,
    1.06838,
    1.06968,
    1.0721,
    1.07318,
    1.0745,
    1.0738,
    1.0723,
    1.06724,
    1.06836,
    1.07444,
    1.07499,
    1.0754,
    1.077,
    1.06651,
    1.06353,
    1.06508,
    1.06418,
    1.06897,
    1.06524,
    1.06714,
    1.06388,
    1.06486,
    1.0765,
    1.07698,
    1.07578,
    1.07346,
    1.0726,
    1.07234,
    1.07258,
    1.06861,
    1.07468,
    1.07412,
    1.07086,
    1.07018,
    1.06594,
    1.06664,
    1.0661,
    1.06752,
    1.07121,
    1.0689,
    1.06946,
    1.06391,
    1.06656,
    1.06676,
    1.067,
    1.07164,
    1.06982,
    1.07486,
    1.07381,
    1.07388,
    1.07152,
    1.06994,
    1.07112,
    1.06952,
    1.06606,
    1.06692,
    1.06666,
    1.0637,
    1.06926,
    1.07198,
    1.0717,
    1.06654,
    1.0636,
    1.06516,
    1.06632,
    1.06862,
    1.06732,
    1.06896,
    1.06748,
    1.06372,
    1.06661,
    1.06812,
    1.07088,
    1.0722,
    1.07463,
    1.07582,
    1.07726,
    1.07732,
    1.07594,
    1.0712,
    1.07054,
    1.07034,
    1.06398,
    1.06482,
    1.06618,
    1.06668,
    1.06879,
    1.07013,
    1.07492,
    1.07648,
    1.07567,
    1.07585,
    1.0682,
    1.06997,
    1.07247,
    1.07294,
    1.07286,
    1.07577,
    1.07506,
    1.07688,
    1.0772,
    1.07702,
    1.07728,
    1.07549,
    1.07576,
    1.07366,
    1.0737,
    1.07606,
    1.07554,
    1.0734,
    1.07544,
    1.07428,
    1.07254,
    1.06338,
    1.06426,
    1.06408,
    1.06844,
    1.07195,
    1.0731,
    1.07524,
    1.07474,
    1.07402,
    1.0736,
    1.07427,
    1.07323,
    1.07196,
    1.07114,
    1.07176,
    1.06916,
    1.06639,
    1.06945,
    1.07106,
    1.06985,
    1.07475,
    1.0739,
    1.07126,
    1.07398,
    1.0747,
    1.07729,
    1.07716,
    1.07404,
    1.072,
    1.07285,
    1.06791,
    1.07005,
    1.07205,
    1.07348,
    1.07512,
    1.07481,
    1.07191,
    1.06846,
    1.07016,
    1.06626,
    1.07192,
    1.07334,
    1.0746,
    1.07527,
    1.07666,
    1.06539,
    1.06755,
    1.06802,
    1.07354,
    1.07496,
    1.07641,
    1.07699,
    1.07661,
    1.07306,
    1.06974,
    1.07426,
    1.07579,
    1.07429,
    1.07144,
    1.07336,
    1.07276,
    1.0718,
    1.06873,
    1.06851,
    1.0679,
    1.07442,
    1.07031,
    1.07331,
    1.06564,
    1.06868,
    1.06734,
    1.06478,
    1.06578,
    1.0705,
    1.07718,
    1.07618,
    1.07542,
    1.07557,
    1.07671,
    1.07654,
    1.07271,
    1.07274,
    1.0666,
    1.06786,
    1.06457,
    1.06382,
    1.06552,
    1.0751,
    1.07328,
    1.07391,
    1.06903,
    1.06698,
    1.07267,
    1.07575,
    1.07505,
    1.07136,
    1.07488,
    1.0762,
    1.07611,
    1.06329,
    1.10278,
    1.09833,
    1.09258,
    1.09798,
    1.0999,
    1.10514,
    1.10145,
    1.1046,
    1.10248,
    1.10286,
    1.10076,
    1.10062,
    1.0973,
    1.09564,
    1.09614,
    1.09224,
    1.10382,
    1.10477,
    1.10066,
    1.09621,
    1.0942,
    1.09407,
    1.10431,
    1.10128,
    1.09654,
    1.09947,
    1.09742,
    1.10064,
    1.10427,
    1.10048,
    1.0966,
    1.09878,
    1.09383,
    1.09136,
    1.09554,
    1.09282,
    1.09852,
    1.09569,
    1.10253,
    1.10308,
    1.10223,
    1.09969,
    1.10104,
    1.09786,
    1.09684,
    1.09738,
    1.09386,
    1.0923,
    1.09283,
    1.09281,
    1.09327,
    1.09764,
    1.1028,
    1.0955,
    1.09188,
    1.09351,
    1.09241,
    1.09427,
    1.0958,
    1.09206,
    1.09636,
    1.09563,
    1.0975,
    1.09662,
    1.09762,
    1.10518,
    1.1003,
    1.10296,
    1.09729,
    1.09584,
    1.09448,
    1.09161,
    1.09248,
    1.09436,
    1.09526,
    1.09652,
    1.09758,
    1.0993,
    1.0969,
    1.09902,
    1.0947,
    1.09398,
    1.09682,
    1.10203,
    1.10438,
    1.10346,
    1.09982,
    1.1011,
    1.10034,
    1.10464,
    1.09893,
    1.09942,
    1.09849,
    1.09362,
    1.09595,
    1.09338,
    1.09748,
    1.09839,
    1.0979,
    1.10038,
    1.10016,
    1.10107,
    1.10226,
    1.09912,
    1.09694,
    1.09246,
    1.09159,
    1.09532,
    1.09602,
    1.09404,
    1.09883,
    1.09574,
    1.10204,
    1.1027,
    1.09379,
    1.09142,
    1.0925,
    1.09312,
    1.09141,
    1.0929,
    1.09166,
    1.09117,
    1.09286,
    1.09482,
    1.09149,
    1.09702,
    1.09716,
    1.10158,
    1.10147,
    1.10148,
    1.10249,
    1.10237,
    1.10003,
    1.09746,
    1.09219,
    1.09606,
    1.09392,
    1.09121,
    1.09154,
    1.09222,
    1.09325,
    1.09254,
