{
  "Fifteen_Min": [
    0,
    0.66332,
    0.66372,
    0.6634,
    0.66306,
    0.66276,
    0.66146,
    0.6611,
    0.66126,
    0.66134,
    0.6614,
    0.66118,
    0.66122,
    0.66114,
    0.66116,
    0.66128,
    0.66125,
    0.66117,
    0.66132,
    0.66121,
    0.66124,
    0.66105,
    0.6612,
    0.66142,
    0.66145,
    0.66112,
    0.66127,
    0.66166,
    0.66155,
    0.66152,
    0.66202,
    0.66198,
    0.66188,
    0.66172,
    0.66138,
    0.6615,
    0.66123,
    0.66136,
    0.66176,
    0.66186,
    0.66213,
    0.6621,
    0.66224,
    0.66236,
    0.6622,
    0.66264,
    0.66282,
    0.66248,
    0.66242,
    0.66266,
    0.66272,
    0.66288,
    0.66296,
    0.663,
    0.66324,
    0.66336,
    0.66342,
    0.66322,
    0.66323,
    0.66335,
    0.66304,
    0.66344,
    0.66314,
    0.66207,
    0.66218,
    0.66216,
    0.66257,
    0.66267,
    0.66269,
    0.66262,
    0.66277,
    0.66208,
    0.66225,
    0.6624,
    0.66234,
    0.66241,
    0.66238,
    0.66222,
    0.66227,
    0.66232,
    0.66316,
    0.66347,
    0.66368,
    0.6625,
    0.66228,
    0.6626,
    0.66294,
    0.66263,
    0.66191,
    0.66159,
    0.66184,
    0.66182,
    0.66103,
    0.6613,
    0.66106,
    0.66168,
    0.66175,
    0.66196,
    0.662,
    0.66197,
    0.6619,
    0.66194,
    0.66193,
    0.66206,
    0.66219,
    0.6617,
    0.66169,
    0.66153,
    0.66107,
    0.66115,
    0.66154,
    0.66149,
    0.66137,
    0.66144,
    0.66226,
    0.66244,
    0.66158,
    0.66212,
    0.66223,
    0.66215,
    0.66199,
    0.66178,
    0.66245,
    0.66254,
    0.66252,
    0.66256,
    0.66255,
    0.66246,
    0.6628,
    0.66274,
    0.66302,
    0.66308,
    0.6633,
    0.66413,
    0.66412,
    0.66442,
    0.6644,
    0.6642,
    0.66443,
    0.6643,
    0.66408,
    0.66418,
    0.66438,
    0.66425,
    0.66428,
    0.66447,
    0.66432,
    0.66429,
    0.66437,
    0.66415,
    0.66369,
    0.66381,
    0.6639,
    0.66398,
    0.66382,
    0.66364,
    0.6636,
    0.66404,
    0.66376,
    0.6641,
    0.66389,
    0.66388,
    0.66345,
    0.66357,
    0.66303,
    0.66295,
    0.66111,
    0.66173,
    0.66192,
    0.66221,
    0.66185,
    0.66205
  ],
  "Thirty_Min": [
    0,
    0,
    0
  ],
  "One_Hour": [
    0,
    0,
    0
  ],
  "Two_Hour": [
    0,
    0,
    0
  ],
  "Four_Hour": [
    0,
    0.65827,
    0.65746,
    0.65398,
    0.6531,
    0.64926,
    0.64922,
    0.65112,
    0.65138,
    0.6499,
    0.65074,
    0.65077,
    0.64995,
    0.64912,
    0.64982,
    0.65056,
    0.65296,
    0.65616,
    0.65818,
    0.65826,
    0.65831,
    0.6583,
    0.65798,
    0.65722,
    0.65374,
    0.65436,
    0.65412,
    0.65264,
    0.65308,
    0.65178,
    0.65048,
    0.65002,
    0.65158,
    0.65225,
    0.65143,
    0.65175,
    0.65288,
    0.65396,
    0.65417,
    0.65384,
    0.65402,
    0.65174,
    0.65352,
    0.65101,
    0.65172,
    0.65168,
    0.64965,
    0.65034,
    0.64927,
    0.65148,
    0.65046,
    0.65282,
    0.65728,
    0.65758,
    0.65838,
    0.6563,
    0.65507,
    0.65386,
    0.65351,
    0.65263,
    0.65362,
    0.65506,
    0.65712,
    0.65582,
    0.65764,
    0.65701,
    0.65823,
    0.65738,
    0.65648,
    0.65682,
    0.65744,
    0.65681,
    0.6547,
    0.65258,
    0.65084,
    0.65204,
    0.65446,
    0.65294,
    0.65546,
    0.65332,
    0.65286,
    0.65284,
    0.65516,
    0.65152,
    0.6522,
    0.6521,
    0.65063,
    0.6491,
    0.64964,
    0.64937,
    0.65118,
    0.65128,
    0.6507,
    0.65001,
    0.64968,
    0.6495,
    0.64914,
    0.65016,
    0.65068,
    0.6509,
    0.65094,
    0.64966,
    0.65038,
    0.65146,
    0.65458,
    0.65486,
    0.65491,
    0.65569,
    0.65693,
    0.65695,
    0.65588,
    0.65612,
    0.65557,
    0.65544,
    0.65414,
    0.6554,
    0.65528,
    0.65399,
    0.65432,
    0.65529,
    0.65625,
    0.65579,
    0.65604,
    0.65584,
    0.65634,
    0.65691,
    0.65699,
    0.65842,
    0.65754,
    0.65834,
    0.65768,
    0.65596,
    0.65576,
    0.6552,
    0.65608,
    0.65488,
    0.65345,
    0.65711,
    0.65835,
    0.65757,
    0.65751,
    0.65566,
    0.65595,
    0.65572,
    0.65622,
    0.65673,
    0.65762,
    0.65594,
    0.65498,
    0.65597,
    0.65547,
    0.65822,
    0.65837,
    0.65602,
    0.6553,
    0.65397,
    0.65592,
    0.6557,
    0.65447,
    0.65737,
    0.6571,
    0.65845,
    0.65696,
    0.65593,
    0.658,
    0.65742,
    0.65772,
    0.65748,
    0.65809,
    0.65664,
    0.65672
  ],
  "Daily": [
    0
  ],
  "Weekly": [
    0,
    0.5974,
    0.6083,
    0.5983,
    0.6009,
    0.6054,
    0.6146,
    0.6166,
    0.6316,
    0.6443,
    0.648,
    0.6472,
    0.6478,
    0.64325,
    0.62252,
    0.6488,
    0.6326,
    0.64635,
    0.63557,
    0.64521,
    0.63893,
    0.6403,
    0.61872,
    0.61627,
    0.5994,
    0.63496,
    0.6365,
    0.63919,
    0.6419,
    0.64144,
    0.64041,
    0.63645,
    0.6204,
    0.63845,
    0.64132,
    0.64712,
    0.64964,
    0.64052,
    0.64028,
    0.63772,
    0.6431,
    0.64328,
    0.63846,
    0.62956,
    0.63143,
    0.63338,
    0.63594,
    0.64622,
    0.64176,
    0.64618,
    0.65008,
    0.63892,
    0.63624,
    0.62511,
    0.6217,
    0.62171,
    0.61462,
    0.61914,
    0.62108,
    0.62726,
    0.63516
  ]
}