{
  "Fifteen_Min": [
    0,
    0.62576,
    0.62496,
    0.62492,
    0.62491,
    0.62494,
    0.62502,
    0.62567,
    0.62608,
    0.62604,
    0.6259,
    0.62526,
    0.62514,
    0.62539,
    0.62599,
    0.62582,
    0.62614,
    0.62563,
    0.62562,
    0.62586,
    0.6261,
    0.6262,
    0.62584,
    0.62474,
    0.62428,
    0.62436,
    0.6245,
    0.62468,
    0.62446,
    0.62522,
    0.6257,
    0.62536,
    0.62598,
    0.62612,
    0.62623,
    0.62542,
    0.62458,
    0.62481,
    0.62438,
    0.62441,
    0.62444,
    0.62464,
    0.62472,
    0.62437,
    0.62431,
    0.6243,
    0.62443,
    0.62455,
    0.6244,
    0.62469,
    0.6246,
    0.62439,
    0.6247,
    0.62442,
    0.62448,
    0.62454,
    0.62445,
    0.62452,
    0.62435,
    0.62484,
    0.62489,
    0.6249,
    0.62447,
    0.62478,
    0.62566,
    0.62597,
    0.62606,
    0.62596,
    0.62573,
    0.62529,
    0.62515,
    0.62486,
    0.62434,
    0.62463,
    0.62471,
    0.62507,
    0.62528,
    0.62524,
    0.6254,
    0.6251,
    0.62552,
    0.62568,
    0.62594,
    0.62577
  ],
  "Thirty_Min": [
    0,
    0,
    0
  ],
  "One_Hour": [
    0,
    0,
    0
  ],
  "Two_Hour": [
    0,
    0,
    0
  ],
  "Four_Hour": [
    0
  ],
  "Daily": [
    0,
    0.64951,
    0.64858,
    0.64866,
    0.64912,
    0.64828,
    0.6492,
    0.64936,
    0.64902,
    0.64613,
    0.64566,
    0.64485,
    0.64489,
    0.64577,
    0.64556,
    0.64658,
    0.64696,
    0.64306,
    0.64552,
    0.64388,
    0.64476,
    0.64372,
    0.64348,
    0.64357,
    0.64708,
    0.64405,
    0.6448,
    0.64716,
    0.64712,
    0.64576,
    0.64539,
    0.64464,
    0.6449,
    0.63826,
    0.63874,
    0.63494,
    0.6384,
    0.63586,
    0.63692,
    0.63648,
    0.63542,
    0.63594,
    0.636,
    0.63598,
    0.63734,
    0.63854,
    0.64003,
    0.64363,
    0.6464,
    0.64478
  ],
  "Weekly": [
    0
  ]
}