{
  "Fifteen_Min": [
    0
  ],
  "Thirty_Min": [
    0,
    0,
    0
  ],
  "One_Hour": [
    0,
    0,
    0
  ],
  "Two_Hour": [
    0,
    0,
    0
  ],
  "Four_Hour": [
    0,
    0.65886,
    0.65924,
    0.65907,
    0.65864,
    0.65816,
    0.65723,
    0.65671,
    0.65616,
    0.65554,
    0.65556,
    0.655,
    0.65342,
    0.65394,
    0.65462,
    0.65469,
    0.65354,
    0.65314,
    0.6522,
    0.65306,
    0.65356,
    0.65483,
    0.65788,
    0.65774,
    0.65696,
    0.6575,
    0.65561,
    0.65612,
    0.65837,
    0.65911,
    0.65793,
    0.65524,
    0.65558,
    0.65475,
    0.65187,
    0.65162,
    0.64951,
    0.648,
    0.65,
    0.65204,
    0.65318,
    0.65361,
    0.65426,
    0.65472,
    0.65452,
    0.65794,
    0.65803,
    0.65733,
    0.65718,
    0.6558,
    0.65529,
    0.6545,
    0.65512,
    0.65494,
    0.65481,
    0.65359,
    0.6518,
    0.65236,
    0.65165,
    0.65136,
    0.64979,
    0.65132,
    0.65174,
    0.65166,
    0.65095,
    0.65031,
    0.64862,
    0.65108,
    0.65211,
    0.65077,
    0.65207,
    0.6516,
    0.65156,
    0.65388,
    0.65594,
    0.65796,
    0.65742,
    0.65786,
    0.65747,
    0.6548,
    0.65474,
    0.6553,
    0.65573,
    0.6574,
    0.65547,
    0.6582,
    0.65568,
    0.65588,
    0.6536,
    0.65193,
    0.65284,
    0.65186,
    0.65282,
    0.65024,
    0.65405,
    0.6573,
    0.65705,
    0.65622,
    0.65697,
    0.65628,
    0.65698,
    0.65662,
    0.65792,
    0.65873,
    0.65896,
    0.65753,
    0.65835,
    0.65884,
    0.65722,
    0.65734,
    0.65532,
    0.65461,
    0.65522,
    0.65491,
    0.6532,
    0.65386,
    0.65238,
    0.65364,
    0.6537,
    0.6543,
    0.65368,
    0.65293,
    0.65322,
    0.65094,
    0.6508,
    0.65145,
    0.65192,
    0.65197,
    0.65278,
    0.65351,
    0.65115,
    0.65131,
    0.65202,
    0.65196,
    0.6519,
    0.65244,
    0.6517,
    0.65198,
    0.65176,
    0.65246,
    0.65234,
    0.64959,
    0.6513,
    0.65075,
    0.65122,
    0.6506,
    0.65128,
    0.64996,
    0.65033,
    0.65009,
    0.65004,
    0.64935,
    0.64858,
    0.64851,
    0.64861,
    0.6501,
    0.64958,
    0.65116,
    0.65057,
    0.65092,
    0.6481,
    0.64866,
    0.64832,
    0.6482,
    0.6486,
    0.64974,
    0.6491,
    0.64978,
    0.64972,
    0.64976,
    0.64828,
    0.64932,
    0.64912,
    0.64926,
    0.64986,
    0.65182,
    0.65172,
    0.65036,
    0.65018,
    0.65014,
    0.64989,
    0.64929,
    0.64988,
    0.64925,
    0.64705,
    0.64776,
    0.64804,
    0.64841,
    0.64756,
    0.64913,
    0.64868,
    0.64902,
    0.65046,
    0.6514,
    0.65398,
    0.65384,
    0.6534,
    0.65044,
    0.65121,
    0.6512,
    0.65138,
    0.65034,
    0.65042,
    0.65006,
    0.64994,
    0.65208,
    0.65206,
    0.65158,
    0.6523,
    0.65352,
    0.65325,
    0.65375,
    0.6515,
    0.65477,
    0.65464,
    0.65434,
    0.65546,
    0.65604,
    0.65634,
    0.65619,
    0.65654,
    0.65766,
    0.6577,
    0.65743,
    0.65862,
    0.65847,
    0.65876,
    0.65932,
    0.65778,
    0.65553,
    0.65482,
    0.6529,
    0.65254,
    0.6498,
    0.65112,
    0.65078,
    0.6509,
    0.65084,
    0.65139,
    0.6499,
    0.64997,
    0.64962,
    0.6502,
    0.64992,
    0.64967,
    0.6492,
    0.6504,
    0.64991,
    0.65048,
    0.65216,
    0.65114,
    0.65334,
    0.65488,
    0.65566,
    0.65468,
    0.65516,
    0.65422,
    0.65296,
    0.6544,
    0.6584,
    0.65903,
    0.65694,
    0.65724,
    0.65692,
    0.65667,
    0.65657,
    0.6561,
    0.65476,
    0.65492,
    0.6542,
    0.6541,
    0.65266,
    0.65218,
    0.65301,
    0.65312,
    0.6539,
    0.65433,
    0.65353,
    0.65228,
    0.65332,
    0.65326,
    0.65309,
    0.6531,
    0.65126,
    0.64916,
    0.64936,
    0.6493,
    0.6487,
    0.64824,
    0.64712,
    0.64722,
    0.64706,
    0.64696,
    0.64691,
    0.64729,
    0.64763,
    0.64708,
    0.64698,
    0.64749,
    0.64716,
    0.64692,
    0.64726,
    0.64984,
    0.65038,
    0.64956,
    0.64923,
    0.64802,
    0.64702,
    0.64701,
    0.64732,
    0.64709,
    0.64904,
    0.64896,
    0.64905,
    0.6494,
    0.64957,
    0.64966,
    0.64963,
    0.65089,
    0.65105,
    0.65104,
    0.654,
    0.65382,
    0.65393,
    0.6538
  ],
  "Daily": [
    0,
    0.64951,
    0.64858,
    0.64866,
    0.64912,
    0.64828,
    0.6492,
    0.64936,
    0.64902,
    0.64613,
    0.64566,
    0.64485,
    0.64489,
    0.64577,
    0.64556,
    0.64658,
    0.64696,
    0.64306,
    0.64552,
    0.64388,
    0.64476,
    0.64372,
    0.64348,
    0.64357,
    0.64708,
    0.64405,
    0.6448,
    0.64716,
    0.64712,
    0.64576,
    0.64539,
    0.64464,
    0.6449,
    0.63826,
    0.63874,
    0.63494,
    0.6384,
    0.63586,
    0.63692,
    0.63648,
    0.63542,
    0.63594,
    0.636,
    0.63598,
    0.63734,
    0.63854,
    0.64003,
    0.64363,
    0.6464,
    0.64478
  ],
  "Weekly": [
    0
  ]
}