{
  "Fifteen_Min": [
    0,
    5.7024,
    5.70496,
    5.70538,
    5.70134,
    5.70419,
    5.70194,
    5.7061,
    5.70632,
    5.70733,
    5.70906,
    5.70919,
    5.70805,
    5.70742,
    5.70684,
    5.70556,
    5.7053,
    5.70599,
    5.7066,
    5.70631,
    5.70572,
    5.70542,
    5.70566,
    5.7042,
    5.70843,
    5.7089,
    5.70816,
    5.7067,
    5.70492,
    5.7045,
    5.70456,
    5.70568,
    5.70574,
    5.70776,
    5.70773,
    5.70864,
    5.70614,
    5.70424,
    5.70814,
    5.70692,
    5.7085,
    5.7093,
    5.70861,
    5.70649,
    5.70804,
    5.70497,
    5.70766,
    5.70815,
    5.70847,
    5.70842,
    5.70502,
    5.7054,
    5.70545,
    5.70264,
    5.702,
    5.70188,
    5.70224,
    5.7026,
    5.7041,
    5.70539,
    5.70608,
    5.70912,
    5.70915,
    5.70834,
    5.70886,
    5.70879,
    5.70876,
    5.70794,
    5.70924,
    5.70913,
    5.70916,
    5.70828,
    5.70719,
    5.70765,
    5.70802,
    5.70787,
    5.70824,
    5.70909,
    5.70748,
    5.7044,
    5.70472,
    5.70416,
    5.70624,
    5.70527,
    5.70364,
    5.70548,
    5.70365,
    5.7036,
    5.70182,
    5.70313,
    5.70656,
    5.70763,
    5.70808,
    5.70775,
    5.70918,
    5.70888,
    5.7091,
    5.70922,
    5.70848,
    5.7092,
    5.70899,
    5.70897,
    5.70865,
    5.70905,
    5.70862,
    5.70833,
    5.70831,
    5.7083,
    5.70858,
    5.70164,
    5.70135,
    5.7016,
    5.70286,
    5.70288,
    5.70183,
    5.70175,
    5.7025,
    5.70254,
    5.70179,
    5.70144,
    5.70246,
    5.70206,
    5.70355
  ],
  "Thirty_Min": [
    0,
    0,
    0
  ],
  "One_Hour": [
    0,
    0,
    0
  ],
  "Two_Hour": [
    0,
    0,
    0
  ],
  "Four_Hour": [
    0,
    5.8389,
    5.84606,
    5.82086,
    5.81954,
    5.82612,
    5.81716,
    5.80182,
    5.80342,
    5.81007,
    5.80413,
    5.79888,
    5.80604,
    5.79726,
    5.7976,
    5.79536,
    5.80572,
    5.80804,
    5.82334,
    5.80279,
    5.80308,
    5.8192,
    5.82075,
    5.81605,
    5.81825,
    5.81432,
    5.80564,
    5.8158,
    5.8168,
    5.84645,
    5.83789,
    5.83818,
    5.83756,
    5.83703,
    5.82544,
    5.8027,
    5.80186,
    5.80162,
    5.79712,
    5.84481,
    5.83608,
    5.84259,
    5.83482,
    5.82527,
    5.80733,
    5.813,
    5.8016,
    5.80022,
    5.81362,
    5.81316,
    5.8288,
    5.83103,
    5.83882,
    5.84578,
    5.83607,
    5.83876,
    5.82831,
    5.83263,
    5.84631,
    5.83928,
    5.84164,
    5.83724,
    5.80252,
    5.81032,
    5.81094,
    5.81461,
    5.81336,
    5.80424,
    5.8148,
    5.80618,
    5.8181,
    5.8138,
    5.81913,
    5.79752,
    5.79836,
    5.79914,
    5.79661,
    5.80002,
    5.7969,
    5.8076,
    5.81943,
    5.82581,
    5.82912,
    5.83636,
    5.83802,
    5.82782,
    5.83634,
    5.8352,
    5.8349,
    5.82489,
    5.81188,
    5.8159,
    5.81448,
    5.81972,
    5.821,
    5.8244,
    5.81575,
    5.82046,
    5.81638,
    5.81652,
    5.81727,
    5.84656,
    5.84114,
    5.837,
    5.83331,
    5.81654,
    5.8286,
    5.8301,
    5.844,
    5.8423,
    5.8315,
    5.82988,
    5.83258,
    5.82536,
    5.82942,
    5.83036,
    5.8233,
    5.83288,
    5.8364,
    5.83744,
    5.84257,
    5.84197,
    5.80436,
    5.79966,
    5.79744,
    5.79496,
    5.81122,
    5.81372,
    5.8149,
    5.8225,
    5.81928,
    5.81488,
    5.81034,
    5.83784,
    5.8433,
    5.83975,
    5.84516,
    5.84406,
    5.84187,
    5.83976,
    5.82908,
    5.84362,
    5.84012,
    5.84231,
    5.83531,
    5.83514,
    5.83619,
    5.84466,
    5.83778,
    5.83568,
    5.84309,
    5.83782,
    5.83412,
    5.83442,
    5.83277,
    5.8419,
    5.84342,
    5.83252,
    5.82188,
    5.81947,
    5.8088,
    5.81194,
    5.81718,
    5.82235,
    5.81426,
    5.8124,
    5.81838,
    5.82294,
    5.82337,
    5.82325,
    5.81785,
    5.82174,
    5.82959,
    5.81184,
    5.80172,
    5.79478,
    5.79812,
    5.79842,
    5.80032,
    5.79998,
    5.7943,
    5.7962,
    5.7995,
    5.79706,
    5.80246,
    5.80568,
    5.80624,
    5.80344,
    5.79492,
    5.80505,
    5.80796,
    5.81269,
    5.80401,
    5.81864,
    5.82716,
    5.84156,
    5.84272,
    5.84252,
    5.83581,
    5.83367,
    5.83848,
    5.84175,
    5.83734,
    5.82688,
    5.83666,
    5.82537,
    5.8332,
    5.82936,
    5.82033,
    5.8235,
    5.82388,
    5.82526,
    5.8182,
    5.81762,
    5.8197,
    5.81163,
    5.80994,
    5.80938,
    5.8101,
    5.8084,
    5.8157,
    5.79581,
    5.80334,
    5.81108,
    5.81351,
    5.81672,
    5.8147,
    5.81211,
    5.82146,
    5.83024,
    5.83138,
    5.83388,
    5.82848,
    5.83496,
    5.84326,
    5.84,
    5.83918,
    5.8454,
    5.84154,
    5.83826,
    5.83212,
    5.83041,
    5.8274,
    5.82613,
    5.82736,
    5.83076,
    5.82482,
    5.82371,
    5.8126,
    5.80594,
    5.80084,
    5.79482,
    5.79563,
    5.7953,
    5.80042,
    5.7985,
    5.79653,
    5.80021,
    5.80075,
    5.79564,
    5.79896,
    5.79588,
    5.79555,
    5.8042,
    5.81101,
    5.81386,
    5.82444,
    5.84457,
    5.83228,
    5.81178,
    5.80874,
    5.81266,
    5.81554,
    5.81305,
    5.80996,
    5.7991,
    5.80358,
    5.8231,
    5.8205,
    5.82096,
    5.81834,
    5.82408,
    5.84215,
    5.82256,
    5.81739,
    5.81395,
    5.79586,
    5.81286,
    5.82236,
    5.8152,
    5.81126,
    5.80586,
    5.79671,
    5.7945,
    5.79891,
    5.80316,
    5.79763,
    5.79448,
    5.79632,
    5.79534,
    5.79645,
    5.79957,
    5.79958,
    5.80249,
    5.80208,
    5.80369,
    5.80301,
    5.82693,
    5.82156,
    5.82304,
    5.82872,
    5.8428,
    5.83572,
    5.8305,
    5.83749,
    5.83692,
    5.8319,
    5.83316,
    5.8329,
    5.84041,
    5.83006,
    5.83106,
    5.84542,
    5.84145,
    5.8365,
    5.84325,
    5.84655,
    5.84285,
    5.8347,
    5.84625,
    5.8457,
    5.8464,
    5.8409,
    5.8432,
    5.8379,
    5.83575,
    5.83285,
    5.84385,
    5.8391,
    5.84015,
    5.838,
    5.83135,
    5.817,
    5.8125,
    5.82385,
    5.81885,
    5.8253,
    5.82675,
    5.8161,
    5.82215,
    5.8267,
    5.8277,
    5.82625,
    5.8298,
    5.8371,
    5.8271,
    5.8146,
    5.8194,
    5.81245,
    5.80835,
    5.81485,
    5.80535,
    5.81145,
    5.8103,
    5.81195,
    5.80935,
    5.8102,
    5.81715,
    5.80175,
    5.7955,
    5.79805,
    5.79575,
    5.80214,
    5.79607,
    5.79837,
    5.79789,
    5.8013,
    5.79488,
    5.79598,
    5.79898,
    5.79935,
    5.79678,
    5.79592,
    5.79761,
    5.8051,
    5.80374,
    5.80602,
    5.80664,
    5.801,
    5.7964,
    5.79841,
    5.80025,
    5.7972,
    5.79716,
    5.80005,
    5.8109,
    5.83578,
    5.81656,
    5.81666,
    5.8113,
    5.81744,
    5.82164,
    5.81155,
    5.80192,
    5.79995,
    5.79502,
    5.80378,
    5.8007,
    5.80098,
    5.80766,
    5.80932,
    5.81614,
    5.79876,
    5.80151,
    5.79788,
    5.79626,
    5.80498,
    5.80298,
    5.81,
    5.8072,
    5.80256,
    5.79688,
    5.79996,
    5.80296,
    5.79981,
    5.8008,
    5.806,
    5.80605,
    5.79885,
    5.8313,
    5.79652,
    5.804,
    5.81384,
    5.8236,
    5.82281,
    5.82473,
    5.8285,
    5.83624,
    5.824,
    5.83816,
    5.83255,
    5.8283,
    5.83338,
    5.83046,
    5.82212,
    5.81712,
    5.81996,
    5.81938,
    5.82722,
    5.8437,
    5.84589,
    5.84624,
    5.84597,
    5.84142,
    5.84643,
    5.84336,
    5.84599,
    5.84419,
    5.8413,
    5.84608,
    5.8376,
    5.83603,
    5.82852,
    5.84034,
    5.84448,
    5.8447,
    5.83715,
    5.84102,
    5.84279,
    5.84303,
    5.84496,
    5.83354,
    5.84577,
    5.84373,
    5.83436,
    5.83294,
    5.83779,
    5.83546,
    5.83026,
    5.82366,
    5.82052,
    5.827,
    5.80446,
    5.79538,
    5.81222,
    5.80132,
    5.80012,
    5.80184,
    5.79729,
    5.7951,
    5.79676,
