{
  "Fifteen_Min": [
    0
  ],
  "Thirty_Min": [
    0,
    0,
    0
  ],
  "One_Hour": [
    0,
    0,
    0
  ],
  "Two_Hour": [
    0,
    0,
    0
  ],
  "Four_Hour": [
    0,
    19.85694,
    19.88454,
    19.90092,
    19.8219,
    19.87064,
    19.86814,
    19.84906,
    19.96348,
    19.96622,
    19.94611,
    19.96363,
    19.8828,
    19.83404,
    19.83269,
    19.84107,
    19.88506,
    19.88376,
    19.83379,
    19.87598,
    19.88038,
    19.92382,
    19.92116,
    19.92626,
    19.94836,
    19.9768,
    19.99427,
    20.0705,
    20.12154,
    20.11489,
    20.08728,
    20.08574,
    19.94253,
    19.87812,
    19.92625,
    19.87687,
    19.82126,
    19.9619,
    19.95543,
    19.99862,
    19.98108,
    19.9709,
    19.93788,
    19.83304,
    19.89864,
    19.91667,
    19.93738,
    19.93904,
    20.10846,
    20.14806,
    20.15636,
    20.13947,
    20.13876,
    20.07756,
    20.14661,
    20.09052,
    20.16894,
    20.16375,
    20.24496,
    20.21426,
    20.20404,
    20.22786,
    20.2418,
    20.21122,
    20.25958,
    20.26086,
    20.25476,
    20.21918,
    20.25568,
    20.2299,
    20.16752,
    20.20512,
    20.17948,
    20.20146,
    20.23854,
    20.20065,
    20.2561,
    20.2318,
    20.23565,
    20.2451,
    20.25261,
    20.26056,
    20.22426,
    20.2149,
    20.20546,
    20.2167,
    20.24849,
    20.25268,
    20.20736,
    20.14023,
    20.10051,
    20.07198,
    20.06274,
    20.07844,
    20.05486,
    20.01932,
    19.97003,
    19.97,
    19.9475
  ],
  "Daily": [
    0,
    21.73405,
    21.74872,
    21.72985,
    21.66094,
    21.67512,
    21.6094,
    21.62304,
    21.73043,
    21.7938,
    21.7061,
    21.58816,
    21.59252,
    21.54695,
    21.54779,
    21.55712,
    21.63049,
    21.65829,
    21.83155,
    21.81812,
    21.73684,
    21.85146,
    21.99678,
    21.95692,
    21.92201,
    21.93934,
    21.88768,
    21.87992,
    21.82794,
    22.0159,
    21.81738,
    20.15636,
    20.09052,
    20.32936,
    20.34264,
    20.28438,
    20.22786,
    20.26673,
    20.25568,
    20.20512,
    20.27198,
    20.42516,
    20.53266,
    20.47,
    20.45214,
    20.54498,
    20.67588,
    20.65788,
    20.658,
    20.59709,
    20.91467,
    20.98799,
    20.95122,
    20.71203,
    20.434,
    20.57904,
    20.34387,
    20.46899,
    20.35051,
    20.29966,
    20.47338,
    20.5079,
    20.7013,
    20.84064,
    20.72421,
    20.79734,
    20.86252,
    20.9685,
    20.80598,
    20.90676,
    21.02288,
    20.9048,
    20.8801,
    20.95866,
    20.83028,
    20.81954,
    20.68972,
    20.76588,
    20.40568,
    20.31335,
    20.46702,
    20.2318,
    20.50568,
    20.90554,
    21.04678,
    21.03806,
    21.0578,
    21.03804,
    21.03451,
    21.05433,
    21.0814,
    20.98601,
    20.96199,
    20.68648,
    20.58866,
    20.82923,
    20.74772,
    20.6869,
    20.93209,
    20.98657,
    21.07218,
    21.02222,
    20.88122,
    20.93912,
    20.85441,
    20.87083,
    21.09847,
    20.90445,
    20.88862,
    20.48794,
    20.4051,
    20.33236,
    20.31343,
    20.34107,
    20.38048,
    20.54312,
    20.66541,
    20.76454,
    20.49054,
    20.47423,
    20.6743,
    20.70758,
    20.72188,
    21.07812,
    21.05869,
    21.0977,
    20.97328,
    20.99994,
    20.9914,
    20.9224,
    20.9448,
    20.94416,
    20.67683,
    20.67724,
    20.74079,
    20.58552,
    20.42754,
    20.56534,
    20.58572,
    20.63336,
    20.8198,
    20.87078,
    20.88938,
    20.98998,
    20.9609,
    20.96171,
    20.99635,
    21.12184,
    21.13921,
    21.13595
  ],
  "Weekly": [
    0
  ]
}