{
  "Fifteen_Min": [
    0
  ],
  "Thirty_Min": [
    0,
    0,
    0
  ],
  "One_Hour": [
    0,
    0,
    0
  ],
  "Two_Hour": [
    0,
    0,
    0
  ],
  "Four_Hour": [
    0,
    9.0195,
    9.02042,
    9.02881,
    9.03032,
    9.06421,
    9.0731,
    9.10769,
    9.10614,
    9.11234,
    9.07829,
    9.07112,
    9.063,
    9.06824,
    9.0732,
    9.08126,
    9.08073,
    9.08315,
    9.08596,
    9.10553,
    9.0939,
    9.08958,
    9.11048,
    9.10014,
    9.0859,
    9.0831,
    9.09744,
    9.10927,
    9.1039,
    9.05792,
    9.0056,
    9.016,
    9.01958,
    9.02204,
    9.03022,
    9.02918,
    9.02582,
    9.01916,
    9.00344,
    9.00538,
    8.98574,
    8.98566,
    8.99839,
    9.0015,
    9.03555,
    9.0245,
    9.02689,
    9.04707,
    9.04722,
    9.03804,
    9.06144,
    9.05717,
    9.06598,
    9.05358,
    8.98904,
    8.99797,
    9.00376,
    9.00488,
    8.98689,
    8.98949,
    8.98654,
    8.99865,
    9.00632,
    9.03056,
    9.04936,
    9.05814,
    9.05984,
    9.05946,
    9.05614,
    9.05141,
    9.05709,
    9.0606,
    9.06008,
    9.10164,
    9.10097,
    9.1208,
    9.12084,
    9.11164,
    9.13066,
    9.12705,
    9.12817,
    9.12472,
    9.10802,
    9.12981,
    9.13134,
    9.14604,
    9.13937,
    9.13778,
    9.1432,
    9.12888,
    9.10486,
    9.09004,
    9.08898,
    9.07982,
    9.0849,
    9.07176,
    9.07676,
    9.03244,
    9.03674,
    9.0489,
    9.04178,
    9.0497,
    9.00318,
    9.00244,
    9.00952,
    9.00326,
    8.99706,
    8.99525,
    9.00578,
    9.0024,
    9.0099,
    9.00184,
    8.99482,
    9.0072,
    9.01092,
    9.00496,
    8.9887,
    8.998,
    8.9993,
    9.03788,
    9.06814,
    9.0612,
    9.04728,
    9.04074,
    9.03687,
    9.01121,
    9.01836,
    9.01991,
    9.0176,
    9.03395,
    9.04673,
    9.04084,
    9.052,
    9.04575,
    9.05159
  ],
  "Daily": [
    0,
    9.0492,
    9.02042,
    9.063,
    9.08315,
    9.09744,
    9.016,
    9.02918,
    8.98338,
    9.04216,
    8.97561,
    8.98949,
    9.05814,
    9.05141,
    9.1208,
    9.12817,
    9.1432,
    9.0849,
    9.0489,
    9.0097,
    9.00626,
    8.99482,
    9.14604,
    8.58448,
    8.58679,
    8.56392,
    8.49226,
    8.48548,
    8.48585,
    8.51896,
    8.49406,
    8.49859,
    8.51972,
    8.52618,
    8.5486,
    8.53804,
    8.50142,
    8.4986,
    8.53312,
    8.52536,
    8.57158,
    8.52276,
    8.51052,
    8.52194,
    8.48424,
    8.49454,
    8.51128,
    8.52764,
    8.53134,
    8.52196,
    8.53047,
    8.50182,
    8.51419,
    8.48466,
    8.5153,
    8.54294,
    8.56014,
    8.54289,
    8.53688,
    8.52815,
    8.51212,
    8.49884,
    8.50162,
    8.5746,
    8.48387,
    8.4952,
    8.49664,
    8.50542,
    8.50915,
    8.50886,
    8.49594,
    8.50691,
    8.53296,
    8.54876,
    8.56626,
    8.52738,
    8.61377,
    8.64361,
    8.63819,
    8.6221,
    8.57284,
    8.62442,
    8.6266,
    8.62556,
    8.65364,
    8.64955,
    8.65162,
    8.56556,
    8.55496,
    8.53627,
    8.48134,
    8.49206,
    8.48746,
    8.49491,
    8.5315,
    8.50686,
    8.52543,
    8.50286,
    8.51168,
    8.56018,
    8.61715,
    8.5963,
    8.54038,
    8.57244,
    8.61608,
    8.59772,
    8.6483,
    8.59259,
    8.65049,
    8.64722,
    8.64456,
    8.6526,
    8.62492,
    8.63436,
    8.63982,
    8.5863,
    8.62728,
    8.645,
    8.65256,
    8.64371,
    8.62917,
    8.64124,
    8.54277,
    8.48947,
    8.48646,
    8.4938,
    8.51348,
    8.54974,
    8.58296,
    8.58727,
    8.57572,
    8.57636,
    8.50196,
    8.50376,
    8.51774,
    8.49227,
    8.48,
    8.49606,
    8.5305,
    8.51884,
    8.48436,
    8.48927,
    8.49734,
    8.49316,
    8.49855,
    8.49472,
    8.52829,
    8.49336,
    8.50834,
    8.53587,
    8.52833,
    8.53141,
    8.52552,
    8.48578,
    8.483,
    8.49154,
    8.49148,
    8.50013,
    8.52334,
    8.53486,
    8.48616,
    8.50676,
    8.49982,
    8.48984,
    8.52188,
    8.5166,
    8.52206,
    8.49393,
    8.50558,
    8.48935,
    8.51712,
    8.48048,
    8.49917,
    8.506,
    8.4901,
    8.52014,
    8.539,
    8.50812,
    8.49568,
    8.489,
    8.5066,
    8.49962,
    8.55734,
    8.58992,
    8.51305,
    8.51194,
    8.49838,
    8.51675,
    8.49618,
    8.48893,
    8.4861,
    8.51668,
    8.58556,
    8.5549,
    8.5634,
    8.53334,
    8.53534,
    8.5947,
    8.57778,
    8.60066,
    8.63244,
    8.64716,
    8.6489,
    8.64942,
    8.6484,
    8.59906,
    8.64491,
    8.6235,
    8.64093,
    8.6161,
    8.62112,
    8.65437,
    8.64619,
    8.62062,
    8.57095,
    8.54037,
    8.4879,
    8.5588,
    8.52908,
    8.50358,
    8.53396,
    8.58272,
    8.6066,
    8.63576,
    8.64297,
    8.61172,
    8.59346,
    8.61842,
    8.6374,
    8.64702,
    8.65326,
    8.65346,
    8.62344,
    8.64974,
    8.58338,
    8.61311,
    8.57062,
    8.58972,
    8.57826,
    8.59721,
    8.5833,
    8.59084,
    8.59162,
    8.55808,
    8.47414,
    8.47108,
    8.47605,
    8.47238,
    8.47364,
    8.47305,
    8.47774,
    8.47189,
    8.47292,
    8.47225,
    8.47042,
    8.47525,
    8.47732,
    8.47808,
    8.47064,
    8.47882,
    8.47373
  ],
  "Weekly": [
    0,
    8.71306,
    8.7701,
    8.83962,
    8.70532,
    8.85806,
    8.82116,
    8.89946,
    8.72282,
    8.81656,
    8.77962,
    8.69559,
    8.7006,
    8.68932,
    8.7355,
    8.81465,
    8.841,
    8.78772,
    8.74728,
    8.69369,
    8.776,
    8.79478,
    8.74588,
    8.68552,
    8.66178,
    8.66322,
    8.66812,
    8.68644,
    8.80812,
    8.69034,
    8.71001,
    8.69996,
    8.76113,
    8.70043,
    8.75488,
    8.70526,
    8.69267,
    8.66522,
    8.78093,
    8.7937,
    8.77617,
    8.72828,
    8.69064,
    8.67894,
    8.74974,
    8.72905,
    8.75141,
    8.80316,
    9.02918,
    8.95719,
    8.94695,
    8.91946,
    8.87704,
    8.86808,
    8.85706,
    8.78012,
    8.71863,
    8.66971,
    8.66707,
    8.70076,
    8.80348,
    8.83197,
    8.87126,
    8.96812,
    9.00626,
    9.04084,
    9.0225
  ]
}