{
  "Fifteen_Min": [
    0,
    0.82655,
    0.8267,
    0.82672,
    0.82659,
    0.82662,
    0.82668,
    0.82664,
    0.82669,
    0.82652,
    0.82626,
    0.82644,
    0.82622,
    0.82514,
    0.8255,
    0.82541,
    0.82511,
    0.8248,
    0.82477,
    0.82478,
    0.82475,
    0.82491,
    0.82503,
    0.8251,
    0.82508,
    0.8249,
    0.82495,
    0.82499,
    0.82526,
    0.82522,
    0.82505,
    0.82504,
    0.8253,
    0.82518,
    0.82488,
    0.82494,
    0.82507,
    0.82502,
    0.82513,
    0.82512,
    0.82496,
    0.82458,
    0.82476,
    0.82516,
    0.82525,
    0.82533,
    0.82554,
    0.82555,
    0.82546,
    0.82548,
    0.82557,
    0.82545,
    0.82564,
    0.82574,
    0.82576,
    0.82588,
    0.82566,
    0.82586,
    0.82536,
    0.82543,
    0.82534,
    0.82537,
    0.82532,
    0.8258,
    0.8256,
    0.82582,
    0.82562,
    0.82594,
    0.82584,
    0.82589
  ],
  "Thirty_Min": [
    0,
    0,
    0
  ],
  "One_Hour": [
    0,
    0,
    0
  ],
  "Two_Hour": [
    0,
    0,
    0
  ],
  "Four_Hour": [
    0
  ],
  "Daily": [
    0,
    0.85048,
    0.85692,
    0.85318,
    0.85062,
    0.84354,
    0.84146,
    0.84479,
    0.8491,
    0.8483,
    0.85024,
    0.855,
    0.85909,
    0.85958,
    0.86395,
    0.8645,
    0.86228,
    0.8617,
    0.85658,
    0.85124,
    0.85552,
    0.85246,
    0.85378,
    0.85184,
    0.84928,
    0.84384,
    0.8424,
    0.84647,
    0.84248,
    0.85004,
    0.8493,
    0.85791,
    0.85762,
    0.85854,
    0.85701,
    0.86119,
    0.86164,
    0.86142,
    0.85988,
    0.86096,
    0.85912,
    0.85572,
    0.85773,
    0.85072,
    0.84823,
    0.84761,
    0.84877,
    0.8524,
    0.84674,
    0.84673,
    0.84547,
    0.84536,
    0.84329,
    0.8438,
    0.8497,
    0.85097,
    0.85224,
    0.85163,
    0.85255,
    0.85018,
    0.85122,
    0.85415,
    0.85733,
    0.86297,
    0.86407,
    0.86478,
    0.8587,
    0.85712,
    0.8507,
    0.84816,
    0.85251,
    0.85662,
    0.85839,
    0.85872,
    0.86222,
    0.85399,
    0.85306,
    0.85274,
    0.85212,
    0.846,
    0.84844,
    0.85054,
    0.85467,
    0.85141,
    0.84478,
    0.84819,
    0.8428,
    0.84741,
    0.85079,
    0.85433,
    0.85793,
    0.8564,
    0.86391,
    0.86483,
    0.86492,
    0.86125,
    0.86498,
    0.856,
    0.84875,
    0.8545,
    0.85422,
    0.85362,
    0.85341,
    0.84894,
    0.84882,
    0.84728,
    0.84704,
    0.84862,
    0.84255,
    0.84138,
    0.84584,
    0.84482,
    0.84731,
    0.84416,
    0.84276,
    0.84818,
    0.85101,
    0.858,
    0.85784,
    0.85968,
    0.86448,
    0.86271,
    0.86466,
    0.86342,
    0.86426,
    0.85944,
    0.85432,
    0.85746,
    0.86042,
    0.85808,
    0.85846,
    0.85554,
    0.86312,
    0.8551,
    0.84947,
    0.85372,
    0.852,
    0.85566,
    0.85562,
    0.8651,
    0.85708,
    0.85332,
    0.85222,
    0.86038,
    0.8555,
    0.85292,
    0.85368,
    0.85824,
    0.862,
    0.86126,
    0.86208,
    0.86418,
    0.86304,
    0.86454,
    0.86468,
    0.86504,
    0.86438,
    0.8631,
    0.8603,
    0.85796,
    0.85736,
    0.85022,
    0.85502,
    0.85624,
    0.86218,
    0.86402,
    0.863,
    0.86302,
    0.86206,
    0.8626,
    0.86032,
    0.86174,
    0.8641,
    0.86374,
    0.86326,
    0.8634,
    0.86159,
    0.86286,
    0.85964,
    0.86076,
    0.86231,
    0.85838,
    0.85703,
    0.85649,
    0.85551,
    0.85484,
    0.85683,
    0.8567,
    0.85682,
    0.85202,
    0.8528,
    0.85182,
    0.85266,
    0.84538,
    0.84382,
    0.84187,
    0.84186,
    0.84312,
    0.84346,
    0.84924,
    0.84966,
    0.85506,
    0.85191,
    0.85652,
    0.85382,
    0.85404,
    0.84549,
    0.8502,
    0.84986,
    0.84802,
    0.84988,
    0.8513,
    0.85462,
    0.85156,
    0.84937,
    0.84418,
    0.84227,
    0.84338,
    0.84566,
    0.84253,
    0.84753,
    0.84602,
    0.84935,
    0.84486,
    0.84274,
    0.84344,
    0.86031,
    0.86503,
    0.86493,
    0.86529,
    0.86508,
    0.86444,
    0.86074,
    0.86041,
    0.86526,
    0.86429,
    0.86121,
    0.86127,
    0.85704,
    0.85608,
    0.85666,
    0.85845,
    0.85674,
    0.8578,
    0.8558,
    0.85829,
    0.86068,
    0.85654,
    0.85493,
    0.85263,
    0.85115,
    0.85136,
    0.8505,
    0.8496,
    0.86544,
    0.86064,
    0.86356,
    0.86502,
    0.86352,
    0.8591,
    0.85882,
    0.85908,
    0.85945,
    0.85941,
    0.86134,
    0.86171,
    0.86089,
    0.86298,
    0.8635,
    0.85849,
    0.85917,
    0.8602,
    0.8616,
    0.85965,
    0.8592,
    0.85966,
    0.86012,
    0.85885,
    0.85807,
    0.85907,
    0.85764,
    0.85507,
    0.85526,
    0.85602,
    0.85684,
    0.85911,
    0.85959,
    0.85728,
    0.8581,
    0.85686,
    0.85677,
    0.85438,
    0.85442,
    0.85408,
    0.85397,
    0.85414,
    0.85755,
    0.86281,
    0.85976,
    0.85486,
    0.85597,
    0.8514,
    0.8518,
    0.85154,
    0.8537,
    0.85256,
    0.8523,
    0.84942,
    0.84783,
    0.84752,
    0.84648,
    0.8466,
    0.84954,
    0.8503,
    0.85064,
    0.85206,
    0.85152,
    0.85636,
    0.85595,
    0.85542,
    0.85706,
    0.85734,
    0.85858,
    0.8569,
    0.85787,
    0.85792,
    0.85465,
    0.85353,
    0.85342,
    0.8536,
    0.8532,
    0.8535,
    0.85831,
    0.8583,
    0.85561,
    0.85355,
    0.86316,
    0.85922,
    0.85594,
    0.8539,
    0.85098,
    0.85083,
    0.84865,
    0.84983,
    0.84879,
    0.84813,
    0.84567,
    0.84332,
    0.84278,
    0.8427,
    0.84434,
    0.84707,
    0.84488,
    0.85593,
    0.85424,
    0.85509,
    0.85626,
    0.85324,
    0.84747,
    0.84258,
    0.84883,
    0.84798,
    0.85245,
    0.85273,
    0.85086,
    0.85096,
    0.85428,
    0.85326,
    0.85106,
    0.85169,
    0.85046,
    0.85036,
    0.84808,
    0.84444,
    0.84502,
    0.84245,
    0.84204,
    0.84132,
    0.84114,
    0.84527,
    0.84397,
    0.84265,
    0.84666,
    0.842,
    0.8425,
    0.84116,
    0.84162,
    0.84262,
    0.8412,
    0.84189,
    0.85298,
    0.85498,
    0.85492,
    0.85102,
    0.84681,
    0.84476,
    0.84874,
    0.84519,
    0.85107,
    0.8499,
    0.85177,
    0.85174,
    0.85331,
    0.85454,
    0.85369,
    0.85822,
    0.85419,
    0.85813,
    0.85979,
    0.86274,
    0.86081,
    0.85426,
    0.84506,
    0.84634,
    0.8443,
    0.84437,
    0.84742,
    0.8488,
    0.85068,
    0.84848,
    0.84583,
    0.84296,
    0.84532,
    0.84466,
    0.84544,
    0.84247,
    0.84516,
    0.85409,
    0.85946,
    0.86169,
    0.86202,
    0.85998,
    0.86476,
    0.8628,
    0.86158,
    0.85806,
    0.86004,
    0.86176,
    0.86229,
    0.85951,
    0.85985,
    0.8643,
    0.86319,
    0.85894,
    0.85738,
    0.86046,
    0.86263,
    0.85884,
    0.85938,
    0.8598,
    0.85956,
    0.86485,
    0.85902,
    0.85918,
    0.86006,
    0.8607,
    0.86018,
    0.85852,
    0.85453,
    0.85338,
    0.85383,
    0.85535,
    0.8594,
    0.8579,
    0.85975,
    0.86146,
    0.85936,
    0.86001,
    0.85436,
    0.85503,
    0.8542,
    0.85536,
    0.85126,
    0.85699,
    0.85466,
    0.86488,
    0.86288,
    0.85659,
    0.85742,
    0.85676,
    0.85971,
    0.86058,
    0.86155,
    0.86067,
    0.86278,
    0.8623,
    0.85446,
    0.85302,
    0.85348,
    0.85179,
    0.85805,
    0.8582,
    0.85868,
    0.85568,
    0.85628,
    0.85768,
    0.85903,
    0.85776,
    0.8606,
    0.86332,
    0.86175,
    0.86541,
    0.86516,
    0.86349,
    0.86244,
    0.86248,
    0.85618,
    0.85732,
    0.85702,
    0.85715,
    0.85766,
    0.85729,
    0.85925,
    0.8611,
    0.85937,
    0.86364,
    0.86246,
    0.8624,
    0.85895,
    0.86008,
    0.85866,
    0.86035,
    0.85596,
    0.85778,
    0.85546,
    0.84024,
    0.8407,
    0.84015,
    0.8409,
    0.84035,
    0.84037,
    0.84064,
    0.84056,
    0.84088,
    0.84068,
    0.85538,
    0.85351,
    0.86572,
