{
  "Fifteen_Min": [
    0
  ],
  "Thirty_Min": [
    0,
    0,
    0
  ],
  "One_Hour": [
    0,
    0,
    0
  ],
  "Two_Hour": [
    0,
    0,
    0
  ],
  "Four_Hour": [
    0,
    1.06146,
    1.06317,
    1.06348,
    1.0626,
    1.06466,
    1.06514,
    1.06627,
    1.06586,
    1.06218,
    1.06528,
    1.06267,
    1.0642,
    1.06121,
    1.06343,
    1.06051,
    1.06066,
    1.06076,
    1.06182,
    1.06062,
    1.06079,
    1.06052,
    1.06157,
    1.06151,
    1.062,
    1.06176,
    1.06006,
    1.06296,
    1.06402,
    1.06113,
    1.0602,
    1.06036,
    1.06098,
    1.06082,
    1.06204,
    1.06162,
    1.0652,
    1.06556,
    1.06276,
    1.06376,
    1.0638,
    1.06422,
    1.06372,
    1.06417,
    1.06292,
    1.06122,
    1.06282,
    1.06249,
    1.06563,
    1.0655,
    1.0661,
    1.06606,
    1.06434,
    1.06548,
    1.06688,
    1.07039,
    1.06985,
    1.06968,
    1.06791,
    1.0679,
    1.06638,
    1.066,
    1.06636,
    1.06106,
    1.06074,
    1.06044,
    1.06202,
    1.06108,
    1.06444,
    1.06668,
    1.06772,
    1.06722,
    1.07252,
    1.07338,
    1.07364,
    1.07428,
    1.07216,
    1.07335,
    1.07342,
    1.0731,
    1.07476,
    1.07416,
    1.07498,
    1.07468,
    1.07579,
    1.07628,
    1.07654,
    1.07665,
    1.07581,
    1.07132,
    1.0725,
    1.07404,
    1.0711,
    1.06954,
    1.07274,
    1.07266,
    1.07316,
    1.07284,
    1.07143,
    1.07248,
    1.07356,
    1.07637,
    1.07488,
    1.0739,
    1.07337,
    1.0726,
    1.07066,
    1.06958,
    1.06684,
    1.06774,
    1.0667,
    1.06696,
    1.0677,
    1.06808,
    1.07183,
    1.07242,
    1.07288,
    1.07384,
    1.07611,
    1.07278,
    1.07357,
    1.0715,
    1.07258,
    1.0683,
    1.0688,
    1.07048,
    1.07004,
    1.06794,
    1.06928,
    1.0673,
    1.06536,
    1.06384,
    1.0637,
    1.06412,
    1.06784,
    1.0676,
    1.0691,
    1.06806,
    1.06844,
    1.06736,
    1.06738,
    1.06632,
    1.0653,
    1.06608,
    1.06464,
    1.06577,
    1.06374,
    1.06463,
    1.06198,
    1.06075,
    1.06014,
    1.0606,
    1.06056,
    1.06424,
    1.06654,
    1.06414,
    1.06244,
    1.06085,
    1.06092,
    1.061,
    1.06224,
    1.06248,
    1.06342,
    1.06366,
    1.06484,
    1.06546,
    1.06854,
    1.06831,
    1.06852,
    1.06569,
    1.06564,
    1.06217,
    1.06686,
    1.06386,
    1.06817,
    1.07076,
    1.06966,
    1.07191,
    1.07028,
    1.07064,
    1.07174,
    1.07332,
    1.0734,
    1.06028,
    1.06126,
    1.06124,
    1.06494,
    1.06523,
    1.06262,
    1.06675,
    1.06656,
    1.06698,
    1.06612,
    1.07052,
    1.07238,
    1.07122,
    1.07298,
    1.07675,
    1.07694,
    1.0768,
    1.07688,
    1.07493,
    1.07574,
    1.07598,
    1.07679,
    1.07666,
    1.07631,
    1.0764,
    1.07668,
    1.07562,
    1.07494,
    1.07506,
    1.07344,
    1.0723,
    1.07184,
    1.07127,
    1.07254,
    1.07399,
    1.07318,
    1.07197,
    1.072,
    1.07241,
    1.07149,
    1.07128,
    1.07091,
    1.0708,
    1.07046,
    1.07225,
    1.07208,
    1.06982,
    1.06599,
    1.06381,
    1.06865,
    1.06816,
    1.06867,
    1.07081,
    1.076,
    1.07622,
    1.07619,
    1.07632,
    1.07474,
    1.07102,
    1.07078,
    1.06937,
    1.07,
    1.06961,
    1.07116,
    1.07119,
    1.07163,
    1.06992,
    1.06708,
    1.06886,
    1.06922,
    1.06906,
    1.06932,
    1.07086,
    1.07268,
    1.07635,
    1.07671,
    1.07482,
    1.07496,
    1.07454,
    1.0741,
    1.07662,
    1.07486,
    1.0758,
    1.07606,
    1.07483,
    1.0744,
    1.07296,
    1.07217,
    1.07193,
    1.07358,
    1.07272,
    1.07222,
    1.07106,
    1.06935,
    1.07042,
    1.06959,
    1.07136,
    1.07117,
    1.07024,
    1.07134,
    1.07287,
    1.07276,
    1.07504,
    1.07392,
    1.07144,
    1.07074,
    1.07233,
    1.07566,
    1.07523,
    1.07352,
    1.07477,
    1.07407,
    1.07401,
    1.07341,
    1.06771,
    1.06487,
    1.0644,
    1.06535,
    1.06658,
    1.06504,
    1.06592,
    1.06716,
    1.0664,
    1.06919,
    1.068,
    1.06868,
    1.06848,
    1.0685,
    1.06788,
    1.06964,
    1.06981,
    1.06314,
    1.06423,
    1.0656,
    1.06576,
    1.06462,
    1.06448,
    1.0649,
    1.06258,
    1.06223,
    1.06047,
    1.06086,
    1.06183,
    1.06266,
    1.06099,
    1.06647,
    1.06724,
    1.06158,
    1.0607,
    1.06072,
    1.06115,
    1.06243,
    1.06004,
    1.06155,
    1.0618,
    1.06264,
    1.06272,
    1.07094,
    1.07286,
    1.07376,
    1.07177,
    1.07105,
    1.06836,
    1.06762,
    1.06773,
    1.06861,
    1.06694,
    1.07093,
    1.06977,
    1.06681,
    1.0672,
    1.06847,
    1.06858,
    1.06898,
    1.06728,
    1.06989,
    1.07162,
    1.07644,
    1.07672,
    1.07616,
    1.0747,
    1.07561,
    1.0761,
    1.07674,
    1.07636,
    1.07441,
    1.07648,
    1.07692,
    1.07536,
    1.07419,
    1.07294,
    1.07306,
    1.07511,
    1.07537,
    1.07627,
    1.07702,
    1.0765,
    1.0767,
    1.07667,
    1.07155,
    1.07118,
    1.07089,
    1.07292,
    1.07664,
    1.07626,
    1.07603,
    1.07661,
    1.07466,
    1.0766,
    1.07681,
    1.07366,
    1.07431,
    1.07373,
    1.07333,
    1.07491,
    1.07682,
    1.07696,
    1.07362,
    1.07427,
    1.07426,
    1.07406,
    1.07262,
    1.07112,
    1.06711,
    1.06458,
    1.06526,
    1.06473,
    1.06362,
    1.06184,
    1.0614,
    1.06163,
    1.0625,
    1.06186,
    1.06405,
    1.06499,
    1.06699,
    1.06628,
    1.06533,
    1.06439,
    1.06387,
    1.06456,
    1.06534,
    1.06568,
    1.06398,
    1.06489,
    1.06538,
    1.06587,
    1.06552,
    1.06706,
    1.07001,
    1.06834,
    1.07034,
    1.07092,
    1.073,
    1.07275,
    1.07224
  ],