{
  "Fifteen_Min": [
    0,
    1.45777,
    1.45788,
    1.45804,
    1.45752,
    1.45671,
    1.45684,
    1.45669,
    1.45638,
    1.45649,
    1.45658,
    1.45645,
    1.45675,
    1.45693,
    1.45682,
    1.45688,
    1.45698,
    1.45686,
    1.45651,
    1.45662,
    1.45666,
    1.45656,
    1.45636,
    1.45637,
    1.4566,
    1.4568,
    1.45664,
    1.45697,
    1.4572,
    1.45703,
    1.45696,
    1.45716,
    1.45786,
    1.45766,
    1.4578,
    1.45743,
    1.45759,
    1.4577,
    1.45751,
    1.45798,
    1.45782,
    1.45794,
    1.45802,
    1.4579,
    1.45774,
    1.45767,
    1.45799,
    1.45728,
    1.45747,
    1.45724,
    1.45768,
    1.45763,
    1.45742,
    1.4573,
    1.4576,
    1.45745,
    1.45754,
    1.45738,
    1.4575,
    1.45741,
    1.45755,
    1.45734,
    1.45733,
    1.45748,
    1.45744,
    1.45732,
    1.45756,
    1.45775,
    1.45801,
    1.45796,
    1.45781,
    1.45702,
    1.45665,
    1.45657,
    1.4565,
    1.45632,
    1.45718,
    1.45713,
    1.45731,
    1.45711,
    1.45725,
    1.45762,
    1.45736,
    1.45712,
    1.45694,
    1.45705,
    1.45644,
    1.45639,
    1.45678,
    1.45652,
    1.45668,
    1.45634,
    1.45646,
    1.45683,
    1.45629,
    1.45672,
    1.4571,
    1.45739,
    1.45653,
    1.45642,
    1.45648,
    1.45641,
    1.45673,
    1.45687,
    1.4569,
    1.45679,
    1.45691,
    1.45654,
    1.45655,
    1.4564,
    1.45714,
    1.45726,
    1.45695,
    1.45676,
    1.45715,
    1.4574,
    1.45722,
    1.45708,
    1.45704,
    1.45709,
    1.45769,
    1.45803,
    1.4563,
    1.4567,
    1.45689,
    1.45721,
    1.45737,
    1.45758,
    1.457
  ],
  "Thirty_Min": [
    0,
    0,
    0
  ],
  "One_Hour": [
    0,
    0,
    0
  ],
  "Two_Hour": [
    0,
    0,
    0
  ],
  "Four_Hour": [
    0,
    1.45167,
    1.45228,
    1.45252,
    1.45141,
    1.45237,
    1.45319,
    1.45265,
    1.45244,
    1.45206,
    1.45146,
    1.45215,
    1.45216,
    1.44992,
    1.45052,
    1.44986,
    1.45254,
    1.45344,
    1.45304,
    1.45436,
    1.45499,
    1.45502,
    1.45582,
    1.46012,
    1.45957,
    1.45825,
    1.45994,
    1.46094,
    1.46068,
    1.46082,
    1.46002,
    1.45672,
    1.45788,
    1.4575,
    1.45952,
    1.46028,
    1.46096,
    1.4612,
    1.45766,
    1.46092,
    1.46011,
    1.45758,
    1.45724,
    1.45598,
    1.4565,
    1.45395,
    1.45494,
    1.45482,
    1.45518,
    1.45473,
    1.4553,
    1.45516,
    1.45488,
    1.45201,
    1.45161,
    1.45354,
    1.45378,
    1.45491,
    1.45366,
    1.45208,
    1.45184,
    1.45256,
    1.4539,
    1.45483,
    1.45346,
    1.45302,
    1.4532,
    1.45384,
    1.45504,
    1.4551,
    1.45608,
    1.45638,
    1.45531,
    1.45351,
    1.45438,
    1.45474,
    1.4545,
    1.45486,
    1.45332,
    1.45128,
    1.45188,
    1.45158,
    1.45217,
    1.4522,
    1.45388,
    1.45452,
    1.45469,
    1.45414,
    1.45528,
    1.45532,
    1.4547,
    1.45055,
    1.45094,
    1.451,
    1.4512,
    1.4516,
    1.45065,
    1.45171,
    1.45009,
    1.45178,
    1.45272,
    1.45204,
    1.45122,
    1.45197,
    1.45162,
    1.45036,
    1.45088,
    1.45005,
    1.44989,
    1.4498,
    1.45,
    1.45159,
    1.45386,
    1.45288,
    1.45447,
    1.45374,
    1.45772,
    1.46127,
    1.46116,
    1.46065,
    1.4579,
    1.45932,
    1.46022,
    1.45956,
    1.45964,
    1.46,
    1.45992,
    1.46083,
    1.46102,
    1.45982,
    1.46123,
    1.46126,
    1.46052,
    1.4592,
    1.46125,
    1.45914,
    1.45923,
    1.4605,
    1.46109,
    1.4604,
    1.45988,
    1.46066,
    1.45097,
    1.45134,
    1.45194,
    1.45061,
    1.45296,
    1.45232,
    1.45422,
    1.45434,
    1.45424,
    1.45498,
    1.45458,
    1.45737,
    1.45753,
    1.45743,
    1.45768,
    1.45815,
    1.45752,
    1.45821,
    1.4584,
    1.45884,
    1.45538,
    1.45403,
    1.45455,
    1.45676,
    1.45681,
    1.45574,
    1.45361,
    1.45355,
    1.45466,
    1.45268,
    1.45156,
    1.45248,
    1.45195,
    1.45292,
    1.45353,
    1.45364,
    1.4519,
    1.45554,
    1.45799,
    1.45818,
    1.45805,
    1.45475,
    1.45132,
    1.45294,
    1.45004,
    1.45038,
    1.44988,
    1.45212,
    1.45323,
    1.45149,
    1.45138,
    1.45163,
    1.45198,
    1.45301,
    1.4525,
    1.45305,
    1.45373,
    1.4538,
    1.45253,
    1.4537,
    1.45406,
    1.45511,
    1.45634,
    1.45749,
    1.46036,
    1.46067,
    1.46054,
    1.46044,
    1.46004,
    1.45934,
    1.4598,
    1.45612,
    1.45658,
    1.45542,
    1.45393,
    1.45136,
    1.45148,
    1.45034,
    1.45078,
    1.45026,
    1.45023,
    1.45008,
    1.45873,
    1.45902,
    1.4554,
    1.453,
    1.45246,
    1.45306,
    1.45368,
    1.45432,
    1.45547,
    1.45568,
    1.45828,
    1.45876,
    1.45627,
    1.45734,
    1.45722,
    1.4577,
    1.45661,
    1.45628,
    1.45571,
    1.45844,
    1.45886,
    1.45898,
    1.45852,
    1.45746,
    1.45833,
    1.45885,
    1.45836,
    1.45801,
    1.46077,
    1.46062,
    1.461,
    1.46018,
    1.46079,
    1.46048,
    1.45987,
    1.45947,
    1.45928,
    1.45652,
    1.45778,
    1.45712,
    1.45249,
    1.45192,
    1.44987,
    1.45108,
    1.45299,
    1.45501,
    1.45303,
    1.45468,
    1.45584,
    1.45541,
    1.4563,
    1.45497,
    1.45472,
    1.45534,
    1.45741,
    1.45707,
    1.4603,
    1.45993,
    1.45953,
    1.45834,
    1.45996,
    1.46035,
    1.46032,
    1.4591,
    1.45816,
    1.4583,
    1.45896,
    1.46026,
    1.45995,
    1.46017,
    1.4599,
    1.4588,
    1.45866,
    1.45892,
    1.45997,
    1.46091,
    1.46057,
    1.46088,
    1.46106,
    1.46076,
    1.46045,
    1.45848,
    1.45566,
    1.4557,
    1.45646,
    1.45891,
    1.45859,
    1.45802,
    1.458,
    1.45264,
    1.45371,
    1.45649,
    1.45579,
    1.45397,
    1.45428,
    1.45042,
    1.45107,
    1.45242,
    1.45067,
    1.4515,
    1.45325,
    1.45316,
    1.45025,
    1.45168,
    1.4511,
    1.45112,
    1.44994,
    1.45118,
    1.45179,
    1.45173,
    1.45049,
    1.45024,
    1.45018,
    1.45059,
    1.44982,
    1.45266,
    1.45218,
    1.45297,
    1.45263,
    1.45276,
    1.45411,
    1.45362,
    1.45334,
    1.45358,
    1.45322,
    1.45462,
    1.45398,
    1.45377,
    1.45702,
    1.45888,
    1.45853,
    1.45787,
    1.45781,
    1.45784,
    1.45764,
    1.45688,
    1.45662,
    1.45744,
    1.4589,
    1.4571,
    1.45404,
    1.45629,
    1.45539,
    1.45669,
    1.45687,
    1.45728,
    1.4572,
    1.45803,
    1.4581,
    1.45654,
    1.45862,
    1.45904,
    1.45846,
    1.45855,
    1.45647,
    1.45618,
    1.45589,
    1.45577,
    1.45401,
    1.45356,
    1.45394,
    1.45543,
    1.4585,
    1.45736,
    1.4544,
    1.4546,
    1.45594,
    1.45585,
    1.45664,
    1.45708,
    1.4574,
    1.4561,
    1.45581,
    1.45636,
    1.45614,
    1.45812,
    1.45919,
    1.45962,
    1.45937,
    1.45944,
    1.45777,
    1.45942,
    1.45822,
    1.45668,
    1.45703,
    1.45847,
    1.45854,
    1.45786,
    1.45849,
    1.45716,
    1.45775,
    1.45869,
    1.459,
    1.45824,
    1.45692,
    1.45754,
    1.4555,
    1.45387,
    1.4541,
    1.45451,
    1.4549,
    1.45476,
    1.45286,
    1.45224,
    1.45544,
    1.45559,
    1.45606,
    1.45698,
    1.46098,
    1.4609,
    1.46081,
    1.4596,
    1.46049,
    1.4593,
    1.45653,
    1.45445,
    1.45214,
    1.45116,
    1.45144,
    1.4502,
    1.45056,
    1.45106,
    1.4513,
    1.45079,
    1.45066,
    1.44991,
    1.45043,
    1.45147,
    1.45111,
    1.4506,
    1.45409,
    1.45545,
    1.45738,
    1.45798,
    1.45829
  ],