{
  "Fifteen_Min": [
    0
  ],
  "Thirty_Min": [
    0,
    0,
    0
  ],
  "One_Hour": [
    0,
    0,
    0
  ],
  "Two_Hour": [
    0,
    0,
    0
  ],
  "Four_Hour": [
    0
  ],
  "Daily": [
    0,
    1.45579,
    1.45431,
    1.45699,
    1.44734,
    1.44826,
    1.45348,
    1.45304,
    1.44935,
    1.45885,
    1.45986,
    1.45298,
    1.4558,
    1.45188,
    1.4523,
    1.44609,
    1.44448,
    1.4467,
    1.45248,
    1.45134,
    1.45516,
    1.46062,
    1.4604,
    1.4662,
    1.46384,
    1.46108,
    1.46004,
    1.46191,
    1.46051,
    1.45874,
    1.45718,
    1.45496,
    1.45737,
    1.45464,
    1.4533,
    1.44926,
    1.449,
    1.4421,
    1.44214,
    1.43906,
    1.44302,
    1.45161,
    1.43594,
    1.43758,
    1.43726,
    1.4403,
    1.4482,
    1.44862,
    1.4549,
    1.44892,
    1.43954,
    1.45989,
    1.46596,
    1.46398,
    1.46714,
    1.46772,
    1.46472,
    1.46534,
    1.45388,
    1.45069,
    1.45458,
    1.44102,
    1.44596,
    1.43934,
    1.44234,
    1.46086,
    1.45438,
    1.46285,
    1.45713,
    1.45808,
    1.46558,
    1.46284,
    1.45728,
    1.4657,
    1.4636,
    1.45331,
    1.44502,
    1.44752,
    1.4465,
    1.44634,
    1.43914,
    1.43747,
    1.43742,
    1.44514,
    1.46283,
    1.46593,
    1.46148,
    1.46298,
    1.45977,
    1.4603,
    1.46189,
    1.46698,
    1.46226,
    1.45231,
    1.45282,
    1.4477,
    1.4534,
    1.45752,
    1.46312,
    1.46046,
    1.45536,
    1.44649,
    1.44645,
    1.43942,
    1.43804,
    1.4496,
    1.44266,
    1.45404,
    1.44884,
    1.44096,
    1.45082,
    1.44426,
    1.44132,
    1.44118,
    1.43923,
    1.4379,
    1.4375,
    1.43868,
    1.43806,
    1.44088,
    1.4426,
    1.43918,
    1.43825,
    1.44304,
    1.44104,
    1.45338,
    1.44877,
    1.4572,
    1.45712,
    1.46476,
    1.45698,
    1.44896,
    1.45888,
    1.45834,
    1.44674,
    1.44588,
    1.4454,
    1.45071,
    1.45006,
    1.45117,
    1.4574,
    1.45988,
    1.45609,
    1.45842,
    1.4561,
    1.45582,
    1.45954,
    1.4622,
    1.44112,
    1.4456,
    1.44824,
    1.45702,
    1.46571,
    1.46514,
    1.4659,
    1.46172,
    1.46723,
    1.46758,
    1.46618,
    1.4612,
    1.45854,
    1.4415,
    1.44408,
    1.4394,
    1.4391,
    1.44592,
    1.45172,
    1.4458,
    1.45358,
    1.45963,
    1.4587,
    1.46518,
    1.46446,
    1.46718,
    1.44192,
    1.43756,
    1.4368,
    1.43919,
    1.43972,
    1.44454,
    1.44716,
    1.43584,
    1.44438,
    1.44354,
    1.44768,
    1.4672,
    1.46763,
    1.46797,
    1.45504,
    1.45003,
    1.45052,
    1.45734,
    1.459,
    1.45148,
    1.46254,
    1.45645,
    1.45686,
    1.46588,
    1.461,
    1.45695,
    1.45676,
    1.45807,
    1.44704,
    1.4498,
    1.45748,
    1.46561,
    1.46582,
    1.45576,
    1.4648,
    1.46765,
    1.46644,
    1.46728,
    1.46524,
    1.46536,
    1.46452,
    1.46375,
    1.46521,
    1.46098,
    1.46451,
    1.46266,
    1.46168,
    1.45914,
    1.45238,
    1.45474,
    1.45227,
    1.45272,
    1.46149,
    1.46638,
    1.46436,
    1.46136,
    1.45788,
    1.45946,
    1.45206,
    1.44864,
    1.4489,
    1.44303,
    1.44566,
    1.46047,
    1.46134,
    1.46008,
    1.45996,
    1.4627,
    1.45716,
    1.45934,
    1.45614,
    1.4616,
    1.46131,
    1.46652,
    1.4565,
    1.45488,
    1.4515,
    1.44696,
    1.44914,
    1.45415,
    1.46729,
    1.46738,
    1.46349,
    1.45694,
    1.45876,
    1.45581,
    1.457,
    1.45864,
    1.46012,
    1.46142,
    1.4621,
    1.4658,
    1.4646,
    1.4628,
    1.4607,
    1.462,
    1.46316,
    1.46234,
    1.46296,
    1.46468,
    1.46612,
    1.46742,
    1.46428,
    1.45756,
    1.45666,
    1.45797,
    1.45974,
    1.45478,
    1.46192,
    1.45646,
    1.45076,
    1.45108,
    1.4502,
    1.44782,
    1.45001,
    1.45376,
    1.4535,
    1.45241,
    1.44916,
    1.44772,
    1.44854,
    1.45154,
    1.4494,
    1.45005,
    1.45324,
    1.46643,
    1.46085,
    1.45884,
    1.45302,
    1.45035,
    1.44076,
    1.43818,
    1.44286,
    1.44498,
    1.4507,
    1.4661,
    1.4678,
    1.46516,
    1.46635,
    1.46764,
    1.46748,
    1.46184,
    1.46408,
    1.46739,
    1.46301,
    1.45928,
    1.45002,
    1.44355,
    1.44216,
    1.43762,
    1.43745,
    1.43814,
    1.43782,
    1.43679,
    1.4356,
    1.43861,
    1.43941,
    1.44091,
    1.44188,
    1.43982,
    1.4364,
    1.43854,
    1.44888,
    1.45094,
    1.4471,
    1.43965,
    1.44036,
    1.4457,
    1.44748,
    1.44846,
    1.45717,
    1.45456,
    1.45062,
    1.44988,
    1.4485,
    1.44268,
    1.43776,
    1.44006,
    1.43761,
    1.43641,
    1.43598,
    1.44987,
    1.44927,
    1.45022,
    1.44762,
    1.44522,
    1.43894,
    1.44446,
    1.44382,
    1.44399,
    1.44416,
    1.44252,
    1.43977,
    1.43712,
    1.43676,
    1.44003,
    1.44679,
    1.44806,
    1.4433,
    1.44314,
    1.43866,
    1.44369,
    1.44436,
    1.44193,
    1.43728,
    1.44136,
    1.44422,
    1.45058,
    1.45119,
    1.44471,
    1.45258,
    1.45318,
    1.45554,
    1.45092,
    1.45276,
    1.44574,
    1.4468,
    1.44218,
    1.43734,
    1.44073,
    1.43628,
    1.4409,
    1.43746,
    1.43708,
    1.44312,
    1.4407,
    1.4543,
    1.45095,
    1.45534,
    1.46329,
    1.45591,
    1.45624,
    1.46488,
    1.46528,
    1.46548,
    1.46512,
    1.46781,
    1.46721,
    1.46352,
    1.46692,
    1.46422,
    1.45838,
    1.45858,
    1.46029,
    1.45429,
    1.46138,
    1.46057,
    1.45532,
    1.45976,
    1.451,
    1.44732,
    1.43784,
    1.44012,
    1.43802,
    1.43696,
    1.4432,
    1.44406,
    1.44289,
    1.44499,
    1.44066,
    1.44558,
    1.43846,
    1.44161,
    1.45599,
    1.45643,
    1.46775,
    1.466,
    1.45711,
    1.45617,
    1.45162,
    1.4596,
    1.45048,
    1.46054,
    1.46219,
    1.46479,
    1.46478,
    1.46272,
    1.45927,
    1.45773,
    1.45378,
    1.43755,
    1.43612,
    1.44394,
    1.44589,
    1.44045,
    1.44146,
    1.43706,
    1.44343,
    1.4517,
    1.45308,
    1.45809,
    1.46112,
    1.46724,
    1.46448,
    1.4592,
    1.46684,
    1.4677,
    1.46321,
    1.46169,
    1.46109,
    1.46711,
    1.45745,
    1.4637,
    1.46286,
    1.46255,
    1.46127,
    1.45704,
    1.46249,
    1.45836,
    1.46182,
    1.46368,
    1.4676,
    1.46339,
    1.46105,
    1.46154,
    1.46013,
    1.45327,
    1.45336,
    1.45268,
    1.45468,
    1.45099,
    1.45033,
    1.4516,
    1.47098,
    1.47674,
    1.4732,
    1.46595,
    1.47676,
    1.47458,
    1.4693,
    1.47032,
    1.47628,
    1.47466,
    1.47256,
    1.45387,
    1.45068,
    1.44595,
    1.45437,
    1.47736,
    1.47242,
    1.47658,
    1.47238,
    1.47024,
    1.46866,
    1.46569,
    1.47266,
    1.46359,
    1.47637,
    1.47626,
    1.47646,
    1.47008,
    1.4715,
    1.44751,
    1.44513,
    1.46282,
    1.46592,
    1.47226,
    1.4681,
    1.46856,
    1.46188,
    1.47182,
    1.45281,
    1.45535,
    1.44648,
    1.44644,
    1.44959,
    1.44883,
    1.44876,
    1.45697,
    1.44587,
    1.45116,
    1.45739,
    1.45608,
    1.4742,
    1.47542,
    1.4707,
    1.46722,
    1.47556,
    1.47587,
    1.47096,
    1.4764,
    1.47412,
    1.46757,
    1.46617,
    1.46119,
    1.45171,
    1.44579,
    1.45962,
    1.47185,
    1.47259,
    1.47534,
    1.46445,
    1.4736,
    1.47716,
    1.4757,
    1.46762,
    1.47075,
    1.46796,
    1.46938,
    1.45733,
    1.45644,
    1.46045,
    1.47722,
    1.47009,
    1.47687,
    1.45675,
    1.45806,
    1.45747,
    1.46956,
    1.4656,
    1.47206,
    1.47029,
    1.47364,
    1.47576,
    1.47369,
    1.47342,
    1.46934,
    1.47492,
    1.47566,
    1.47656,
    1.47734,
    1.47272,
    1.47269,
    1.46817,
    1.4686,
    1.47151,
    1.47068,
    1.4683,
    1.46898,
    1.46523,
    1.46908,
    1.46535,
    1.46374,
    1.4652,
