{
  "Fifteen_Min": [
    0,
    1.87976,
    1.88034,
    1.87974,
    1.88026,
    1.87833,
    1.87866,
    1.87894,
    1.87854,
    1.87913,
    1.87994,
    1.8791,
    1.87996,
    1.87982,
    1.87963,
    1.87932,
    1.88061,
    1.88002,
    1.88077,
    1.88126,
    1.88006,
    1.87918,
    1.87924,
    1.8781,
    1.87863,
    1.882,
    1.88364,
    1.8835,
    1.88385,
    1.88384,
    1.88341,
    1.88328,
    1.88308,
    1.88289,
    1.88066,
    1.8805,
    1.88,
    1.8799,
    1.88076,
    1.88155,
    1.88334,
    1.88294,
    1.88322,
    1.88181,
    1.88338,
    1.88432,
    1.88472,
    1.88414,
    1.88462,
    1.88392,
    1.8837,
    1.88458,
    1.8836,
    1.8838,
    1.88336,
    1.88358,
    1.88436,
    1.88416,
    1.88426,
    1.88431,
    1.88418,
    1.88454,
    1.8848,
    1.88452,
    1.88463,
    1.88387,
    1.88344,
    1.88408,
    1.88359,
    1.88324
  ],
  "Thirty_Min": [
    0,
    0,
    0
  ],
  "One_Hour": [
    0,
    0,
    0
  ],
  "Two_Hour": [
    0,
    0,
    0
  ],
  "Four_Hour": [
    0
  ],
  "Daily": [
    0,
    1.77924,
    1.75721,
    1.76816,
    1.76839,
    1.77411,
    1.76618,
    1.75246,
    1.79252,
    1.78748,
    1.77294,
    1.77354,
    1.76623,
    1.7713,
    1.76805,
    1.76746,
    1.75383,
    1.77252,
    1.7497,
    1.75293,
    1.75272,
    1.76058,
    1.76506,
    1.7639,
    1.76836,
    1.77689,
    1.77856,
    1.7728,
    1.77537,
    1.77609,
    1.77181,
    1.7648,
    1.76171,
    1.75848,
    1.76827,
    1.76394,
    1.76014,
    1.75269,
    1.75006,
    1.75148,
    1.76253,
    1.77742,
    1.78062,
    1.77568,
    1.77703,
    1.77556,
    1.76754,
    1.75733,
    1.75611,
    1.75065,
    1.7494,
    1.74894,
    1.75218,
    1.7508,
    1.75271,
    1.75282,
    1.74935,
    1.74963,
    1.76339,
    1.77816,
    1.76815,
    1.78301,
    1.77525,
    1.7978,
    1.79554,
    1.79294,
    1.79841,
    1.79386,
    1.79081,
    1.78677,
    1.77333,
    1.78742,
    1.79063,
    1.79596,
    1.77963,
    1.76621,
    1.77803,
    1.7848,
    1.79754,
    1.78626,
    1.78904,
    1.7878,
    1.7856,
    1.77173,
    1.77904,
    1.78381,
    1.76942,
    1.75331,
    1.7486,
    1.74889,
    1.75492,
    1.75808,
    1.75916,
    1.7681,
    1.77684,
    1.77884,
    1.78221,
    1.78478,
    1.776,
    1.78074,
    1.78512,
    1.79118,
    1.7869,
    1.78058,
    1.76563,
    1.77276,
    1.76252,
    1.75098,
    1.76134,
    1.7652,
    1.76592,
    1.77626,
    1.77058,
    1.76477,
    1.75528,
    1.75382,
    1.75159,
    1.76547,
    1.76471,
    1.78059,
    1.77682,
    1.77958,
    1.77086,
    1.76636,
    1.76539,
    1.77442,
    1.78067,
    1.78647,
    1.77342,
    1.77716,
    1.76655,
    1.76443,
    1.7746,
    1.77367,
    1.78188,
    1.78234,
    1.77038,
    1.7683,
    1.75858,
    1.761,
    1.76116,
    1.75456,
    1.7493,
    1.7513,
    1.76226,
    1.76834,
    1.75428,
    1.76784,
    1.76761,
    1.76726,
    1.77596,
    1.79022,
    1.79112,
    1.78828,
    1.79371,
    1.78215,
    1.77982,
    1.7721,
    1.77547,
    1.7534,
    1.75046,
    1.75854,
    1.76902,
    1.77351,
    1.76862,
    1.77512,
    1.77269,
    1.76723,
    1.76492,
    1.7591,
    1.76911,
    1.75364,
    1.75698,
    1.75511,
    1.75556,
    1.75373,
    1.76118,
    1.77022,
    1.77126,
    1.77344,
    1.7693,
    1.77868,
    1.78994,
    1.77764,
    1.7742,
    1.75712,
    1.757,
    1.76916,
    1.7663,
    1.77153,
    1.7679,
    1.75601,
    1.76256,
    1.77718,
    1.78892,
    1.78542,
    1.78366,
    1.77698,
    1.78526,
    1.77146,
    1.78624,
    1.79826,
    1.79756,
    1.78639,
    1.77526,
    1.7783,
    1.7735,
    1.77233,
    1.76296,
    1.76196,
    1.77156,
    1.7686,
    1.7675,
    1.7544,
    1.754,
    1.764,
    1.7768,
    1.78566,
    1.78146,
    1.79366,
    1.7887,
    1.79716,
    1.79715,
    1.7965,
    1.7916,
    1.78185,
    1.7528,
    1.75796,
    1.7538,
    1.7495,
    1.7582,
    1.75996,
    1.76166,
    1.7549,
    1.75846,
    1.751,
    1.75186,
    1.74925,
    1.74936,
    1.75028,
    1.7487,
    1.75234,
    1.752,
    1.75195,
    1.76042,
    1.75476,
    1.766,
    1.77192,
    1.77956,
    1.77854,
    1.7819,
    1.7786,
    1.7469,
    1.74735,
    1.74617,
    1.74601,
    1.74678,
    1.74582,
    1.74832,
    1.74511,
    1.74826,
    1.7458,
    1.74645,
    1.74588,
    1.7448,
    1.74677,
    1.74783,
    1.7468,
    1.74624,
    1.74524,
    1.7453,
    1.7471,
    1.74676,
    1.7464,
    1.78102,
    1.74443,
    1.74409,
    1.74446,
    1.73892,
    1.73053,
    1.73054,
    1.73804,
    1.73875,
    1.73027,
    1.73451,
    1.73423,
    1.73163,
    1.739,
    1.73862,
    1.74343,
    1.7434,
    1.74374,
    1.74406,
    1.73129,
    1.73595,
    1.73188,
    1.73078,
    1.7314,
    1.73028,
    1.73114,
    1.74046,
    1.74078,
    1.73715,
    1.74339,
    1.74159,
    1.73893,
    1.73179,
    1.73525,
    1.73091,
    1.73654,
    1.73404,
    1.74155,
    1.74259,
    1.73535,
    1.73798,
    1.74004,
    1.74059,
    1.73768,
    1.73979,
    1.74107,
    1.74227,
    1.74084,
    1.73684,
    1.73331,
    1.74027,
    1.73887,
    1.737,
    1.73828,
    1.73725,
    1.73792,
    1.73539,
    1.73461,
    1.73903,
    1.72965,
    1.73519,
    1.74063,
    1.7402,
    1.74126,
    1.74304,
    1.73788,
    1.74205,
    1.74044,
    1.73708,
    1.73444,
    1.73672,
    1.74184,
    1.74062,
    1.7354,
    1.73674,
    1.73274,
    1.7297,
    1.74308,
    1.73058,
    1.7375,
    1.73824,
    1.72964,
    1.73372,
    1.74349,
    1.73396,
    1.73172,
    1.7341,
    1.73863,
    1.7333,
    1.73504,
    1.73438,
    1.74219,
    1.74124,
    1.73332,
    1.7315,
    1.73604,
    1.74334,
    1.73422,
    1.73,
    1.73308,
    1.74311,
    1.74318,
    1.73476,
    1.73014,
    1.76676,
    1.76766,
    1.7685,
    1.7697,
    1.7744,
    1.7638,
    1.76276,
    1.83688,
    1.85017,
    1.85142,
    1.87715,
    1.87471,
    1.85107,
    1.86,
    1.85069,
    1.84634,
    1.83772,
    1.85131,
    1.84352,
    1.8423,
    1.84176,
    1.83626,
    1.84106,
    1.84066,
    1.8425,
    1.84387,
    1.85092,
    1.84576,
    1.83686,
    1.8399,
    1.8395,
    1.8394,
    1.8373,
    1.8367,
    1.83768,
    1.84076,
    1.84166,
    1.83778,
    1.838,
    1.83666,
    1.8408,
    1.84116,
    1.83616
  ],
  "Weekly": [
    0,
    1.85675,
    1.92015,
    1.91185,
    1.93145,
    1.91355,
    1.90345,
    1.88775,
    1.92225,
    1.89875,
    1.92805,
    1.92895,
    1.93785,
    1.92205,
    1.89625,
    1.8744,
    1.8736,
    1.87135,
    1.8627,
    1.8551,
    1.90225,
    1.8836,
    1.8634,
    1.89915,
    1.9102,
    1.868,
    1.86999,
    1.85685,
    1.83387,
    1.84009,
    1.84535,
    1.84255,
    1.84887,
    1.83749,
    1.93258,
    1.8957,
    1.89355,
    1.88269,
    1.85703,
    1.87877,
    1.895,
    1.92052,
    1.93543,
    1.9145,
    1.88712,
    1.88564,
    1.88431,
    1.90066,
    1.88816,
    1.92384,
    1.9117,
    1.86219,
    1.83953,
    1.85801,
    1.83349,
    1.90053,
    1.9345,
    1.92729,
    1.91036,
    1.90565,
    1.885,
    1.90562,
    1.86582,
    1.82912,
    1.83816,
    1.84454,
    1.84842,
    1.82969,
    1.89547,
    1.87194,
    1.86979,
    1.85565,
    1.85031,
    1.8281,
    1.84634,
    1.84352,
    1.8293,
    1.82893,
    1.83159,
    1.84394,
    1.83686,
    1.84406,
    1.83984,
    1.83768,
    1.83778,
    1.83074
  ]
}