{
  "Fifteen_Min": [
    0,
    4.1545,
    4.15276,
    4.1543,
    4.15422,
    4.15395,
    4.154,
    4.15385,
    4.1514,
    4.151,
    4.15155,
    4.1519,
    4.1512,
    4.1501,
    4.14998,
    4.14929,
    4.14903,
    4.1489,
    4.1474,
    4.1482,
    4.14945,
    4.1498,
    4.1483,
    4.14875,
    4.14895,
    4.14855,
    4.14905,
    4.14815,
    4.14985,
    4.14995,
    4.15085,
    4.15054,
    4.1503,
    4.1499,
    4.1509,
    4.1508,
    4.15115,
    4.1513,
    4.1511,
    4.1507,
    4.14915,
    4.1504,
    4.15235,
    4.15388,
    4.15228,
    4.15325,
    4.1539,
    4.1527,
    4.15082,
    4.1506,
    4.15,
    4.14885,
    4.14565,
    4.14405,
    4.14445,
    4.14485,
    4.1442,
    4.14585,
    4.1443,
    4.1459,
    4.1458,
    4.1455,
    4.14545,
    4.1441,
    4.14415,
    4.1444,
    4.1445,
    4.14515,
    4.1451,
    4.1454,
    4.14555,
    4.14605,
    4.1462,
    4.146,
    4.1456,
    4.14625,
    4.1464,
    4.14441,
    4.14575,
    4.14552,
    4.14658,
    4.14825,
    4.153,
    4.1546,
    4.1533,
    4.14964,
    4.14955,
    4.1491,
    4.14792,
    4.14986,
    4.14878,
    4.149,
    4.15257,
    4.15234,
    4.15015
  ],
  "Thirty_Min": [
    0,
    0,
    0
  ],
  "One_Hour": [
    0,
    0,
    0
  ],
  "Two_Hour": [
    0,
    0,
    0
  ],
  "Four_Hour": [
    0
  ],
  "Daily": [
    0
  ],
  "Weekly": [
    0,
    4.075,
    4.0721,
    4.1136,
    4.0718,
    4.0781,
    4.0829,
    4.177,
    4.1167,
    4.1801,
    4.1636,
    4.1808,
    4.228,
    4.2323,
    4.2255,
    4.1747,
    4.2097,
    4.1433,
    4.0833,
    4.0716,
    4.0827,
    4.1117,
    4.1079,
    4.146,
    4.1903,
    4.1876,
    4.1809,
    4.1453,
    4.1066,
    4.0777,
    4.0729,
    4.1246,
    4.0711,
    4.13,
    4.08345,
    4.1735,
    4.1925,
    4.14425,
    4.0895,
    4.10575,
    4.09175,
    4.08901,
    4.1684,
    4.14248,
    4.21183,
    4.22606,
    4.20883,
    4.17858,
    4.10159,
    4.15212,
    4.1528,
    4.15513,
    4.1405,
    4.0961,
    4.09052,
    4.11647,
    4.07582,
    4.10464,
    4.11814,
    4.07091,
    4.10394,
    4.1609,
    4.17948,
    4.152,
    4.18951,
    4.2268,
    4.1733,
    4.21528,
    4.18439,
    4.1647,
    4.1126,
    4.0881,
    4.1188,
    4.15052,
    4.1519,
    4.16026,
    4.18465,
    4.18982,
    4.1691,
    4.19325,
    4.22887,
    4.18503,
    4.16447,
    4.1309,
    4.0726,
    4.0919,
    4.09653,
    4.11608,
    4.079,
    4.09741,
    4.10635,
    4.13598,
    4.10811,
    4.16048,
    4.11224,
    4.10402,
    4.07822,
    4.0843,
    4.0762,
    4.11219,
    4.10904,
    4.15251,
    4.16809,
    4.14897,
    4.15924,
    4.13781,
    4.13209,
    4.17507,
    4.15671,
    4.10183,
    4.10497,
    4.14573,
    4.14315,
    4.17177,
    4.19685,
    4.23588,
    4.23232,
    4.23432,
    4.18597,
    4.23344,
    4.22646,
    4.20466,
    4.22655,
    4.22216,
    4.19974,
    4.1926,
    4.17063,
    4.1814,
    4.18818,
    4.19502,
    4.18618,
    4.1791,
    4.1585,
    4.14744,
    4.14887,
    4.1644,
    4.19478,
    4.17527,
    4.14368,
    4.1516,
    4.15836,
    4.20352,
    4.19662,
    4.17049,
    4.16276,
    4.17986,
    4.18278,
    4.205,
    4.18237,
    4.1915,
    4.15332,
    4.14421,
    4.09624,
    4.11871,
    4.15269,
    4.14914,
    4.14144,
    4.14852,
    4.14574,
    4.1842,
    4.20003,
    4.20652,
    4.1924,
    4.179,
    4.20478,
    4.1826,
    4.18402,
    4.19026,
    4.18893,
    4.21868,
    4.21352,
    4.22776,
    4.22798,
    4.19949,
    4.1829,
    4.15923,
    4.18522,
    4.20428,
    4.18408,
    4.15626,
    4.16742,
    4.14765,
    4.13306,
    4.09926,
    4.10863,
    4.11112,
    4.15882,
    4.14572,
    4.17946,
    4.1743,
    4.1777,
    4.10654,
    4.1437,
    4.14128,
    4.18412,
    4.18166,
    4.22831,
    4.21416,
    4.20738,
    4.20234,
    4.22468,
    4.21978,
    4.23586,
    4.23793,
    4.23844,
    4.23212,
    4.22358,
    4.23507,
    4.2278,
    4.2096,
    4.21312,
    4.1934,
    4.1832,
    4.18383,
    4.1848,
    4.2082,
    4.22258,
    4.23079,
    4.23393,
    4.20476,
    4.2345,
    4.22561,
    4.23554,
    4.20988,
    4.21372,
    4.19729,
    4.2086,
    4.19161,
    4.1772,
    4.15182,
    4.17142,
    4.13196,
    4.17055,
    4.15605,
    4.17386,
    4.18806,
    4.19363,
    4.21839,
    4.21303,
    4.19962,
    4.16844,
    4.1726,
    4.20677,
    4.23658,
    4.21208,
    4.2125,
    4.19675,
    4.16618
  ]
}