{
  "Fifteen_Min": [
    0
  ],
  "Thirty_Min": [
    0,
    0,
    0
  ],
  "One_Hour": [
    0,
    0,
    0
  ],
  "Two_Hour": [
    0,
    0,
    0
  ],
  "Four_Hour": [
    0,
    4.36732,
    4.36681,
    4.3611,
    4.34905,
    4.3482,
    4.34906,
    4.36372,
    4.3648,
    4.36598,
    4.366,
    4.36636,
    4.36706,
    4.36597,
    4.36443,
    4.36671,
    4.35417,
    4.35948,
    4.34668,
    4.3433,
    4.3448,
    4.3441,
    4.34761,
    4.32418,
    4.31915,
    4.3189,
    4.31922,
    4.33262,
    4.33841,
    4.34412,
    4.34496,
    4.3443,
    4.34506,
    4.34815,
    4.34938,
    4.35097,
    4.35348,
    4.35267,
    4.34966,
    4.34248,
    4.32074,
    4.3255,
    4.3327,
    4.33324,
    4.32935,
    4.33252,
    4.32938,
    4.33025,
    4.3295,
    4.32182,
    4.32408,
    4.32361,
    4.32318,
    4.32175,
    4.31992,
    4.32948,
    4.32658,
    4.3294,
    4.3278,
    4.33264,
    4.3273,
    4.33392,
    4.33406,
    4.32975,
    4.3344,
    4.33224,
    4.3371,
    4.33715,
    4.33665,
    4.33148,
    4.33568,
    4.33632,
    4.33714,
    4.33556,
    4.34024,
    4.33251,
    4.3275,
    4.3271,
    4.32614,
    4.32284,
    4.31884,
    4.3153,
    4.31577,
    4.32202,
    4.30975,
    4.31136,
    4.32299,
    4.33325,
    4.33098,
    4.32857,
    4.32708,
    4.32076,
    4.32266,
    4.32276,
    4.3329,
    4.33304,
    4.3252,
    4.325,
    4.32449,
    4.3297,
    4.33836,
    4.34425,
    4.34166,
    4.34088,
    4.3412,
    4.33984,
    4.33166,
    4.326,
    4.3261,
    4.32576,
    4.3288,
    4.33425,
    4.33115,
    4.333,
    4.33375,
    4.3338,
    4.32728,
    4.32676,
    4.33125,
    4.33365,
    4.32132,
    4.31996,
    4.32231,
    4.32383,
    4.33945,
    4.33228,
    4.33566,
    4.33998,
    4.3358,
    4.34657,
    4.34508,
    4.34485,
    4.34745,
    4.34845,
    4.34314,
    4.36174,
    4.3618,
    4.3673,
    4.36465,
    4.3576,
    4.35023,
    4.35485,
    4.3534,
    4.3537,
    4.3523,
    4.3498,
    4.34482,
    4.3452,
    4.34545,
    4.34574,
    4.34818,
    4.3521,
    4.35115,
    4.35175,
    4.3528,
    4.34306,
    4.33211,
    4.33445,
    4.33459,
    4.33694,
    4.33465,
    4.34102,
    4.34809,
    4.34852,
    4.34105,
    4.34227,
    4.33695,
    4.33355,
    4.33322,
    4.35035,
    4.35599,
    4.35355,
    4.35,
    4.35825,
    4.35705,
    4.3579,
    4.35924,
    4.35858,
    4.36762,
    4.36725,
    4.35829,
    4.35408,
    4.3529,
    4.3535,
    4.35668,
    4.36259,
    4.36212,
    4.36079,
    4.36676,
    4.36715,
    4.36455,
    4.3664,
    4.36702,
    4.36535,
    4.36248,
    4.34824,
    4.35092,
    4.34375,
    4.32987,
    4.33066,
    4.32945,
    4.32982,
    4.33075,
    4.3248,
    4.31535,
    4.31557,
    4.31587,
    4.31596,
    4.32015,
    4.3157,
    4.32053,
    4.32145,
    4.32665,
    4.33964,
    4.33969,
    4.34122,
    4.33728,
    4.3476,
    4.34894,
    4.34858,
    4.34865,
    4.34796,
    4.34616,
    4.34234,
    4.3417,
    4.34452,
    4.34409,
    4.3366,
    4.32404,
    4.32662,
    4.32633,
    4.32652,
    4.3175,
    4.32391,
    4.32685,
    4.32675,
    4.31908,
    4.31415,
    4.311,
    4.30976,
    4.30986,
    4.32073,
    4.33397,
    4.33483
  ],
  "Daily": [
    0
  ],
  "Weekly": [
    0,
    4.1136,
    4.0829,
    4.177,
    4.1167,
    4.1801,
    4.1636,
    4.1808,
    4.228,
    4.2424,
    4.2323,
    4.2255,
    4.1747,
    4.2097,
    4.1433,
    4.0833,
    4.0827,
    4.1117,
    4.1079,
    4.146,
    4.1903,
    4.1876,
    4.1809,
    4.1453,
    4.1066,
    4.1246,
    4.13,
    4.08345,
    4.1735,
    4.1925,
    4.14425,
    4.0895,
    4.10575,
    4.09175,
    4.08901,
    4.1684,
    4.14248,
    4.21183,
    4.22606,
    4.20883,
    4.17858,
    4.2394,
    4.10159,
    4.15212,
    4.1528,
    4.15513,
    4.1405,
    4.0961,
    4.09052,
    4.11647,
    4.10464,
    4.11814,
    4.10394,
    4.1609,
    4.17948,
    4.152,
    4.18951,
    4.2268,
    4.1733,
    4.21528,
    4.18439,
    4.1647,
    4.1126,
    4.0881,
    4.1188,
    4.15052,
    4.1519,
    4.16026,
    4.18465,
    4.18982,
    4.1691,
    4.19325,
    4.24916,
    4.22887,
    4.246,
    4.18503,
    4.16447,
    4.1309,
    4.0919,
    4.09653,
    4.11608,
    4.09741,
    4.10635,
    4.13598,
    4.10811,
    4.16048,
    4.11224,
    4.10402,
    4.0843,
    4.11219,
    4.10904,
    4.15251,
    4.16809,
    4.14897,
    4.15924,
    4.13781,
    4.13209,
    4.17507,
    4.15671,
    4.10183,
    4.10497,
    4.14573,
    4.14315,
    4.17177,
    4.19685,
    4.23964,
    4.24166,
    4.23588,
    4.23232,
    4.23432,
    4.18597,
    4.23344,
    4.22646,
    4.20466,
    4.22655,
    4.22216,
    4.19974,
    4.1926,
    4.17063,
    4.1814,
    4.18818,
    4.19502,
    4.18618,
    4.1791,
    4.1585,
    4.14744,
    4.14887,
    4.1644,
    4.19478,
    4.17527,
    4.14368,
    4.1516,
    4.15836,
    4.20352,
    4.19662,
    4.17049,
    4.16276,
    4.17986,
    4.18278,
    4.205,
    4.18237,
    4.1915,
    4.15332,
    4.14421,
    4.09624,
    4.11871,
    4.15269,
    4.14914,
    4.14144,
    4.14852,
    4.14574,
    4.1842,
    4.20003,
    4.20652,
    4.1924,
    4.179,
    4.20478,
    4.1826,
    4.18402,
    4.19026,
    4.18893,
    4.21868,
    4.21352,
    4.22776,
    4.22798,
    4.19949,
    4.1829,
    4.15923,
    4.18522,
    4.20428,
    4.18408,
    4.15626,
    4.16742,
    4.14765,
    4.13306,
    4.09926,
    4.10863,
    4.11112,
    4.15882,
    4.14572,
    4.17946,
    4.1743,
    4.1777,
    4.10654,
    4.1437,
    4.14128,
    4.18412,
    4.18166,
    4.22831,
    4.21416,
    4.20738,
    4.20234,
    4.22468,
    4.21978,
    4.23586,
    4.25035,
    4.24428,
    4.23793,
    4.23844,
    4.24811,
    4.23212,
    4.22358,
    4.23507,
    4.2278,
    4.2096,
    4.21312,
    4.1934,
    4.1832,
    4.18383,
    4.1848,
    4.2082,
    4.22258,
    4.23079,
    4.23393,
    4.20476,
    4.24436,
    4.2436,
    4.2464,
    4.2345,
    4.2446,
    4.22561,
    4.23554,
    4.20988,
    4.21372,
    4.19729,
    4.2086,
    4.19161,
    4.1772,
    4.15182,
    4.17142,
    4.13196,
    4.17055,
    4.15605,
    4.17386,
    4.18806,
    4.19363,
    4.21839,
    4.21303,
    4.19962,
    4.16844,
    4.1726,
    4.20677,
    4.24524,
    4.24376,
    4.23658,
    4.23962,
    4.24966,
    4.21208,
    4.2125,
    4.19675,
    4.16618
  ]
}