{
  "Fifteen_Min": [
    0,
    1.43608,
    1.4358,
    1.43575,
    1.43586,
    1.43617,
    1.43636,
    1.43669,
    1.43686,
    1.43722,
    1.43765,
    1.43768,
    1.43761,
    1.43874,
    1.43888,
    1.43852,
    1.43931,
    1.4393
  ],
  "Thirty_Min": [
    0,
    0,
    0
  ],
  "One_Hour": [
    0,
    0,
    0
  ],
  "Two_Hour": [
    0,
    0,
    0
  ],
  "Four_Hour": [
    0
  ],
  "Daily": [
    0,
    1.46176,
    1.4627,
    1.4492,
    1.45056,
    1.4493,
    1.44962,
    1.44975,
    1.45258,
    1.44776,
    1.45025,
    1.44564,
    1.44856,
    1.44634,
    1.44665,
    1.45825,
    1.45606,
    1.45644,
    1.45656,
    1.459,
    1.45873,
    1.4611,
    1.46462,
    1.46158,
    1.45078,
    1.44982,
    1.45201,
    1.46077,
    1.45616,
    1.46181,
    1.45527,
    1.46449,
    1.4594,
    1.45178,
    1.45226,
    1.44798,
    1.45952,
    1.45966,
    1.45992,
    1.46004,
    1.46274,
    1.46326,
    1.46025,
    1.45524,
    1.45532,
    1.45446,
    1.4424,
    1.439,
    1.43839,
    1.43748,
    1.43538,
    1.43316,
    1.43374,
    1.43325,
    1.4334,
    1.4326,
    1.43235,
    1.43314,
    1.43245,
    1.43663,
    1.44393,
    1.4338,
    1.43784,
    1.43682,
    1.43319,
    1.43754,
    1.43951,
    1.44154,
    1.44352,
    1.44675,
    1.45228,
    1.4488,
    1.45216,
    1.44758,
    1.45437,
    1.45958,
    1.46068,
    1.45788,
    1.4625,
    1.46197,
    1.4616,
    1.46278,
    1.46012,
    1.45758,
    1.45483,
    1.45516,
    1.45354,
    1.45184,
    1.45303,
    1.45475,
    1.45188,
    1.45388,
    1.45095,
    1.45066,
    1.45162,
    1.44963,
    1.44948,
    1.44478,
    1.44528,
    1.44541,
    1.44176,
    1.44296,
    1.44412,
    1.4454,
    1.44882,
    1.45288,
    1.46336,
    1.46455,
    1.46162,
    1.46231,
    1.46411,
    1.4579,
    1.46276,
    1.45964,
    1.46084,
    1.46124,
    1.46262,
    1.4604,
    1.45135,
    1.45423,
    1.45752,
    1.45539,
    1.45698,
    1.4473,
    1.44755,
    1.44166,
    1.44308,
    1.4386,
    1.44112,
    1.44511,
    1.44253,
    1.44538,
    1.44249,
    1.43984,
    1.44422,
    1.44716,
    1.44706,
    1.45248,
    1.44938,
    1.44656,
    1.44738,
    1.44831,
    1.44886,
    1.446,
    1.4496,
    1.44796,
    1.44893,
    1.45269,
    1.4515,
    1.45306,
    1.45406,
    1.4622,
    1.46392,
    1.46054,
    1.46102,
    1.46234,
    1.46432,
    1.46346,
    1.46228,
    1.45612,
    1.45148,
    1.44951,
    1.4483,
    1.44466,
    1.44535,
    1.44382,
    1.44649,
    1.44792,
    1.44974,
    1.45246,
    1.45548,
    1.45877,
    1.45826,
    1.46031,
    1.45886,
    1.4612,
    1.46048,
    1.45652,
    1.45158,
    1.45134,
    1.45505,
    1.45511,
    1.45422,
    1.4554,
    1.46036,
    1.4583,
    1.46018,
    1.45998,
    1.46174,
    1.46107,
    1.46051,
    1.45566,
    1.45802,
    1.45374,
    1.4558,
    1.45254,
    1.44954,
    1.44844,
    1.44713,
    1.44548,
    1.44728,
    1.46486,
    1.46175,
    1.46703,
    1.44919,
    1.45055,
    1.44929,
    1.44961,
    1.45257,
    1.45024,
    1.44563,
    1.44664,
    1.46784,
    1.46816,
    1.4678,
    1.46819,
    1.4671,
    1.45824,
    1.45605,
    1.45643,
    1.45872,
    1.44981,
    1.452,
    1.46076,
    1.4618,
    1.45526,
    1.46808,
    1.46876,
    1.46448,
    1.46837,
    1.45951,
    1.45991,
    1.46024,
    1.45523,
    1.44392,
    1.44674,
    1.44879,
    1.45215,
    1.44757,
    1.45436,
    1.45957,
    1.46196,
    1.46159,
    1.46618,
    1.4668,
    1.46856,
    1.46277,
    1.46011,
    1.45482,
    1.45302,
    1.45474,
    1.45094,
    1.45065,
    1.44477,
    1.44527,
    1.44295,
    1.44411,
    1.46269,
    1.46335,
    1.46454,
    1.4664,
    1.46796,
    1.46744,
    1.4669,
    1.4623,
    1.46794,
    1.46822,
    1.46655,
    1.4641,
    1.46688,
    1.46524,
    1.46083,
    1.46123,
    1.45538,
    1.44754,
    1.4451,
    1.44252,
    1.44537,
    1.44248,
    1.45353,
    1.44599,
    1.44892,
    1.45268,
    1.45149,
    1.45305,
    1.4495,
    1.44829,
    1.44534,
    1.44381,
    1.44648,
    1.44973,
    1.45547,
    1.45876,
    1.4603,
    1.45885,
    1.46119,
    1.45504,
    1.4551,
    1.46035,
    1.46017,
    1.45997,
    1.46106,
    1.4605,
    1.45579,
    1.44843,
    1.44712,
    1.45173,
    1.44838,
    1.44692,
    1.44612,
    1.44964,
    1.4514,
    1.45218,
    1.45358,
    1.45377,
    1.45888,
    1.45764,
    1.45404,
    1.45687,
    1.4584,
    1.45784,
    1.45904,
    1.45647,
    1.45356,
    1.45582,
    1.45403,
    1.45654,
    1.4561,
    1.45818,
    1.45775,
    1.45577,
    1.45286,
    1.45544,
    1.46098,
    1.46142,
    1.4617,
    1.46002,
    1.45445,
    1.45144,
    1.44861,
    1.44814,
    1.44947,
    1.44991,
    1.451,
    1.45097,
    1.45716,
    1.4572,
    1.44239,
    1.46958,
    1.46977,
    1.46932,
    1.469,
    1.46897,
    1.47005,
    1.46906,
    1.46936,
    1.46931
  ],
  "Weekly": [
    0
  ]
}