{
  "Fifteen_Min": [
    0,
    1.67396,
    1.6742,
    1.67412,
    1.67428,
    1.67389,
    1.67399,
    1.67393,
    1.6746,
    1.67435,
    1.67488,
    1.6753,
    1.6747,
    1.67446,
    1.67467,
    1.67489,
    1.67468,
    1.67449,
    1.67426,
    1.6739,
    1.67402,
    1.67724,
    1.67722,
    1.67715,
    1.67728,
    1.67598,
    1.67656,
    1.67618,
    1.67417,
    1.67429,
    1.67456,
    1.67434,
    1.67502
  ],
  "Thirty_Min": [
    0,
    0,
    0
  ],
  "One_Hour": [
    0,
    0,
    0
  ],
  "Two_Hour": [
    0,
    0,
    0
  ],
  "Four_Hour": [
    0
  ],
  "Daily": [
    0,
    1.62592,
    1.63,
    1.62143,
    1.62562,
    1.6251,
    1.6267,
    1.62364,
    1.6275,
    1.62456,
    1.62385,
    1.62552,
    1.62609,
    1.62398,
    1.62136,
    1.62142,
    1.6252,
    1.6269,
    1.6291,
    1.63068,
    1.63131,
    1.62786,
    1.63113,
    1.63087,
    1.63676,
    1.63301,
    1.6276,
    1.6222,
    1.62321,
    1.62976,
    1.63374,
    1.63334,
    1.6569,
    1.65698,
    1.64344,
    1.65076,
    1.64356,
    1.65085,
    1.63926,
    1.63616,
    1.63762,
    1.63787,
    1.63468,
    1.63992,
    1.63859,
    1.64254,
    1.64328,
    1.63122,
    1.63332,
    1.62308,
    1.62342,
    1.62538,
    1.6231,
    1.62116,
    1.63074,
    1.62628,
    1.62182,
    1.62953,
    1.62839,
    1.62765,
    1.62481,
    1.62708,
    1.63311,
    1.62998,
    1.62927,
    1.62348,
    1.62249,
    1.62394,
    1.62401,
    1.62314,
    1.6239,
    1.626,
    1.62244,
    1.62782,
    1.62409,
    1.62478,
    1.62392,
    1.62338,
    1.62614,
    1.62482,
    1.62176,
    1.6215,
    1.62984,
    1.62991,
    1.63034,
    1.6414,
    1.65264,
    1.639,
    1.63024,
    1.63148,
    1.63172,
    1.62598,
    1.63062,
    1.63702,
    1.64341,
    1.64816,
    1.66241,
    1.66691,
    1.65883,
    1.66755,
    1.6595,
    1.66539,
    1.67214,
    1.67284,
    1.67095,
    1.66398,
    1.66792,
    1.66789,
    1.66474,
    1.65026,
    1.66206,
    1.66556,
    1.6381,
    1.62284,
    1.62896,
    1.62539,
    1.63917,
    1.63631,
    1.63504,
    1.63325,
    1.63514,
    1.62999,
    1.63187,
    1.62878,
    1.63412,
    1.62718,
    1.62711,
    1.62261,
    1.62299,
    1.62612,
    1.62836,
    1.63276,
    1.63366,
    1.64032,
    1.63672,
    1.64052,
    1.64673,
    1.64902,
    1.64811,
    1.64984,
    1.64152,
    1.64678,
    1.64177,
    1.64352,
    1.64539,
    1.65144,
    1.64532,
    1.64734,
    1.64818,
    1.64732,
    1.64582,
    1.64486,
    1.63556,
    1.62852,
    1.62573,
    1.62784,
    1.62636,
    1.62762,
    1.62247,
    1.62393,
    1.6296,
    1.63306,
    1.64864,
    1.65424,
    1.64941,
    1.64668,
    1.63644,
    1.63535,
    1.63592,
    1.64096,
    1.64788,
    1.64062,
    1.63368,
    1.63854,
    1.64022,
    1.63996,
    1.65027,
    1.65496,
    1.66534,
    1.66629,
    1.66053,
    1.66149,
    1.65788,
    1.65462,
    1.66096,
    1.65738,
    1.64936,
    1.63342,
    1.62412,
    1.62262,
    1.62174,
    1.62785,
    1.62242,
    1.62328,
    1.62514,
    1.62382,
    1.63363,
    1.63232,
    1.63242,
    1.63173,
    1.6233,
    1.62897,
    1.6225,
    1.62188,
    1.62288,
    1.6229,
    1.63621,
    1.63527,
    1.62846,
    1.63848,
    1.6306,
    1.631,
    1.63198,
    1.62699,
    1.6419,
    1.64977,
    1.65618,
    1.66352,
    1.66514,
    1.65554,
    1.65099,
    1.64542,
    1.63183,
    1.62278,
    1.62866,
    1.63222,
    1.62768,
    1.62649,
    1.62507,
    1.62962,
    1.64272,
    1.64564,
    1.63761,
    1.64361,
    1.63738,
    1.62107,
    1.62158,
    1.63184,
    1.63373,
    1.64194,
    1.63807,
    1.63598,
    1.62554,
    1.63106,
    1.64394,
    1.63906,
    1.64676,
    1.63962,
    1.6295,
    1.64193,
    1.6489,
    1.64836,
    1.64182,
    1.65286,
    1.64147,
    1.6403,
    1.63642,
    1.65729,
    1.63706,
    1.67297,
    1.67156,
    1.6723,
    1.67078,
    1.67098,
    1.67159,
    1.6709,
    1.65268,
    1.65746,
    1.65482,
    1.6532,
    1.65304,
    1.64908,
    1.65272,
    1.64392,
    1.64346,
    1.64677,
    1.66078,
    1.65808,
    1.64801,
    1.64888,
    1.65558,
    1.66752,
    1.66487,
    1.66146,
    1.66277,
    1.67204,
    1.66633,
    1.67093,
    1.66786,
    1.66508,
    1.65332,
    1.65087,
    1.64694,
    1.65154,
    1.66246,
    1.6726,
    1.67182,
    1.66639,
    1.66843,
    1.66436,
    1.66411,
    1.66298,
    1.6616,
    1.6581,
    1.65369,
    1.65766,
    1.64842,
    1.63698,
    1.64366,
    1.63485,
    1.63574,
    1.6391,
    1.6328,
    1.64103,
    1.62513,
    1.62876,
    1.62388,
    1.62576,
    1.62257,
    1.629,
    1.62972,
    1.63465,
    1.63776,
    1.64072,
    1.63786,
    1.64424,
    1.65186,
    1.65457,
    1.65173,
    1.64954,
    1.61552,
    1.61324,
    1.61348,
    1.61379,
    1.61677,
    1.61496,
    1.61626,
    1.6152,
    1.61999,
    1.61756,
    1.61534,
    1.6159,
    1.61794,
    1.62074,
    1.61777,
    1.61318,
    1.61758,
    1.61879,
    1.61654,
    1.61826,
    1.61343,
    1.6168,
    1.61632,
    1.62046,
    1.6205,
    1.61738,
    1.61823,
    1.61618,
    1.61899,
    1.61953,
    1.62039,
    1.61364,
    1.61643,
    1.61363,
    1.61492,
    1.61812,
    1.61913,
    1.61527,
    1.62061,
    1.61715,
    1.617,
    1.61464,
    1.61857,
    1.61536,
    1.61498,
    1.61642,
    1.62047,
    1.61815,
    1.6176,
    1.6167,
    1.61836,
    1.61708,
    1.61856,
    1.61515,
    1.61346,
    1.61735,
    1.61934,
    1.61459,
    1.61438,
    1.61907,
    1.61456,
    1.61547,
    1.61395,
    1.61326,
    1.6138,
    1.61356,
    1.62022,
    1.62014,
    1.62052,
    1.61706,
    1.62044,
    1.61624,
    1.61841,
    1.61572,
    1.62058,
    1.61746,
    1.62026,
    1.61784,
    1.61906,
    1.61556,
    1.61745,
    1.6187,
    1.61995,
    1.61377,
    1.61402,
    1.61912,
    1.6199,
    1.61782,
    1.61689,
    1.61427,
    1.61437,
    1.61336,
    1.61682,
    1.61403,
    1.61422,
    1.62017,
    1.61936,
    1.61679,
    1.62091,
    1.61878,
    1.61657,
    1.61868,
    1.61968,
    1.61806,
    1.61992,
    1.6206,
    1.65506,
    1.64735,
    1.6107,
    1.61202,
    1.60978,
    1.61198,
    1.61013,
    1.6101,
    1.6094,
    1.61022,
    1.61038,
    1.6096,
    1.60958,
    1.6095,
    1.61273,
    1.60969,
    1.611,
    1.61166,
    1.61304,
    1.61214,
    1.61316,
    1.61124,
    1.61014,
    1.60953,
    1.61032,
    1.61236,
    1.61292,
    1.61246,
    1.60942,
    1.65067,
    1.63888,
    1.64263,
    1.64718,
    1.65416,
    1.65648,
    1.64865,
    1.65212,
    1.65328,
    1.64942,
    1.6526,
    1.65096,
    1.64994,
    1.64815,
    1.6503,
    1.65059,
    1.64855,
    1.65921,
    1.65724,
    1.66101,
    1.6603,
    1.65378,
    1.65102,
    1.65198,
    1.65336,
    1.65372,
    1.65974,
    1.65822,
    1.65294,
    1.65704,
    1.65784,
    1.6553,
    1.65227,
    1.6505,
    1.64514,
    1.64704,
    1.63788,
    1.64071,
    1.64654,
    1.6492,
    1.6585,
    1.65762,
    1.65196,
    1.64983,
    1.64681,
    1.66292,
    1.67471,
    1.69422,
    1.697,
    1.68048,
    1.69954,
    1.69974,
    1.69176,
    1.6936,
    1.67522,
    1.68177,
    1.69699,
    1.68462,
    1.68578,
    1.67584,
    1.67359,
    1.67413,
    1.68088,
    1.68524,
    1.68134,
    1.68949,
    1.69356,
    1.69806,
    1.69792,
    1.6887,
    1.67614,
    1.6848,
    1.68266,
    1.6789,
    1.68067,
    1.67758,
    1.67784,
    1.67373,
    1.67775,
    1.67496,
    1.67566,
    1.67511,
    1.6677,
    1.65813,
    1.65224,
    1.65432,
    1.65497,
    1.65989,
    1.67585,
    1.67698,
    1.67559,
    1.65628,
    1.66094,
    1.65987,
    1.65708,
    1.65962,
    1.6534,
    1.64962,
    1.65674,
    1.65645,
    1.65001,
    1.65178,
    1.65163,
    1.65175,
    1.6507,
    1.6508,
    1.64988,
    1.65592,
    1.66464,
    1.66116,
