{
  "Fifteen_Min": [
    0,
    0.96122,
    0.96171,
    0.96124,
    0.96114,
    0.96148,
    0.96123,
    0.96106,
    0.96113,
    0.9611,
    0.96126,
    0.96146,
    0.96153,
    0.96174,
    0.96184,
    0.96208,
    0.9622,
    0.9619,
    0.96224,
    0.96293,
    0.96296,
    0.96276,
    0.96306,
    0.96332,
    0.963,
    0.96286
  ],
  "Thirty_Min": [
    0,
    0,
    0
  ],
  "One_Hour": [
    0,
    0,
    0
  ],
  "Two_Hour": [
    0,
    0,
    0
  ],
  "Four_Hour": [
    0
  ],
  "Daily": [
    0,
    0.95087,
    0.95105,
    0.95176,
    0.9504,
    0.95368,
    0.95386,
    0.9534,
    0.94814,
    0.95054,
    0.94721,
    0.9433,
    0.94546,
    0.94581,
    0.94762,
    0.94954,
    0.95358,
    0.95297,
    0.94574,
    0.94576,
    0.94478,
    0.94156,
    0.94468,
    0.94557,
    0.9449,
    0.94797,
    0.94812,
    0.94717,
    0.94542,
    0.94406,
    0.9428,
    0.94255,
    0.94266,
    0.93628,
    0.93464,
    0.92883,
    0.93044,
    0.92734,
    0.93049,
    0.9288,
    0.9317,
    0.93358,
    0.9348,
    0.93372,
    0.93706,
    0.937,
    0.94064,
    0.94412,
    0.94582,
    0.94452,
    0.93916,
    0.94045,
    0.93779,
    0.93314,
    0.9347,
    0.9318,
    0.93267,
    0.93524,
    0.93532,
    0.93536,
    0.94221,
    0.9416,
    0.94352,
    0.94337,
    0.95006,
    0.94794,
    0.94937,
    0.95116,
    0.9517,
    0.95267,
    0.95288,
    0.95252,
    0.95278,
    0.94956,
    0.95033,
    0.9507,
    0.94202,
    0.93609,
    0.93331,
    0.9306,
    0.94127,
    0.9444,
    0.9458,
    0.95074,
    0.95272,
    0.94966,
    0.94694,
    0.94886,
    0.94568,
    0.9412,
    0.93652,
    0.93871,
    0.93902,
    0.93907,
    0.93818,
    0.93473,
    0.93724,
    0.93329,
    0.93852,
    0.9405,
    0.94082,
    0.94616,
    0.94178,
    0.94282,
    0.93837,
    0.94158,
    0.93695,
    0.93861,
    0.94066,
    0.93772,
    0.94139,
    0.9364,
    0.93752,
    0.94005,
    0.93796,
    0.93973,
    0.9367,
    0.93449,
    0.93422,
    0.9358,
    0.93554,
    0.93826,
    0.94078,
    0.93976,
    0.9423,
    0.93994,
    0.94054,
    0.94246,
    0.93856,
    0.93868,
    0.93672,
    0.93604,
    0.9361,
    0.93605,
    0.93496,
    0.9323,
    0.92884,
    0.93174,
    0.93026,
    0.92994,
    0.93192,
    0.93198,
    0.9307,
    0.93158,
    0.92958,
    0.93017,
    0.92848,
    0.92745,
    0.92953,
    0.92804,
    0.93396,
    0.93778,
    0.93665,
    0.93266,
    0.93151,
    0.93141,
    0.93512,
    0.93622,
    0.94026,
    0.93972,
    0.93668,
    0.93655,
    0.93988,
    0.94032,
    0.93959,
    0.93891,
    0.93944,
    0.9397,
    0.94448,
    0.94382,
    0.9451,
    0.9464,
    0.94312,
    0.94494,
    0.94398,
    0.9415,
    0.93942,
    0.93799,
    0.93965,
    0.93938,
    0.94628,
    0.94508,
    0.94388,
    0.9443,
    0.94368,
    0.94283,
    0.94291,
    0.93918,
    0.9391,
    0.93888
  ],
  "Weekly": [
    0
  ]
}