{
  "Fifteen_Min": [
    0,
    1.04068,
    1.04122,
    1.04047,
    1.04058,
    1.0407,
    1.04098,
    1.04094,
    1.04123,
    1.04133,
    1.04161,
    1.04152,
    1.0406,
    1.04066,
    1.04138,
    1.04142,
    1.04112,
    1.04036,
    1.04074,
    1.04101,
    1.04134,
    1.04116,
    1.04046,
    1.04031,
    1.04038,
    1.0405,
    1.04114,
    1.041,
    1.04156,
    1.04063
  ],
  "Thirty_Min": [
    0,
    0,
    0
  ],
  "One_Hour": [
    0,
    0,
    0
  ],
  "Two_Hour": [
    0,
    0,
    0
  ],
  "Four_Hour": [
    0
  ],
  "Daily": [
    0,
    1.00393,
    1.00374,
    1.0058,
    1.00206,
    1.00416,
    0.99419,
    0.99672,
    0.99682,
    0.9974,
    0.99632,
    0.99982,
    1.0016,
    0.9947,
    0.99564,
    0.99302,
    0.99059,
    1.00072,
    0.99992,
    1.00467,
    0.99674,
    0.9979,
    0.99972,
    1.0017,
    0.997,
    0.98382,
    0.98346,
    0.96914,
    0.97368,
    0.9814,
    0.98016,
    0.9825,
    0.98854,
    0.97922,
    0.97422,
    0.97046,
    0.97036,
    0.97038,
    0.97789,
    0.97237,
    0.98446,
    0.97726,
    0.97886,
    0.98605,
    0.98736,
    0.99679,
    0.99648,
    0.9966,
    0.98828,
    0.98742,
    0.98156,
    1.01614,
    1.00878,
    1.01444,
    1.01174,
    1.0166,
    1.01692,
    1.01596,
    1.01709,
    1.00876,
    1.08434,
    1.08522,
    1.06984,
    1.05464,
    1.06361,
    1.05693,
    1.05976,
    1.06592,
    1.08216,
    1.08348,
    1.0731,
    1.0763,
    1.0815,
    1.07807,
    1.06594,
    1.06018,
    1.05668,
    1.06547,
    1.06841,
    1.07614,
    1.07374,
    1.07358,
    1.0725,
    1.08238,
    1.08298,
    1.08249,
    1.074,
    1.07506,
    1.07244,
    1.07435,
    1.07724,
    1.06862,
    1.06424,
    1.06595,
    1.0646,
    1.06362,
    1.06428,
    1.06244,
    1.06103,
    1.0592,
    1.05644,
    1.06328,
    1.06147,
    1.08374,
    1.08259,
    1.08325,
    1.07483,
    1.07801,
    1.08593,
    1.08579,
    1.07983,
    1.08494,
    1.0831,
    1.08563,
    1.07376,
    1.07222,
    1.0691,
    1.06252,
    1.05894,
    1.06276,
    1.05519,
    1.05533,
    1.05933,
    1.06119,
    1.06497,
    1.06618,
    1.06665,
    1.07172,
    1.07533,
    1.06144,
    1.0561,
    1.06262,
    1.05357,
    1.05323,
    1.05713,
    1.05543,
    1.05824,
    1.06126,
    1.06434,
    1.06006,
    1.06293,
    1.06644,
    1.07012,
    1.07314,
    1.06824,
    1.06981,
    1.06956,
    1.07689,
    1.07584,
    1.07504,
    1.0683,
    1.06558,
    1.06412,
    1.05966,
    1.05782,
    1.06,
    1.06161,
    1.06138,
    1.05365,
    1.05583,
    1.05816,
    1.05764,
    1.05465,
    1.05818,
    1.05662,
    1.05409,
    1.05773,
    1.0653,
    1.06046,
    1.07342,
    1.0738,
    1.07394,
    1.07973,
    1.07838,
    1.07978,
    1.07659,
    1.06743,
    1.06548,
    1.06698,
    1.06635,
    1.06444,
    1.05902,
    1.05956,
    1.06044,
    1.06134,
    1.06129,
    1.07114,
    1.07168,
    1.07268,
    1.08609,
    1.084,
    1.08351,
    1.07916,
    1.08064,
    1.07848,
    1.08474,
    1.08542,
    1.06926,
    1.06964,
    1.07264,
    1.07886,
    1.08576,
    1.08056,
    1.0793,
    1.0857,
    1.08395,
    1.08578,
    1.08236,
    1.07777,
    1.08232,
    1.08288,
    1.08201,
    1.08376,
    1.07956,
    1.08324,
    1.08384,
    1.0807,
    1.08186,
    1.08046,
    1.08197,
    1.08546,
    1.08268,
    1.08282,
    1.08149,
    1.07816,
    1.08316,
    1.07974,
    1.07111,
    1.06368,
    1.05586,
    1.05453,
    1.05396,
    1.05458,
    1.05299,
    1.05536,
    1.05842,
    1.05554,
    1.06912,
    1.06798,
    1.07302,
    1.07334,
    1.07322,
    1.06518,
    1.07194,
    1.06958,
    1.07054,
    1.06188,
    1.05348,
    1.05564,
    1.0526,
    1.0533,
    1.05378,
    1.06317,
    1.06267,
    1.05848,
    1.06079,
    1.06052,
    1.05972,
    1.06162,
    1.0638,
    1.06122,
    1.0661,
    1.06638,
    1.0549,
    1.07338,
    1.07579,
    1.08237,
    1.0788,
    1.07946,
    1.08312,
    1.08555,
    1.08517,
    1.07939,
    1.07274,
    1.07143,
    1.06774,
    1.07242,
    1.0688,
    1.0673,
    1.06844,
    1.06464,
    1.0595,
    1.05457,
    1.06098,
    1.05753,
    1.05969,
    1.06342,
    1.05492,
    1.05432,
    1.05822,
    1.06386,
    1.07316,
    1.05756,
    1.06124,
    1.06656,
    1.07238,
    1.07694,
    1.0832,
    1.07598,
    1.07992,
    1.08454,
    1.08453,
    1.08422,
    1.08498,
    1.0839,
    1.07712,
    1.08062,
    1.07707,
    1.07494,
    1.07252,
    1.07091,
    1.06888,
    1.07078,
    1.07119,
    1.06922,
    1.06985,
    1.07496,
    1.0758,
    1.07933,
    1.08534,
    1.08461,
    1.08102,
    1.07944,
    1.0819,
    1.07752,
    1.07966,
    1.07217,
    1.07272,
    1.06959,
    1.06992,
    1.07298,
    1.0644,
    1.06791,
    1.06599,
    1.06448,
    1.05932,
    1.0572,
    1.05664,
    1.0551,
    1.05872,
    1.06047,
    1.05283,
    1.05593,
    1.05762,
    1.0536,
    1.05814,
    1.05948,
    1.0591,
    1.05661,
    1.05639,
    1.05652,
    1.05744,
    1.0569,
    1.06224,
    1.07177,
    1.07,
    1.07093,
    1.06681,
    1.06847,
    1.06993,
    1.08476,
    1.08528,
    1.08363,
    1.07644,
    1.0761,
    1.08536,
    1.08472,
    1.08333,
    1.08456,
    1.08176,
    1.0787,
    1.07419,
    1.07537,
    1.07734,
    1.07782,
    1.07716,
    1.07094,
    1.07276,
    1.07726,
    1.07768,
    1.07792,
    1.08078,
    1.08196,
    1.08231,
    1.08206,
    1.08452,
    1.08387,
    1.08048,
    1.08398,
    1.08556,
    1.08568,
    1.08598,
    1.08077,
    1.08375,
    1.08278,
    1.07876,
    1.07932,
    1.07431,
    1.07696,
    1.08361,
    1.07427,
    1.07262,
    1.06417,
    1.06248,
    1.06186,
    1.06439,
    1.06564,
    1.06538,
    1.07024,
    1.05222,
    1.05202,
    1.05204,
    1.05212,
    1.05215,
    1.0866,
    1.08657,
    1.08658,
    1.0863,
    1.08632,
    1.08614,
    1.0862,
    1.08644,
    1.08629,
    1.08661
  ],
  "Weekly": [
    0
  ]
}