{
  "Fifteen_Min": [
    0
  ],
  "Thirty_Min": [
    0,
    0,
    0
  ],
  "One_Hour": [
    0,
    0,
    0
  ],
  "Two_Hour": [
    0,
    0,
    0
  ],
  "Four_Hour": [
    0,
    1.23669,
    1.23654,
    1.23516,
    1.2355,
    1.23936,
    1.23718,
    1.2419,
    1.24,
    1.2393,
    1.23392,
    1.23588,
    1.23458,
    1.23444,
    1.23366,
    1.2337,
    1.23488,
    1.23726,
    1.23851,
    1.23791,
    1.23413,
    1.23414,
    1.23868,
    1.23981,
    1.24138,
    1.24067,
    1.2346,
    1.23688,
    1.23783,
    1.23822,
    1.24004,
    1.24008,
    1.23846,
    1.23928,
    1.23752,
    1.24038,
    1.23816,
    1.23707,
    1.23686,
    1.23919,
    1.23918,
    1.23923,
    1.23748,
    1.2363,
    1.2352,
    1.23386,
    1.23398,
    1.23722,
    1.23446,
    1.23406,
    1.23548,
    1.23782,
    1.23861,
    1.23892,
    1.23952,
    1.23662,
    1.23912,
    1.2348,
    1.23859,
    1.23965,
    1.2411,
    1.24106,
    1.24755,
    1.2471,
    1.24943,
    1.24857,
    1.2485,
    1.2488,
    1.24524,
    1.24612,
    1.24486,
    1.2446,
    1.24318,
    1.24626,
    1.24394,
    1.24374,
    1.24404,
    1.24166,
    1.24192,
    1.24171,
    1.24058,
    1.23517,
    1.23836,
    1.23988,
    1.24036,
    1.24317,
    1.24088,
    1.24256,
    1.24298,
    1.24377,
    1.24186,
    1.24466,
    1.24842,
    1.24825,
    1.24928,
    1.24898,
    1.25206,
    1.25294,
    1.2523,
    1.25211,
    1.25042,
    1.2486,
    1.24054,
    1.24145,
    1.23913,
    1.24122,
    1.23772,
    1.24098,
    1.23562,
    1.2377,
    1.23734,
    1.23842,
    1.24292,
    1.2429,
    1.24254,
    1.2436,
    1.24403,
    1.24388,
    1.24272,
    1.24296,
    1.24434,
    1.2449,
    1.24436,
    1.24416,
    1.24326,
    1.24002,
    1.24132,
    1.24302,
    1.24424,
    1.24484,
    1.24354,
    1.2452,
    1.24536,
    1.24674,
    1.24822,
    1.24743,
    1.24246,
    1.23994,
    1.24117,
    1.24116,
    1.2425,
    1.24728,
    1.24678,
    1.24688,
    1.24712,
    1.24727,
    1.24488,
    1.24656,
    1.24968,
    1.24826,
    1.24556,
    1.24874,
    1.25678,
    1.25588,
    1.25579,
    1.25185,
    1.25557,
    1.24932,
    1.24961,
    1.2493,
    1.24708,
    1.24587,
    1.24785,
    1.24681,
    1.24823,
    1.24877,
    1.2521,
    1.24972,
    1.25512,
    1.25639,
    1.25772,
    1.25587,
    1.25518,
    1.25736,
    1.25847,
    1.26069,
    1.25694,
    1.25864,
    1.25834,
    1.25858,
    1.25129,
    1.25122,
    1.2518,
    1.2525,
    1.25058,
    1.24517,
    1.24482,
    1.24506,
    1.24628,
    1.24887,
    1.25076,
    1.25279,
    1.25306,
    1.2527,
    1.2522,
    1.25136,
    1.24853,
    1.24844,
    1.24275,
    1.24694,
    1.24862,
    1.24744,
    1.24376,
    1.24248,
    1.23958,
    1.23968,
    1.2409,
    1.24485,
    1.24665,
    1.24452,
    1.24572,
    1.24414,
    1.24207,
    1.2437,
    1.24364,
    1.24096,
    1.23792,
    1.24157,
    1.24158,
    1.24255,
    1.24225,
    1.24026,
    1.23714,
    1.23652,
    1.23641,
    1.23408,
    1.2336,
    1.23534,
    1.23436,
    1.23468,
    1.23467,
    1.23469,
    1.23598,
    1.23546,
    1.23611,
    1.23572,
    1.23764,
    1.23979,
    1.24119,
    1.23924,
    1.23522,
    1.2364,
    1.23866,
    1.2439,
    1.24328,
    1.24312,
    1.24846,
    1.25262,
    1.25254,
    1.25297,
    1.25139,
    1.24498,
    1.24504,
    1.24079,
    1.2376,
    1.24336,
    1.2435,
    1.24212,
    1.24011,
    1.2427,
    1.24229,
    1.24316,
    1.24234,
    1.2434,
    1.24492,
    1.24538,
    1.2478,
    1.2483,
    1.25542,
    1.25548,
    1.25455,
    1.25426,
    1.25684,
    1.25804,
    1.25759,
    1.25702,
    1.25514,
    1.24945,
    1.25127,
    1.25318,
    1.25656,
    1.25946,
    1.26067,
    1.25994,
    1.25904,
    1.25652,
    1.25867,
    1.25818,
    1.25778,
    1.25941,
    1.25762,
    1.25943,
    1.2595,
    1.2603,
    1.25738,
    1.25889,
    1.25879,
    1.25958,
    1.25351,
    1.25758,
    1.25649,
    1.25574,
    1.25598,
    1.25549,
    1.2502,
    1.25072,
    1.2496,
    1.24982,
    1.24781,
    1.24622,
    1.2475,
    1.24713,
    1.24902,
    1.24866,
    1.24798,
    1.24618,
    1.24868,
    1.25192,
    1.25198,
    1.25094,
    1.2506,
    1.24676,
    1.24679,
    1.24782,
    1.24936,
    1.24942,
    1.24774,
    1.24954,
    1.25011,
    1.244,
    1.24143,
    1.24094,
    1.24114,
    1.24288,
    1.23907,
    1.23996,
    1.23835,
    1.2396,
    1.23806,
    1.23808,
    1.2385,
    1.23786,
    1.23762,
    1.2387,
    1.23921,
    1.23898,
    1.23884,
    1.23689,
    1.23768,
    1.23795,
    1.23694,
    1.23849,
    1.2371,
    1.2344,
    1.23387,
    1.2334,
    1.24012,
    1.24927,
    1.24848,
    1.2489,
    1.2463,
    1.24426,
    1.2423,
    1.24164,
    1.24034,
    1.23953,
    1.2415,
    1.24144,
    1.241,
    1.24214,
    1.24358,
    1.24686,
    1.24803,
    1.24732,
    1.25005,
    1.2504,
    1.25174,
    1.25264,
    1.25312,
    1.25396,
    1.25376,
    1.25354,
    1.25256,
    1.25295,
    1.25151,
    1.2479,
    1.25118,
    1.25372,
    1.25316,
    1.25356,
    1.25326,
    1.25496,
    1.25774,
    1.26032,
    1.26036,
    1.25952,
    1.25954,
    1.26024,
    1.26,
    1.25988,
    1.2581,
    1.25593,
    1.255,
    1.25863,
    1.25922,
    1.25906,
    1.25876,
    1.25571,
    1.25456,
    1.25459,
    1.2542,
    1.2554,
    1.25404,
    1.25558,
    1.25654,
    1.25433,
    1.25452,
    1.25592,
    1.25572,
    1.25394,
    1.2508,
    1.26012,
    1.25526,
    1.25358,
    1.2547,
    1.25424,
    1.2564,
    1.25951,
    1.25978,
    1.26057,
    1.25928,
    1.25926,
    1.2597,
    1.25573,
    1.25644,
    1.25626,
    1.25543,
    1.257,
    1.25882,
    1.25825,
    1.25671,
    1.26006,
    1.25996,
    1.25911,
    1.25966,
    1.25843,
    1.2582,
    1.26034,
    1.25976,
    1.26004,
    1.25948,
    1.26056,
    1.26064,
    1.25454,
    1.25446,
    1.25622,
    1.25568,
    1.25716,
    1.25781,
    1.25728,
    1.2577,
    1.25342,
    1.25406,
    1.25374,
    1.25472,
    1.25506,
    1.2537,
    1.2553,
    1.25378,
    1.25082,
    1.24545,
    1.24522,
    1.24607,
    1.24796,
    1.24576,
    1.24462,
    1.24332,
    1.24368,
    1.24356,
    1.24268,
    1.24293,
    1.24294,
    1.24289,
    1.24552,
    1.24529,
    1.24706,
    1.24588,
    1.24366,
    1.24274,
    1.24196,
    1.24405,
    1.23901,
    1.23704,
    1.23725,
    1.2366,
    1.23472,
    1.23497,
    1.23547,
    1.23701,
    1.23914,
    1.24448,
    1.2455,
    1.24264,
    1.24418,
    1.2464,
    1.2462,
    1.24783,
    1.25148,
    1.25132,
    1.25049,
    1.2501
  ],