{
  "Fifteen_Min": [
    0,
    2.24636,
    2.2468,
    2.2464,
    2.24686,
    2.24713,
    2.24717,
    2.24661,
    2.24656,
    2.24673,
    2.24742,
    2.2466,
    2.24748,
    2.24774,
    2.2483,
    2.24894,
    2.24788,
    2.24882,
    2.24864,
    2.2489,
    2.2497,
    2.24907,
    2.24911,
    2.24772,
    2.24784,
    2.2479,
    2.24796,
    2.24807,
    2.24762,
    2.24916,
    2.24906,
    2.24946,
    2.24974,
    2.25007
  ],
  "Thirty_Min": [
    0,
    0,
    0
  ],
  "One_Hour": [
    0,
    0,
    0
  ],
  "Two_Hour": [
    0,
    0,
    0
  ],
  "Four_Hour": [
    0
  ],
  "Daily": [
    0
  ],
  "Weekly": [
    0,
    2.29414,
    2.21773,
    2.22745,
    2.20741,
    2.29119,
    2.24282,
    2.27878,
    2.29982,
    2.24219,
    2.27076,
    2.25991,
    2.23422,
    2.20408,
    2.27031,
    2.26854,
    2.25075,
    2.21201,
    2.18259,
    2.19812,
    2.1846,
    2.20463,
    2.22796,
    2.29746,
    2.30274,
    2.30976,
    2.28776,
    2.26861,
    2.26926,
    2.2761,
    2.30573,
    2.31342,
    2.30079,
    2.23906,
    2.26721,
    2.21441,
    2.18536,
    2.20691,
    2.1981,
    2.19712,
    2.18903,
    2.18786,
    2.18565,
    2.1897,
    2.22298,
    2.21344,
    2.19756,
    2.18625,
    2.19152,
    2.19615
  ]
}