{
  "Fifteen_Min": [
    0,
    2.02662,
    2.0265,
    2.02685,
    2.02684,
    2.0269,
    2.02666,
    2.02743,
    2.02658,
    2.02687,
    2.02709,
    2.02714,
    2.02728,
    2.02738,
    2.0284,
    2.02846
  ],
  "Thirty_Min": [
    0,
    0,
    0
  ],
  "One_Hour": [
    0,
    0,
    0
  ],
  "Two_Hour": [
    0,
    0,
    0
  ],
  "Four_Hour": [
    0
  ],
  "Daily": [
    0,
    1.90159,
    1.9055,
    1.90454,
    1.9165,
    1.91762,
    1.91912,
    1.91599,
    1.91506,
    1.91578,
    1.90796,
    1.90148,
    1.9033,
    1.9147,
    1.91876,
    1.93964,
    1.92722,
    1.9467,
    1.95829,
    1.95478,
    1.94996,
    1.95258,
    1.95818,
    1.94922,
    1.93084,
    1.93061,
    1.9363,
    1.92599,
    1.92846,
    1.92355,
    1.91949,
    1.9353,
    1.94792,
    1.95054,
    1.95315,
    1.95436,
    1.93979,
    1.93478,
    1.91272,
    1.90558,
    1.93374,
    1.93212,
    1.91393,
    1.92338,
    1.92975,
    1.9358,
    1.93899,
    1.93569,
    1.93888,
    1.91213,
    1.92768,
    1.92888,
    1.92945,
    1.91139,
    1.9134,
    1.92832,
    1.94656,
    1.94063,
    1.95231,
    1.9572,
    1.95892,
    1.95972,
    1.95798,
    1.9466,
    1.93531,
    1.92936,
    1.94616,
    1.94444,
    1.9301,
    1.92788,
    1.9122,
    1.91005,
    1.91124,
    1.8991,
    1.9012,
    1.90329,
    1.91614,
    1.91594,
    1.9213,
    1.91398,
    1.94208,
    1.94416,
    1.94048,
    1.95822,
    1.95913,
    1.9499,
    1.94156,
    1.94538,
    1.93284,
    1.93196,
    1.91818,
    1.91756,
    1.9289,
    1.94178,
    1.95308,
    1.89998,
    1.902,
    1.90322,
    1.9076,
    1.9075,
    1.926,
    1.92076,
    1.92678,
    1.919,
    1.90591,
    1.93662,
    1.91654,
    1.90836,
    1.90708,
    1.90534,
    1.90626,
    1.9167,
    1.91552,
    1.92651,
    1.92786,
    1.94796,
    1.94216,
    1.93382,
    1.92702,
    1.92058,
    1.93076,
    1.92934,
    1.9234,
    1.94094,
    1.94328,
    1.93702,
    1.9435,
    1.93514,
    1.9558,
    1.95772,
    1.94966,
    1.94638,
    1.94252,
    1.96014,
    1.9596,
    1.95732,
    1.95097,
    1.93801,
    1.93444,
    1.9228,
    1.91408,
    1.90182,
    1.93376,
    1.93616,
    1.92734,
    1.90296,
    1.89946,
    1.90072,
    1.90183,
    1.9085,
    1.90197,
    1.90242,
    1.90173,
    1.90471,
    1.89956,
    1.90446,
    1.9058,
    1.9044,
    1.90434,
    1.90662,
    1.90601,
    1.90228,
    1.89976,
    1.90912,
    1.92276,
    1.9186,
    1.9266,
    1.9132,
    1.91468,
    1.9135,
    1.91118,
    1.90938,
    1.90233,
    1.89959,
    1.9149,
    1.90744,
    1.91072,
    1.93202,
    1.94014,
    1.94092,
    1.94448,
    1.9479,
    1.94826,
    1.94552,
    1.95406,
    1.95116,
    1.95438,
    1.95185,
    1.95456,
    1.95962,
    1.95614,
    1.95408,
    1.94508,
    1.94406,
    1.92677,
    1.92539,
    1.924,
    1.92032,
    1.91438,
    1.91642,
    1.90023,
    1.90097,
    1.9005,
    1.89876,
    1.8996,
    1.91647,
    1.91379,
    1.91678,
    1.90864,
    1.91022,
    1.91956,
    1.92835,
    1.92622,
    1.91382,
    1.91607,
    1.9187,
    1.92635,
    1.91326,
    1.91988,
    1.91842,
    1.91368,
    1.90888,
    1.9008,
    1.90084,
    1.90212,
    1.911,
    1.91864,
    1.9197,
    1.92232,
    1.9074,
    1.91835,
    1.91286,
    1.90704,
    1.91255,
    1.90954,
    1.91146,
    1.91152,
    1.90974,
    1.91127,
    1.90414,
    1.90833,
    1.91784,
    1.90738,
    1.91192,
    1.90572,
    1.90058,
    1.90185,
    1.90838,
    1.90731,
    1.91122,
    1.9191,
    1.933,
    1.9256,
    1.9344,
    1.92822,
    1.92992,
    1.93144,
    1.9227,
    1.96046,
    1.96074,
    1.96296,
    1.96392,
    1.96372,
    1.96503,
    1.96408,
    1.96532,
    1.96456,
    1.96164,
    1.96624,
    1.9616,
    1.9659,
    1.96496,
    1.96108,
    1.96462,
    1.96258,
    1.96319,
    1.9636,
    1.932,
    1.93884,
    1.9338,
    1.9314,
    1.9366
  ],
  "Weekly": [
    0,
    2.07106,
    2.04771,
    2.06398,
    2.07381,
    2.04721,
    2.07432,
    2.07275,
    2.05751,
    2.05807,
    2.06018,
    2.08281,
    2.04556,
    2.06296,
    2.07561,
    2.03948,
    2.04804,
    2.02948,
    2.0424,
    1.98163,
    2.02572,
    2.02058,
    2.01466,
    2.02414,
    2.04549,
    2.04681,
    2.04958,
    2.03576,
    2.01032,
    1.99961,
    2.01019,
    1.98679,
    1.97758,
    1.9767,
    1.97828,
    2.00051,
    2.00156,
    2.01349,
    2.04308,
    2.05697,
    2.07104,
    2.08438,
    2.05854,
    2.07622,
    2.05362,
    2.02082,
    2.07752,
    2.03697,
    2.01076,
    2.04128,
    2.01478,
    1.97546,
    2.00791,
    1.97052,
    1.96917,
    1.96589,
    1.97852,
    2.01094,
    2.02158,
    1.96522,
    1.99434,
    1.98356,
    2.01008,
    1.998,
    1.98672,
    1.96538,
    1.97664,
    1.9775,
    1.98094
  ]
}