{
  "Fifteen_Min": [
    0,
    2.24355,
    2.24337,
    2.2439,
    2.24428,
    2.24468,
    2.24556,
    2.24568
  ],
  "Thirty_Min": [
    0,
    0,
    0
  ],
  "One_Hour": [
    0,
    0,
    0
  ],
  "Two_Hour": [
    0,
    0,
    0
  ],
  "Four_Hour": [
    0,
    2.236,
    2.23758,
    2.23772,
    2.2323,
    2.23332,
    2.23685,
    2.23214,
    2.2321,
    2.2367
  ],
  "Daily": [
    0
  ],
  "Weekly": [
    0,
    2.29414,
    2.21773,
    2.22745,
    2.20741,
    2.29119,
    2.24282,
    2.27878,
    2.29982,
    2.24219,
    2.27076,
    2.25991,
    2.23422,
    2.20408,
    2.27031,
    2.26854,
    2.25075,
    2.21201,
    2.18259,
    2.19812,
    2.1846,
    2.20463,
    2.22796,
    2.29746,
    2.30274,
    2.30976,
    2.28776,
    2.26861,
    2.26926,
    2.2761,
    2.30573,
    2.31342,
    2.30079,
    2.23906,
    2.26721,
    2.21441,
    2.18536,
    2.20691,
    2.1981,
    2.19712,
    2.18903,
    2.18786,
    2.18565,
    2.1897,
    2.22298,
    2.21344,
    2.19756,
    2.17934,
    2.18625,
    2.19152,
    2.19615
  ]
}