{
  "Fifteen_Min": [
    0,
    1.13137,
    1.13134,
    1.13164,
    1.13192,
    1.1318,
    1.13183,
    1.13204,
    1.13152,
    1.1316,
    1.13125,
    1.13132,
    1.1313,
    1.13168,
    1.13155,
    1.13198,
    1.13315,
    1.13201,
    1.1327,
    1.13278,
    1.13258,
    1.13238,
    1.13215,
    1.13222,
    1.13248,
    1.13208,
    1.13145,
    1.1317,
    1.13154,
    1.13162,
    1.1319,
    1.13293,
    1.1331,
    1.13237,
    1.13262,
    1.13343,
    1.13312,
    1.1334,
    1.13298,
    1.13317,
    1.13296,
    1.13284,
    1.13286,
    1.13256,
    1.13264,
    1.13228,
    1.13241,
    1.13203,
    1.13178,
    1.13179,
    1.13186,
    1.13139,
    1.13138,
    1.13147,
    1.13236,
    1.13177,
    1.13124,
    1.13142,
    1.13128,
    1.13224,
    1.13266,
    1.13309,
    1.1335,
    1.13374,
    1.13359,
    1.13292,
    1.13346,
    1.13372,
    1.1336,
    1.13358,
    1.13356,
    1.13328,
    1.13316,
    1.13349,
    1.13288,
    1.13294,
    1.13302,
    1.13348,
    1.1338,
    1.13342,
    1.13259,
    1.13245,
    1.13381,
    1.13318,
    1.13295,
    1.13272,
    1.13279,
    1.13229,
    1.13135,
    1.13185,
    1.13232,
    1.13275,
    1.13357,
    1.13252,
    1.13326,
    1.13334,
    1.13242,
    1.13269,
    1.13216,
    1.13193,
    1.13306,
    1.13332,
    1.13362,
    1.13369,
    1.13364,
    1.133,
    1.13214,
    1.13196,
    1.1321,
    1.13206,
    1.13158,
    1.13156,
    1.132,
    1.13244,
    1.13253,
    1.1328,
    1.13287,
    1.13311,
    1.13314,
    1.13352,
    1.13324,
    1.13331,
    1.13338,
    1.1337,
    1.13386,
    1.13344,
    1.13377,
    1.13353,
    1.13378,
    1.13373,
    1.1332,
    1.13335,
    1.13341,
    1.13194,
    1.13368,
    1.13347,
    1.13322,
    1.13308,
    1.13265,
    1.13282,
    1.13246,
    1.13274,
    1.1326,
    1.13281,
    1.13268,
    1.13257,
    1.13313,
    1.1333,
    1.13223,
    1.1315,
    1.13212,
    1.13146,
    1.13159,
    1.1314,
    1.13173,
    1.13202,
    1.13191,
    1.13172,
    1.13176,
    1.13148,
    1.13133,
    1.13166,
    1.1322,
    1.13195,
    1.13323,
    1.13329,
    1.13304,
    1.13227,
    1.13385,
    1.13366,
    1.13337,
    1.13299,
    1.13354,
    1.13384,
    1.13383,
    1.13375,
    1.13361,
    1.13376,
    1.13365,
    1.13382,
    1.13339,
    1.13333,
    1.13305
  ],
  "Thirty_Min": [
    0,
    0,
    0
  ],
  "One_Hour": [
    0,
    0,
    0
  ],
  "Two_Hour": [
    0,
    0,
    0
  ],
  "Four_Hour": [
    0,
    1.1339,
    1.13528,
    1.13956,
    1.1412,
    1.1393,
    1.13928,
    1.14423,
    1.14584,
    1.1459,
    1.14587,
    1.14633,
    1.14501,
    1.14578,
    1.14574,
    1.14485,
    1.14484,
    1.1456,
    1.14494,
    1.14498,
    1.14278,
    1.14212,
    1.13824,
    1.13338,
    1.1348,
    1.1341,
    1.13887,
    1.13804,
    1.13952,
    1.13652,
    1.13364,
    1.13826,
    1.13761,
    1.1342,
    1.13472,
    1.13404,
    1.13328,
    1.13603,
    1.13626,
    1.13637,
    1.1364,
    1.14101,
    1.14119,
    1.14246,
    1.1422,
    1.14226,
    1.14176,
    1.14312,
    1.14379,
    1.1408,
    1.13945,
    1.13874,
    1.13748,
    1.13492,
    1.1369,
    1.13672,
    1.1409,
    1.14006,
    1.13996,
    1.14168,
    1.1416,
    1.14088,
    1.1363,
    1.13986,
    1.13972,
    1.14103,
    1.14549,
    1.14304,
    1.14396,
    1.143,
    1.14227,
    1.1449,
    1.14618,
    1.14576,
    1.14551,
    1.14486,
    1.1442,
    1.14643,
    1.14602,
    1.14457,
    1.14504,
    1.14644,
    1.14605,
    1.13418,
    1.13536,
    1.13375,
    1.13521,
    1.13634,
    1.13433,
    1.13386,
    1.13494,
    1.134,
    1.13344,
    1.13369,
    1.13346,
    1.13481,
    1.13462,
    1.13594,
    1.1394,
    1.14091,
    1.14098,
    1.1396,
    1.13864,
    1.13862,
    1.14092,
    1.14121,
    1.13682,
    1.13839,
    1.13721,
    1.13832,
    1.13684,
    1.13719,
    1.13644,
    1.13599,
    1.13738,
    1.13884,
    1.13574,
    1.14042,
    1.14175,
    1.14132,
    1.14022,
    1.14142,
    1.14161,
    1.14146,
    1.13935,
    1.14159,
    1.14174,
    1.14253,
    1.14228,
    1.13819,
    1.13414,
    1.13416,
    1.13427,
    1.13631,
    1.13991,
    1.13929,
    1.13538,
    1.1349,
    1.13382,
    1.13332,
    1.13752,
    1.13444,
    1.1345,
    1.13356,
    1.13378,
    1.13624,
    1.1362,
    1.13653,
    1.13676,
    1.13619,
    1.13706,
    1.13765,
    1.13728,
    1.13681,
    1.13954,
    1.14152,
    1.14154,
    1.13936,
    1.13846,
    1.14096,
    1.14032,
    1.14236,
    1.13958,
    1.1387,
    1.13997,
    1.1402,
    1.14039,
    1.14412,
    1.14604,
    1.14496,
    1.14594,
    1.14654,
    1.14342,
    1.14577,
    1.14588,
    1.14598,
    1.14084,
    1.1431,
    1.14052,
    1.13965,
    1.13904,
    1.14166,
    1.14208,
    1.1407,
    1.14107,
    1.14009,
    1.13916,
    1.1405,
    1.14076,
    1.13488,
    1.13844,
    1.1385,
    1.139,
    1.13934,
    1.1377,
    1.13924,
    1.1389,
    1.13809,
    1.1374,
    1.13588,
    1.13392,
    1.13339,
    1.13357,
    1.13458,
    1.13402,
    1.13442,
    1.13688,
    1.13775,
    1.13674,
    1.13662,
    1.13664,
    1.13789,
    1.13742,
    1.13795,
    1.13732,
    1.14024,
    1.13988,
    1.14044,
    1.14126,
    1.14085,
    1.14034,
    1.14138,
    1.14074,
    1.141,
    1.14116,
    1.14007,
    1.13704,
    1.13886,
    1.13867,
    1.13888,
    1.13627,
    1.13718,
    1.13548,
    1.13942,
    1.13758,
    1.13616,
    1.13512,
    1.13383,
    1.13446,
    1.13628,
    1.1366,
    1.13708,
    1.13838,
    1.14131,
    1.14148,
    1.14046,
    1.1427,
    1.14299,
    1.14241,
    1.14298,
    1.14223,
    1.13816,
    1.1383,
    1.1388,
    1.13817,
    1.13847,
    1.13766,
    1.13717,
    1.13793,
    1.13527,
    1.13506,
    1.13583,
    1.13696,
    1.14019,
    1.14184,
    1.14244,
    1.14282,
    1.14238,
    1.14222,
    1.14307,
    1.14562,
    1.13964,
    1.14036,
    1.13891,
    1.13998,
    1.14054,
    1.14171,
    1.14314,
    1.14256,
    1.14582,
    1.14528,
    1.14516,
    1.14522,
    1.14462,
    1.1454,
    1.14506,
    1.14585,
    1.14473,
    1.14216,
    1.13596,
    1.13848,
    1.13918,
    1.13943,
    1.13782,
    1.13451,
    1.13537,
    1.13454,
    1.13396,
    1.13406,
    1.13484,
    1.1343,
    1.1334,
    1.13327,
    1.13468,
    1.1346,
    1.13534,
    1.13566,
    1.13554,
    1.13612,
    1.13636,
    1.14011,
    1.14206,
    1.1415,
    1.14158,
    1.14199
  ],