{
  "Fifteen_Min": [
    0,
    23.34775,
    23.33638,
    23.33125,
    23.32413,
    23.31076,
    23.30272,
    23.27757,
    23.28446,
    23.28498,
    23.2805,
    23.26566,
    23.26738,
    23.27556,
    23.27605,
    23.28165,
    23.28415,
    23.2777,
    23.28935,
    23.30175,
    23.27187,
    23.27482,
    23.29634,
    23.2738,
    23.30868,
    23.3085,
    23.31318,
    23.29998,
    23.31748,
    23.30638,
    23.29875,
    23.30575,
    23.26675,
    23.26597,
    23.26876,
    23.27219,
    23.28404,
    23.2833,
    23.27266,
    23.274,
    23.27392,
    23.29375,
    23.27409,
    23.27234,
    23.26963,
    23.26774,
    23.27868,
    23.27598,
    23.27508,
    23.2768,
    23.28808,
    23.27808,
    23.27704,
    23.27087,
    23.27294,
    23.27478,
    23.2672,
    23.27579,
    23.28894,
    23.3028,
    23.30352,
    23.2965,
    23.32168,
    23.33732,
    23.3403,
    23.3288,
    23.35262,
    23.35234,
    23.33148,
    23.34886,
    23.3595,
    23.35709,
    23.3338,
    23.34328,
    23.32516,
    23.3229,
    23.28859,
    23.28243,
    23.26604,
    23.27518,
    23.27686,
    23.27735,
    23.27674,
    23.27886,
    23.29172,
    23.27794,
    23.28038,
    23.2771,
    23.27253,
    23.26306,
    23.26975,
    23.27216,
    23.26389,
    23.27372,
    23.27308,
    23.2647,
    23.26522,
    23.2704,
    23.27746,
    23.27456,
    23.2817,
    23.28372,
    23.28193,
    23.28466,
    23.28311,
    23.27748,
    23.28397,
    23.28154,
    23.28323,
    23.27691,
    23.27544,
    23.27652,
    23.28212,
    23.26388,
    23.28712,
    23.2976,
    23.2909,
    23.31054,
    23.32144,
    23.3183,
    23.30875,
    23.28222,
    23.28256,
    23.27426,
    23.26923,
    23.27065,
    23.27333,
    23.27241,
    23.28309,
    23.26442,
    23.26731,
    23.26886,
    23.26883,
    23.26792,
    23.26996,
    23.26752,
    23.2735,
    23.26412,
    23.2788,
    23.27837,
    23.28896,
    23.31225,
    23.31168
  ],
  "Thirty_Min": [
    0,
    0,
    0
  ],
  "One_Hour": [
    0,
    0,
    0
  ],
  "Two_Hour": [
    0,
    0,
    0
  ],
  "Four_Hour": [
    0
  ],
  "Daily": [
    0,
    24.08262,
    23.93576,
    24.00728,
    24.05045,
    23.9985,
    23.90792,
    24.28664,
    24.30344,
    24.43264,
    24.54262,
    24.29764,
    23.95224,
    24.22494,
    24.1665,
    23.90925,
    23.91095,
    24.12475,
    23.9199,
    24.0605,
    24.21325,
    24.33,
    24.306,
    24.187,
    24.19225,
    23.93075,
    23.9085,
    24.13625,
    24.004,
    23.9185,
    23.968,
    24.13375,
    24.063,
    23.45867,
    23.20328,
    23.50774,
    23.68462,
    23.8711,
    23.70617,
    23.75664,
    23.7935,
    23.55646,
    23.47288,
    23.53265,
    23.40676,
    23.27326,
    23.2553,
    23.13847,
    23.24454,
    23.25324,
    23.07181,
    23.03487,
    23.08314,
    23.10828,
    23.41672,
    23.49448,
    23.42625,
    23.32125,
    23.46484,
    23.53292,
    23.34421,
    23.19316,
    23.33299,
    23.10739,
    23.02212,
    23.0258,
    23.2453,
    23.12088,
    23.50819,
    23.80759,
    23.83821,
    23.81172,
    23.85066,
    23.81201,
    23.857,
    23.76044,
    23.65912,
    23.53601,
    23.2384,
    23.4924,
    23.21295,
    23.33387,
    23.32152,
    23.25974,
    23.46026,
    23.38354,
    23.61379,
    23.72742,
    23.6121,
    23.56716,
    23.66598,
    23.8515,
    23.73048,
    23.86832,
    23.55425,
    23.54925,
    23.573,
    23.28625,
    23.122,
    23.07525,
    23.10775,
    23.37625,
    23.47325,
    23.7445,
    23.5235,
    23.498,
    23.705,
    23.42705,
    23.4295,
    23.35725,
    23.767,
    23.72455,
    23.83175,
    23.6125,
    23.63035,
    23.49625,
    23.61875,
    23.497,
    23.5505,
    23.45525,
    23.28325,
    23.3145,
    23.1905,
    23.16875,
    23.09525,
    23.234,
    23.3435,
    23.46138,
    23.632,
    23.664,
    23.36475,
    23.1885,
    23.16249,
    23.07025,
    23.05125,
    23.098,
    23.1015,
    23.153,
    23.17725,
    23.35575,
    23.59125,
    23.5895,
    23.5663,
    23.62325,
    23.69025,
    23.75925,
    23.82375,
    23.62825,
    23.79275,
    23.7855,
    23.5725,
    23.4185,
    23.21375,
    23.322,
    23.1655,
    23.2905,
    23.5225,
    23.54475,
    23.63568,
    23.294,
    23.4455,
    23.71175,
    23.7185,
    23.7555,
    23.70575,
    23.77032,
    23.7955,
    23.7915,
    23.77825,
    23.86975,
    23.90442,
    23.84775,
    23.698,
    23.701,
    23.88325,
    23.72775,
    23.868,
    23.8915,
    23.8645,
    23.7905,
    23.88525,
    23.8715,
    23.91375,
    23.89125,
    23.771,
    23.889,
    23.8955,
    23.9175,
    23.8235,
    23.87025,
    23.89925,
    23.83625,
    23.775,
    23.613,
    23.623,
    23.62225,
    23.588,
    23.399,
    23.5435,
    23.5185,
    23.4877,
    23.61982,
    23.6803,
    23.697,
    23.60525,
    23.70375,
    23.79482,
    23.9245,
    23.941,
    23.9305,
    23.94075,
    23.00994,
    23.95323
  ],
  "Weekly": [
    0
  ]
}