{
  "Fifteen_Min": [
    0,
    1.25639,
    1.25661,
    1.25633,
    1.25672,
    1.25657,
    1.25648,
    1.2563,
    1.25637,
    1.25612,
    1.25614,
    1.25674,
    1.25638,
    1.25641,
    1.2562,
    1.25616,
    1.25702,
    1.25634,
    1.25782,
    1.2581,
    1.25851,
    1.25886,
    1.25856,
    1.25878,
    1.2585,
    1.25806,
    1.25767,
    1.25787,
    1.25836,
    1.25817,
    1.25794,
    1.25844,
    1.25801,
    1.25855,
    1.25928,
    1.25942,
    1.25984,
    1.26033,
    1.26056,
    1.26032,
    1.26051,
    1.26052,
    1.26006,
    1.25972,
    1.25992,
    1.25985,
    1.2598,
    1.25952,
    1.25906,
    1.25888,
    1.25874,
    1.25865,
    1.25862,
    1.2586,
    1.25864,
    1.25848,
    1.2587,
    1.25868,
    1.25796,
    1.25832,
    1.25823,
    1.25824,
    1.25858,
    1.25859,
    1.25866,
    1.25924,
    1.25966,
    1.25954,
    1.25961,
    1.25945,
    1.2595,
    1.25902,
    1.25918,
    1.2591,
    1.25929,
    1.25958,
    1.25956,
    1.25936,
    1.25876,
    1.25884,
    1.25905,
    1.25872,
    1.25932,
    1.25892,
    1.25912,
    1.25983,
    1.25904,
    1.25916,
    1.25944,
    1.25953,
    1.25926,
    1.26026,
    1.25977,
    1.25946,
    1.26022,
    1.25938,
    1.25962,
    1.25899,
    1.25975,
    1.25994,
    1.26016,
    1.26043,
    1.26038,
    1.26055,
    1.26034,
    1.26012,
    1.25989,
    1.25974,
    1.25943,
    1.25981,
    1.25968,
    1.2599,
    1.2602,
    1.26054,
    1.26015,
    1.26014,
    1.26005,
    1.26004,
    1.25897,
    1.25921,
    1.25898,
    1.25941,
    1.25969,
    1.26036,
    1.26044,
    1.26048,
    1.26046,
    1.25963,
    1.26018,
    1.25978,
    1.25988,
    1.26001,
    1.25834,
    1.25846,
    1.25835,
    1.25795,
    1.25854,
    1.25857,
    1.25867,
    1.25927,
    1.25948,
    1.25896,
    1.25728,
    1.25798,
    1.25714,
    1.2568,
    1.2571,
    1.25716,
    1.25682,
    1.2576,
    1.25757,
    1.25838,
    1.2583,
    1.25831,
    1.25826,
    1.25802,
    1.25922,
    1.25885,
    1.25919,
    1.25908,
    1.259,
    1.25925,
    1.25893,
    1.25934,
    1.25964,
    1.26031,
    1.25993,
    1.26024,
    1.26028,
    1.26037,
    1.2603,
    1.26042,
    1.26011,
    1.25827,
    1.25828,
    1.25807,
    1.25829,
    1.2582,
    1.25769,
    1.25814,
    1.25818,
    1.2594,
    1.26,
    1.26003,
    1.25955,
    1.26025,
    1.26009,
    1.25996
  ],
  "Thirty_Min": [
    0,
    0,
    0
  ],
  "One_Hour": [
    0,
    0,
    0
  ],
  "Two_Hour": [
    0,
    0,
    0
  ],
  "Four_Hour": [
    0
  ],
  "Daily": [
    0,
    1.27279,
    1.27485,
    1.2615,
    1.24354,
    1.2362,
    1.22068,
    1.22864,
    1.22544,
    1.22308,
    1.22386,
    1.22418,
    1.22434,
    1.23025,
    1.24612,
    1.23973,
    1.23798,
    1.2405,
    1.2555,
    1.24873,
    1.24541,
    1.24434,
    1.24153,
    1.23462,
    1.2423,
    1.24401,
    1.24503,
    1.2479,
    1.24158,
    1.24935,
    1.25061,
    1.25902,
    1.27316,
    1.26782,
    1.26258,
    1.25874,
    1.25771,
    1.26575,
    1.25635,
    1.242,
    1.24882,
    1.23924,
    1.2368,
    1.23538,
    1.22843,
    1.2289,
    1.22696,
    1.22268,
    1.2262,
    1.22381,
    1.23216,
    1.22851,
    1.22595,
    1.23415,
    1.2374,
    1.25352,
    1.25202,
    1.25942,
    1.25485,
    1.24856,
    1.25785,
    1.25287,
    1.2484,
    1.24683,
    1.25088,
    1.2497,
    1.24868,
    1.2468,
    1.24626,
    1.24106,
    1.24649,
    1.2474,
    1.24477,
    1.24621,
    1.24444,
    1.23784,
    1.2292,
    1.2266,
    1.2237,
    1.22173,
    1.22894,
    1.23619,
    1.23934,
    1.23584,
    1.2478,
    1.24825,
    1.252,
    1.24718,
    1.245,
    1.24329,
    1.24705,
    1.24852,
    1.24392,
    1.24829,
    1.24688,
    1.23732,
    1.24162,
    1.24922,
    1.25041,
    1.25235,
    1.25656,
    1.27444,
    1.26585,
    1.27544,
    1.27508,
    1.27551,
    1.27381,
    1.26288,
    1.26713,
    1.26836,
    1.27206,
    1.27232,
    1.27696,
    1.27649,
    1.27221,
    1.26962,
    1.27148,
    1.27519,
    1.27057,
    1.27666,
    1.27734,
    1.27468,
    1.27486,
    1.27256,
    1.27158,
    1.27349,
    1.27258,
    1.25602,
    1.24899,
    1.26291,
    1.25868,
    1.26141,
    1.26403,
    1.26119,
    1.26565,
    1.26406,
    1.26342,
    1.26457,
    1.26998,
    1.26108,
    1.26346,
    1.27228,
    1.27142,
    1.27521,
    1.27188,
    1.27231,
    1.27056,
    1.26613,
    1.26808,
    1.26525,
    1.26265,
    1.26085,
    1.26316,
    1.26641,
    1.26822,
    1.26937,
    1.26863,
    1.27237,
    1.26886,
    1.2674,
    1.259,
    1.25338,
    1.25576,
    1.26422,
    1.27042,
    1.2744,
    1.2741,
    1.26882,
    1.2687,
    1.26393,
    1.25938,
    1.25729,
    1.25791,
    1.2526,
    1.25174,
    1.25056,
    1.25259,
    1.25162,
    1.24063,
    1.24326,
    1.25034,
    1.2504,
    1.24768,
    1.24396,
    1.2456,
    1.23835,
    1.22188,
    1.22542,
    1.22175,
    1.22888,
    1.22104,
    1.22531,
    1.23317,
    1.22862,
    1.23451,
    1.23303,
    1.2331,
    1.24293,
    1.25001,
    1.24712,
    1.24738,
    1.23508,
    1.23234,
    1.22954,
    1.2305,
    1.22993,
    1.23295,
    1.22901,
    1.22191,
    1.22048,
    1.24415,
    1.26492,
    1.26049,
    1.27754,
    1.27532,
    1.25686,
    1.22772,
    1.22713,
    1.24229,
    1.23728,
    1.23963,
    1.22703,
    1.22318,
    1.23329,
    1.24587,
    1.24544,
    1.25031,
    1.25212,
    1.24569,
    1.25016,
    1.24334,
    1.22938,
    1.23347,
    1.2346,
    1.23652,
    1.24307,
    1.24243,
    1.24697,
    1.24946,
    1.24426,
    1.24346,
    1.23425,
    1.23617,
    1.2334,
    1.22602,
    1.22317,
    1.22379,
    1.22223,
    1.23221,
    1.23504,
    1.24887,
    1.25511,
    1.25761,
    1.25957,
    1.2669,
    1.27242,
    1.27282,
    1.26019,
    1.25401,
    1.25724,
    1.25552,
    1.24223,
    1.23484,
    1.24696,
    1.24209,
    1.24191,
    1.2336,
    1.22998,
    1.24011,
    1.24754,
    1.24679,
    1.24813,
    1.2492,
    1.25441,
    1.26097,
    1.25535,
    1.25531,
    1.2554,
    1.25674,
    1.26618,
    1.27317,
    1.27336,
    1.27329,
    1.27261,
    1.27453,
    1.27452,
    1.27414,
    1.25749,
    1.25458,
    1.246,
    1.24917,
    1.24954,
    1.2356,
    1.23352,
    1.23291,
    1.23168,
    1.22464,
    1.22596,
    1.23218,
    1.23406,
    1.24713,
    1.24918,
    1.25344,
    1.25828,
    1.26084,
    1.24846,
    1.25783,
    1.24884,
    1.2529,
    1.25362,
    1.24956,
    1.2317,
    1.22154,
    1.22483,
    1.22626,
    1.22604,
    1.22656,
    1.2255,
    1.221,
    1.22367,
    1.22627,
    1.23654,
    1.22136,
    1.22241,
    1.22883,
    1.23444,
    1.2394,
    1.23783,
    1.234,
    1.24004,
    1.23918,
    1.2352,
    1.23198,
    1.22178,
    1.22662,
    1.22868,
    1.22885,
    1.23172,
    1.23892,
    1.23304,
    1.24173,
    1.24394,
    1.24205,
    1.23836,
    1.24256,
    1.24145,
    1.2377,
    1.24254,
    1.24388,
    1.24436,
    1.24424,
    1.24117,
    1.2499,
    1.24961,
    1.24681,
    1.25639,
    1.25736,
    1.2619,
    1.26209,
    1.25122,
    1.24482,
    1.24844,
    1.24862,
    1.24088,
    1.24452,
    1.2437,
    1.23212,
    1.23468,
    1.23546,
    1.24119,
    1.24432,
    1.24504,
    1.24336,
    1.24374,
    1.25596,
    1.25804,
    1.25127,
    1.26116,
    1.26612,
    1.27642,
    1.27676,
    1.27482,
    1.2716,
    1.27112,
    1.26359,
    1.26976,
    1.26908,
    1.27134,
    1.27038,
    1.27391,
    1.27106,
    1.27094,
    1.27524,
    1.2719,
    1.26754,
    1.26946,
    1.26872,
    1.27036,
    1.27319,
    1.27458,
    1.27384,
    1.27332,
    1.2723,
    1.25994,
    1.25778,
    1.2603,
    1.26432,
    1.2672,
    1.25879,
    1.25649,
    1.25072,
    1.24618,
    1.24936,
    1.24902,
    1.24094,
    1.2385,
    1.23436,
    1.22946,
    1.22394,
    1.22114,
