{
  "Fifteen_Min": [
    0,
    1.69924,
    1.6994,
    1.69942,
    1.6992,
    1.69943,
    1.69993,
    1.69959,
    1.69998,
    1.7002,
    1.70092,
    1.70042,
    1.70014,
    1.70032,
    1.70044,
    1.70016,
    1.69919,
    1.69977,
    1.70034,
    1.70001,
    1.7009,
    1.70062,
    1.70012,
    1.70052,
    1.70011,
    1.69975,
    1.69964,
    1.69934,
    1.70003,
    1.70022,
    1.70039,
    1.70073,
    1.70066,
    1.69965,
    1.69982,
    1.69946,
    1.69896,
    1.69895,
    1.69898,
    1.6991,
    1.69894,
    1.69922,
    1.69912,
    1.69923,
    1.69905,
    1.6988,
    1.69904
  ],
  "Thirty_Min": [
    0,
    0,
    0
  ],
  "One_Hour": [
    0,
    0,
    0
  ],
  "Two_Hour": [
    0,
    0,
    0
  ],
  "Four_Hour": [
    0
  ],
  "Daily": [
    0,
    1.73023,
    1.73131,
    1.70757,
    1.69958,
    1.67252,
    1.68918,
    1.69248,
    1.69464,
    1.69286,
    1.70448,
    1.70375,
    1.7051,
    1.70512,
    1.69384,
    1.70335,
    1.69646,
    1.69701,
    1.70292,
    1.70016,
    1.70313,
    1.72426,
    1.72251,
    1.71635,
    1.72327,
    1.73192,
    1.73291,
    1.7279,
    1.72171,
    1.72475,
    1.72782,
    1.718,
    1.72024,
    1.72204,
    1.73224,
    1.72621,
    1.72632,
    1.71576,
    1.73266,
    1.73252,
    1.73166,
    1.73218,
    1.73058,
    1.72337,
    1.7233,
    1.72952,
    1.7267,
    1.7308,
    1.7247,
    1.7307,
    1.73195,
    1.73274,
    1.73226,
    1.72628,
    1.71823,
    1.71624,
    1.72318,
    1.72301,
    1.72446,
    1.71866,
    1.7188,
    1.71494,
    1.71793,
    1.71298,
    1.70779,
    1.70514,
    1.70552,
    1.70314,
    1.7022,
    1.69676,
    1.69932,
    1.69995,
    1.69745,
    1.68548,
    1.692,
    1.70092,
    1.69789,
    1.69878,
    1.70322,
    1.69618,
    1.67425,
    1.66538,
    1.67126,
    1.67076,
    1.67492,
    1.67488,
    1.67891,
    1.67701,
    1.66587,
    1.67496,
    1.66826,
    1.67608,
    1.6796,
    1.68175,
    1.68176,
    1.68526,
    1.67793,
    1.69816,
    1.70442,
    1.69656,
    1.6957,
    1.6903,
    1.68744,
    1.67863,
    1.68046,
    1.69625,
    1.6972,
    1.70348,
    1.70045,
    1.6956,
    1.71683,
    1.70931,
    1.71759,
    1.71631,
    1.717,
    1.71277,
    1.70316,
    1.69778,
    1.69908,
    1.70237,
    1.70256,
    1.70032,
    1.69768,
    1.6895,
    1.71094,
    1.72618,
    1.72298,
    1.67532,
    1.6677,
    1.68906,
    1.68584,
    1.70083,
    1.71957,
    1.72786,
    1.72948,
    1.72932,
    1.73255,
    1.73176,
    1.72562,
    1.72802,
    1.71891,
    1.71396,
    1.72818,
    1.73269,
    1.73144,
    1.73006,
    1.71011,
    1.70902,
    1.71316,
    1.70246,
    1.70478,
    1.70788,
    1.71466,
    1.71754,
    1.7224,
    1.72223,
    1.72851,
    1.73048,
    1.7288,
    1.72928,
    1.72678,
    1.71648,
    1.72342,
    1.71842,
    1.72493,
    1.72508,
    1.70861,
    1.69194,
    1.67258,
    1.68723,
    1.69913,
    1.70118,
    1.70182,
    1.70091,
    1.70156,
    1.6997,
    1.6909,
    1.68962,
    1.68757,
    1.68858,
    1.6803,
    1.67484,
    1.68166,
    1.67187,
    1.67366,
    1.67128,
    1.6697,
    1.66883,
    1.66778,
    1.66632,
    1.67022,
    1.67217,
    1.68074,
    1.67976,
    1.68215,
    1.68232,
    1.67676,
    1.67358,
    1.66714,
    1.6662,
    1.66478,
    1.67093,
    1.6644,
    1.66452,
    1.66524,
    1.66535,
    1.66489,
    1.6653,
    1.66842,
    1.66978,
    1.66456,
    1.67127,
    1.67002,
    1.67382,
    1.6715,
    1.67275,
    1.66611,
    1.66572,
    1.67394,
    1.67263,
    1.67438,
    1.6739,
    1.67256,
    1.66872,
    1.66901,
    1.6711,
    1.67238,
    1.67602,
    1.6819,
    1.67772,
    1.6751,
    1.67748,
    1.68612,
    1.69006,
    1.68114,
    1.69292,
    1.69828,
    1.70832,
    1.71498,
    1.71439,
    1.71129,
    1.7146,
    1.71969,
    1.72012,
    1.70937,
    1.71088,
    1.71474,
    1.71564,
    1.71952,
    1.7242,
    1.72902,
    1.7294,
    1.72776,
    1.72984,
    1.72801,
    1.72425,
    1.71441,
    1.70756,
    1.71005,
    1.70762,
    1.71264,
    1.7037,
    1.7111,
    1.70673,
    1.70751,
    1.70564,
    1.70413,
    1.7067,
    1.71436,
    1.71265,
    1.7104,
    1.71736,
    1.72006,
    1.72581,
    1.73126,
    1.7315,
    1.72674,
    1.72884,
    1.72088,
    1.70929,
    1.70602,
    1.70864,
    1.70638,
    1.71236,
    1.70255,
    1.71092,
    1.7106,
    1.7056,
    1.70336,
    1.70184,
    1.70196,
    1.69992,
    1.69209,
    1.6886,
    1.68848,
    1.68536,
    1.68021,
    1.67008,
    1.66454,
    1.66578,
    1.66686,
    1.66516,
    1.66674,
    1.67058,
    1.67068,
    1.67454,
    1.66794,
    1.66694,
    1.66748,
    1.66676,
    1.66837,
    1.66421,
    1.66436,
    1.66543,
    1.66788,
    1.66552,
    1.6664,
    1.66879,
    1.67326,
    1.67838,
    1.67648,
    1.68078,
    1.6885,
    1.68814,
    1.69002,
    1.69225,
    1.68823,
    1.68993,
    1.6892,
    1.68631,
    1.68418,
    1.68519,
    1.68205,
    1.68957,
    1.68518,
    1.68444,
    1.683,
    1.68224,
    1.68394,
    1.68076,
    1.67982,
    1.67426,
    1.6829,
    1.68614,
    1.6911,
    1.69304,
    1.69114,
    1.69692,
    1.69821,
    1.69723,
    1.70503,
    1.70294,
    1.70168,
    1.70441,
    1.70308,
    1.7038,
    1.70296,
    1.70071,
    1.70023,
    1.69564,
    1.68868,
    1.69324,
    1.69642,
    1.70008,
    1.698,
    1.69374,
    1.69544,
    1.69608,
    1.69859,
    1.70038,
    1.70224,
    1.69876,
    1.70088,
    1.70606,
    1.70443,
    1.70752,
    1.70472,
    1.70466,
    1.70346,
    1.70726,
    1.70113,
    1.70019,
    1.70089,
    1.6995,
    1.70332,
    1.69733,
    1.69975,
    1.7048,
    1.70467,
    1.70479,
    1.69872,
    1.69484,
    1.69632,
    1.69628,
    1.69458,
    1.69414,
    1.68445,
    1.68198,
    1.6951,
    1.69764,
    1.73544,
    1.73325,
    1.73562,
    1.73529,
    1.7338,
    1.73344,
    1.7354,
    1.7352,
    1.73352,
    1.73506,
    1.73464,
    1.73358,
    1.73441,
    1.73417,
    1.7358,
    1.73658,
    1.73688,
    1.73644,
    1.73682,
    1.73669,
    1.73661,
    1.73634
  ],
  "Weekly": [
    0
  ]
}