{
  "Fifteen_Min": [
    0,
    23.34775,
    23.33638,
    23.33125,
    23.32413,
    23.31076,
    23.30272,
    23.27757,
    23.28446,
    23.28498,
    23.2805,
    23.26566,
    23.26738,
    23.27556,
    23.27605,
    23.28165,
    23.28415,
    23.2777,
    23.28935,
    23.30175,
    23.27187,
    23.27482,
    23.29634,
    23.2738,
    23.30868,
    23.3085,
    23.31318,
    23.29998,
    23.31748,
    23.30638,
    23.29875,
    23.30575,
    23.26675,
    23.26597,
    23.26876,
    23.27219,
    23.28404,
    23.2833,
    23.27266,
    23.274,
    23.27392,
    23.29375,
    23.27409,
    23.27234,
    23.26963,
    23.26774,
    23.27868,
    23.27598,
    23.27508,
    23.2768,
    23.28808,
    23.27808,
    23.27704,
    23.27087,
    23.27294,
    23.27478,
    23.2672,
    23.27579,
    23.28894,
    23.3028,
    23.30352,
    23.2965,
    23.32168,
    23.33732,
    23.3403,
    23.3288,
    23.35262,
    23.35234,
    23.33148,
    23.34886,
    23.3595,
    23.35709,
    23.3338,
    23.34328,
    23.32516,
    23.3229,
    23.28859,
    23.28243,
    23.26604,
    23.27518,
    23.27686,
    23.27735,
    23.27674,
    23.27886,
    23.29172,
    23.27794,
    23.28038,
    23.2771,
    23.27253,
    23.26306,
    23.26975,
    23.27216,
    23.26389,
    23.27372,
    23.27308,
    23.2647,
    23.26522,
    23.2704,
    23.27746,
    23.27456,
    23.2817,
    23.28372,
    23.28193,
    23.28466,
    23.28311,
    23.27748,
    23.28397,
    23.28154,
    23.28323,
    23.27691,
    23.27544,
    23.27652,
    23.28212,
    23.26388,
    23.28712,
    23.2976,
    23.2909,
    23.31054,
    23.32144,
    23.3183,
    23.30875,
    23.28222,
    23.28256,
    23.27426,
    23.26923,
    23.27065,
    23.27333,
    23.27241,
    23.28309,
    23.26442,
    23.26731,
    23.26886,
    23.26883,
    23.26792,
    23.26996,
    23.26752,
    23.2735,
    23.26412,
    23.2788,
    23.27837,
    23.28896,
    23.31225,
    23.31168
  ],
  "Thirty_Min": [
    0,
    0,
    0
  ],
  "One_Hour": [
    0,
    0,
    0
  ],
  "Two_Hour": [
    0,
    0,
    0
  ],
  "Four_Hour": [
    0,
    22.90255,
    22.90784,
    22.97373,
    22.96165,
    22.97434,
    22.9401,
    22.91024,
    22.9077,
    22.89602,
    22.92936,
    22.90468,
    22.9989,
    22.99002,
    23.01166,
    22.97374,
    22.96394,
    22.94442,
    22.98274,
    22.98128,
    22.98104,
    22.92978,
    23.02764,
    23.04068,
    22.98708,
    22.91304,
    22.94694,
    22.91587,
    22.97748,
    22.911,
    23.02451,
    23.00994,
    23.02591,
    23.03098,
    23.1373,
    23.16083,
    23.2453,
    23.25168,
    23.13339,
    23.22002,
    23.13816,
    23.12088,
    23.12886,
    23.13285,
    23.25542,
    23.2757,
    23.27772,
    23.20822,
    23.2384,
    23.25564,
    23.21946,
    23.34938,
    23.19638,
    23.23734,
    23.21295,
    23.1975,
    23.2668,
    23.29212,
    23.26448,
    23.33387,
    23.32766,
    23.2337,
    23.2985,
    23.34384,
    23.32152,
    23.36129,
    23.29942,
    23.24636,
    23.22932,
    23.25974,
    23.26771,
    23.28289,
    23.20415,
    23.33382,
    23.3545,
    23.28845,
    23.28625,
    23.2942,
    23.17315,
    23.1625,
    23.1122,
    23.122,
    23.09485,
    22.9717,
    22.928,
    23.06265,
    23.07525,
    23.08125,
    23.0818,
    23.03,
    23.0831,
    23.10775,
    23.1258,
    23.1054,
    22.91825,
    22.93675,
    22.937,
    22.996,
    23.12225,
    23.143,
    23.3605,
    23.32012,
    23.34575,
    23.35725,
    23.27152,
    23.20478,
    23.28325,
    23.28292,
    23.23728,
    23.25935,
    23.2664,
    23.29682,
    23.23134,
    23.10086,
    22.98806,
    22.9804,
    22.962,
    22.94166,
    22.96338,
    22.91018,
    22.92651,
    22.9326,
    22.94203,
    22.97668,
    23.05414,
    23.1266,
    23.1905,
    23.17562,
    23.18552,
    23.16869,
    23.21932,
    23.29084,
    23.308,
    23.31268,
    23.28898,
    23.30757,
    23.19029,
    23.16875,
    23.15794,
    22.98556,
    23.06521,
    23.06245,
    23.04575,
    23.08494,
    23.1515,
    23.2582,
    23.234,
    23.25026,
    23.27373,
    23.2481,
    23.32362,
    23.31546,
    23.3435,
    23.32498,
    23.34354,
    23.34336,
    23.2272,
    23.2486,
    23.17999,
    23.1885,
    23.17975,
    23.17626,
    23.13742,
    23.14686,
    23.138,
    23.16249,
    23.1555,
    23.19009,
    23.0029,
    23.0711,
    23.07025,
    23.06475,
    22.9818,
    22.91282,
    22.89858,
    22.93775,
    22.92786,
    22.93189,
    22.97706,
    23.05125,
    23.06404,
    23.0765,
    23.15645,
    23.08675,
    23.098,
    23.05558,
    23.0752,
    23.12897,
    23.07942,
    23.1015,
    23.15,
    23.15125,
    23.06392,
    23.14221,
    23.2165,
    23.1945,
    23.30399,
    23.14425,
    23.153,
    23.14678,
    23.141,
    23.22836,
    23.1668,
    23.17725,
    23.1635,
    23.14311,
    23.03084,
    23.013,
    23.0015,
    22.97464,
    22.95976,
    22.91259,
    22.92895,
    22.9295,
    22.92386,
    22.89422,
    22.9053,
    22.9275,
    22.92048,
    22.9085,
    22.9705,
    22.99075,
    22.98475,
    22.9876,
    22.97495,
    22.97954,
    22.931,
    22.90725,
    22.94528,
    23.04568,
    23.06054,
    23.32993,
    23.35124,
    23.3367,
    23.18814,
    23.2973,
    23.2227,
    23.21375,
    23.2311,
    23.1915,
    23.31694,
    23.34128,
    23.322,
    23.31232,
    23.31462,
    23.18421,
    23.21459,
    23.14696,
    23.1655,
    23.11347,
    23.10514,
    23.10496,
    23.24624,
    23.3082,
    23.2905,
    23.31425,
    23.33804,
    23.35173,
    23.3073,
    23.294,
    23.26464,
    23.3103,
    23.29228,
    23.26032,
    23.28415,
    23.27266,
    23.27808,
    23.30434,
    23.256,
    23.26306,
    23.2647,
    23.2777,
    23.20908,
    23.21602,
    23.21838,
    23.24524,
    23.23388,
    23.16528,
    23.18358,
    23.2055,
    23.22108,
    23.1843,
    23.18456,
    23.15852,
    23.15775,
    23.148,
    23.14926,
    23.20718,
    23.21315,
    23.21175,
    23.2106,
    23.14854,
    23.11164,
    23.121,
    23.12214,
    23.09424,
    23.07814,
    23.073,
    23.0947,
    23.07856,
    23.05942,
    22.99412,
    23.03956,
    23.04848,
    23.06372,
    23.09803,
    23.12044,
    23.13685,
    23.15261,
    23.14125,
    23.15124,
    23.15925,
    23.1737,
    23.18375,
    23.16428,
    23.10252,
    23.04404,
    23.04658,
    23.03745,
    23.04966,
    23.0554,
    23.08908,
    23.0615,
    23.07154,
    23.05157
  ],