{
  "Fifteen_Min": [
    0,
    1.14858,
    1.149,
    1.14908,
    1.14902,
    1.14884,
    1.1492,
    1.14878,
    1.14866,
    1.14894,
    1.14898,
    1.1489,
    1.14912,
    1.14952,
    1.14986,
    1.1499,
    1.15004,
    1.15
  ],
  "Thirty_Min": [
    0,
    0,
    0
  ],
  "One_Hour": [
    0,
    0,
    0
  ],
  "Two_Hour": [
    0,
    0,
    0
  ],
  "Four_Hour": [
    0
  ],
  "Daily": [
    0,
    1.11606,
    1.11348,
    1.11429,
    1.10564,
    1.11056,
    1.10288,
    1.10186,
    1.10254,
    1.0974,
    1.08905,
    1.08452,
    1.1027,
    1.11408,
    1.10566,
    1.10359,
    1.10552,
    1.09412,
    1.10711,
    1.11749,
    1.11409,
    1.10908,
    1.12118,
    1.11985,
    1.12094,
    1.11826,
    1.11667,
    1.113,
    1.11844,
    1.11488,
    1.1199,
    1.12068,
    1.11508,
    1.12214,
    1.12128,
    1.11638,
    1.11616,
    1.11593,
    1.11088,
    1.11172,
    1.1138,
    1.11608,
    1.11168,
    1.10969,
    1.11285,
    1.11158,
    1.12172,
    1.12224,
    1.11924,
    1.11416,
    1.11494,
    1.11178,
    1.10856,
    1.11112,
    1.11148,
    1.12237,
    1.1189,
    1.11406,
    1.10968,
    1.11243,
    1.11354,
    1.11046,
    1.1102,
    1.1083,
    1.10713,
    1.11133,
    1.11777,
    1.11915,
    1.11374,
    1.11116,
    1.12254,
    1.11895,
    1.11832,
    1.11908,
    1.12204,
    1.1194,
    1.11654,
    1.11798,
    1.11742,
    1.11791,
    1.11077,
    1.11526,
    1.11306,
    1.11518,
    1.11462,
    1.11216,
    1.11852,
    1.11818,
    1.1154,
    1.11102,
    1.11264,
    1.11586,
    1.11572,
    1.11138,
    1.11262,
    1.11419,
    1.11598,
    1.1204,
    1.11976,
    1.12084,
    1.12107,
    1.117,
    1.11428,
    1.11068,
    1.11753,
    1.11484,
    1.11693,
    1.11448,
    1.11335,
    1.11274,
    1.11442,
    1.1137,
    1.11153,
    1.11165,
    1.11096,
    1.1094,
    1.11214,
    1.11038,
    1.11332,
    1.11662,
    1.11649,
    1.10997,
    1.11238,
    1.11237,
    1.10934,
    1.11151,
    1.11054,
    1.106,
    1.09566,
    1.09977,
    1.09681,
    1.0915,
    1.08247,
    1.0854,
    1.08596,
    1.08618,
    1.09024,
    1.09394,
    1.09767,
    1.10305,
    1.10555,
    1.11019,
    1.10714,
    1.10484,
    1.1037,
    1.1034,
    1.10712,
    1.10258,
    1.10326,
    1.10354,
    1.1067,
    1.10785,
    1.10434,
    1.10845,
    1.11145,
    1.1117,
    1.10938,
    1.10498,
    1.10452,
    1.1025,
    1.10202,
    1.09862,
    1.1021,
    1.10295,
    1.0997,
    1.09996,
    1.10334,
    1.09678,
    1.09617,
    1.09042,
    1.0866,
    1.08676,
    1.0863,
    1.07904,
    1.0756,
    1.0753,
    1.07828,
    1.08164,
    1.08126,
    1.08328,
    1.08416,
    1.08718,
    1.08746,
    1.0891,
    1.08858,
    1.09602,
    1.10302,
    1.1028,
    1.162,
    1.15879,
    1.12429,
    1.13244,
    1.14771,
    1.13674,
    1.1541,
    1.16088,
    1.15751,
    1.16043,
    1.15816,
    1.15724,
    1.15848,
    1.1602,
    1.15458,
    1.16195,
    1.15878,
    1.15853,
    1.16114,
    1.16059,
    1.15404,
    1.15154,
    1.15166,
    1.14823,
    1.14212,
    1.14078,
    1.14668,
    1.14164,
    1.13506,
    1.13472,
    1.14042,
    1.14006,
    1.13463,
    1.13332,
    1.1356,
    1.13324,
    1.12922,
    1.12862,
    1.12646,
    1.12346,
    1.12408,
    1.13156,
    1.1251,
    1.12697,
    1.12664,
    1.12714,
    1.12878,
    1.1412,
    1.14684,
    1.14574,
    1.14896,
    1.14826,
    1.14278,
    1.13084,
    1.1308,
    1.13804,
    1.12838,
    1.12592,
    1.12991,
    1.13404,
    1.13134,
    1.13626,
    1.14246,
    1.13492,
    1.13996,
    1.13986,
    1.14838,
    1.14986,
    1.14304,
    1.14874,
    1.14576,
    1.14602,
    1.14792,
    1.14832,
    1.13083,
    1.13375,
    1.12824,
    1.12868,
    1.12284,
    1.13159,
    1.13247,
    1.1299,
    1.13306,
    1.13132,
    1.13528,
    1.14091,
    1.13832,
    1.13824,
    1.14223,
    1.14142,
    1.12873,
    1.12404,
    1.12376,
    1.12866,
    1.13021,
    1.12588,
    1.1274,
    1.12535,
    1.12554,
    1.12828,
    1.12691,
    1.12521,
    1.12621,
    1.125,
    1.12506,
    1.13108,
    1.13151,
    1.13281,
    1.12978,
    1.12534,
    1.12422,
    1.12395,
    1.1234,
    1.1244,
    1.13308,
    1.13152,
    1.12672,
    1.1276,
    1.13202,
    1.12924,
    1.1362,
    1.13728,
    1.14096,
    1.13997,
    1.14594,
    1.14588,
    1.14022,
    1.1407,
    1.1405,
    1.1385,
    1.13939,
    1.13339,
    1.13458,
    1.13742,
    1.14074,
    1.14034,
    1.1416,
    1.13867,
    1.13738,
    1.12692,
    1.12804,
    1.12462,
    1.11298,
    1.11319,
    1.11444,
    1.11634,
    1.1146,
    1.11687,
    1.11767,
    1.1224,
    1.12302,
    1.12419,
    1.12439,
    1.12238,
    1.12468,
    1.12704,
    1.13014,
    1.13384,
    1.13616,
    1.13074,
    1.1366,
    1.14148,
    1.1383,
    1.13766,
    1.14208,
    1.13958,
    1.13998,
    1.1454,
    1.14473,
    1.14236,
    1.13846,
    1.13451,
    1.13454,
    1.1343,
    1.12633,
    1.13534,
    1.14066,
    1.1415,
    1.14264,
    1.14382,
    1.14739,
    1.1414,
    1.13547,
    1.13842,
    1.13624,
    1.13477,
    1.1346,
    1.13532,
    1.14144,
    1.14458,
    1.14812,
    1.15483,
    1.15698,
    1.1578,
    1.1611,
    1.15995,
    1.15008,
    1.1497,
    1.14725,
    1.13676,
    1.14256,
    1.13752,
    1.14037,
    1.14138,
    1.14356,
    1.1408,
    1.12932,
    1.13012,
    1.12364,
    1.12518,
    1.12822,
    1.13048,
    1.13278,
    1.13514,
    1.13271,
    1.13612,
    1.13646,
    1.14199,
    1.14836,
    1.14798,
    1.14953,
    1.14802,
    1.15581,
    1.15766,
    1.16159,
    1.15963,
    1.14919,
    1.1491,
    1.15049,
    1.14252,
    1.13296,
    1.13689,
    1.133,
    1.12884,
    1.1211,
    1.12109,
    1.11312,
    1.1156,
    1.11736,
    1.11597,
    1.11582,
    1.11574,
    1.11302,
    1.11652,
    1.1149,
    1.11808,
    1.12604,
    1.13139,
    1.13118,
    1.13302,
    1.124,
    1.13112,
    1.12463,
    1.12745,
    1.11923,
    1.12629,
    1.11785,
    1.12326,
    1.11837,
    1.12026,
    1.12642,
    1.12682,
    1.12466,
    1.1237,
    1.11954,
    1.1235,
    1.12231,
    1.1232,
    1.11384,
    1.12355,
    1.11966,
    1.12583,
    1.12908,
    1.13291,
    1.13138,
    1.12603,
    1.12098,
    1.11974,
    1.11909,
    1.11888,
    1.11394,
    1.1143,
    1.12024,
    1.12241,
    1.1218,
    1.12328,
    1.12106,
    1.12056,
    1.1309,
    1.12676,
    1.13467,
    1.13284,
    1.12365,
    1.12218,
    1.1294,
    1.12586,
    1.13428,
    1.13431,
    1.12958,
    1.12843,
    1.13256,
    1.12666,
    1.1227,
    1.11876,
    1.11914,
    1.1145,
    1.11734,
    1.1135,
    1.11778,
    1.11893,
    1.11669,
    1.12082,
    1.12742,
    1.12952,
    1.1293,
    1.12964,
    1.12755,
    1.12532,
    1.12847,
    1.12716,
    1.13665,
    1.13482,
    1.1325,
    1.1372,
    1.13847,
    1.13756,
    1.1342,
    1.1326,
    1.13105,
    1.1341,
    1.1127,
    1.11246,
    1.11251,
    1.16242,
    1.16274,
    1.16302,
    1.16296,
    1.11156,
    1.11159,
    1.11205,
    1.1116,
    1.11013,
    1.1103
  ],
  "Weekly": [
    0
  ]
}