{
  "Fifteen_Min": [
    0,
    1.82142,
    1.82122,
    1.82128,
    1.82149,
    1.81958,
    1.81806,
    1.81804,
    1.81866,
    1.81924,
    1.81874,
    1.82037,
    1.82093,
    1.82216,
    1.82154,
    1.82214,
    1.82176,
    1.82084,
    1.82116,
    1.82042,
    1.8212,
    1.82096,
    1.8206,
    1.82068,
    1.82058,
    1.82003,
    1.8197,
    1.82011,
    1.82028,
    1.8207,
    1.82024,
    1.82056,
    1.82082,
    1.82098,
    1.81978,
    1.8196,
    1.81916,
    1.819,
    1.81953,
    1.81964,
    1.81968,
    1.81948,
    1.81972,
    1.8199,
    1.81942,
    1.8198,
    1.81936,
    1.81906,
    1.81876,
    1.8189,
    1.81848,
    1.81829,
    1.81838,
    1.81815,
    1.8182,
    1.81824,
    1.81895,
    1.8192,
    1.81896,
    1.81834,
    1.81822,
    1.81826,
    1.81846,
    1.8183,
    1.81827,
    1.81912
  ],
  "Thirty_Min": [
    0,
    0,
    0
  ],
  "One_Hour": [
    0,
    0,
    0
  ],
  "Two_Hour": [
    0,
    0,
    0
  ],
  "Four_Hour": [
    0
  ],
  "Daily": [
    0,
    1.72914,
    1.73788,
    1.73639,
    1.72032,
    1.71276,
    1.70694,
    1.6901,
    1.68904,
    1.7051,
    1.7061,
    1.71998,
    1.71046,
    1.71583,
    1.70702,
    1.72488,
    1.73128,
    1.72078,
    1.73688,
    1.73136,
    1.73162,
    1.72478,
    1.72944,
    1.74118,
    1.70636,
    1.72179,
    1.71576,
    1.70566,
    1.69883,
    1.70081,
    1.70428,
    1.70474,
    1.70827,
    1.70522,
    1.7134,
    1.72176,
    1.72654,
    1.71992,
    1.72628,
    1.71914,
    1.72015,
    1.73121,
    1.73912,
    1.73854,
    1.7415,
    1.718,
    1.72038,
    1.71298,
    1.70749,
    1.70564,
    1.7074,
    1.71619,
    1.70286,
    1.70487,
    1.70371,
    1.69116,
    1.69342,
    1.68972,
    1.71829,
    1.72312,
    1.7258,
    1.72878,
    1.72761,
    1.74182,
    1.75022,
    1.75134,
    1.73938,
    1.74513,
    1.72187,
    1.72767,
    1.7307,
    1.7402,
    1.73816,
    1.73864,
    1.73702,
    1.74988,
    1.71611,
    1.68914,
    1.69125,
    1.69066,
    1.69504,
    1.70402,
    1.69155,
    1.69196,
    1.69234,
    1.69512,
    1.7006,
    1.70964,
    1.72522,
    1.71034,
    1.7082,
    1.70552,
    1.71234,
    1.71988,
    1.71493,
    1.71362,
    1.71886,
    1.71454,
    1.7214,
    1.71684,
    1.70507,
    1.70053,
    1.6967,
    1.69583,
    1.68886,
    1.69914,
    1.69431,
    1.69212,
    1.69479,
    1.69494,
    1.71078,
    1.71427,
    1.71495,
    1.72028,
    1.72514,
    1.73053,
    1.74074,
    1.7388,
    1.75007,
    1.74427,
    1.7367,
    1.74591,
    1.74776,
    1.74981,
    1.7507,
    1.74312,
    1.74462,
    1.74009,
    1.74019,
    1.74946,
    1.74879,
    1.74925,
    1.74844,
    1.74395,
    1.7382,
    1.74626,
    1.74126,
    1.72576,
    1.73235,
    1.73677,
    1.72541,
    1.73109,
    1.71692,
    1.7136,
    1.72349,
    1.72502,
    1.72573,
    1.70992,
    1.72235,
    1.7289,
    1.72149,
    1.73708,
    1.73609,
    1.73297,
    1.7371,
    1.73678,
    1.75021,
    1.74866,
    1.75024,
    1.74951,
    1.73304,
    1.73477,
    1.73306,
    1.73363,
    1.73613,
    1.73774,
    1.73802,
    1.74075,
    1.74121,
    1.73851,
    1.72991,
    1.72101,
    1.72684,
    1.72645,
    1.72582,
    1.72087,
    1.71426,
    1.71117,
    1.71174,
    1.70733,
    1.7071,
    1.689,
    1.68895,
    1.68884,
    1.68989,
    1.69526,
    1.69918,
    1.70038,
    1.70274,
    1.70392,
    1.70357,
    1.70597,
    1.69802,
    1.68885,
    1.69952,
    1.70758,
    1.70548,
    1.69739,
    1.69685,
    1.70198,
    1.72387,
    1.713,
    1.70844,
    1.70544,
    1.7081,
    1.70328,
    1.69852,
    1.6988,
    1.70131,
    1.70008,
    1.7099,
    1.71936,
    1.71813,
    1.71402,
    1.70237,
    1.71694,
    1.69262,
    1.69072,
    1.69847,
    1.69626,
    1.69727,
    1.6943,
    1.6985,
    1.69466,
    1.70056,
    1.69514,
    1.69019,
    1.69134,
    1.70218,
    1.69987,
    1.70958,
    1.71878,
    1.71473,
    1.72177,
    1.7317,
    1.71272,
    1.70422,
    1.7018,
    1.69932,
    1.6895,
    1.7039,
    1.70738,
    1.7072,
    1.7141,
    1.73032,
    1.74378,
    1.74438,
    1.74444,
    1.73413,
    1.72466,
    1.72064,
    1.71356,
    1.70924,
    1.69962,
    1.70816,
    1.71864,
    1.7106,
    1.7063,
    1.70278,
    1.70162,
    1.70744,
    1.71126,
    1.71949,
    1.715,
    1.72706,
    1.74514,
    1.75098,
    1.74713,
    1.74608,
    1.74576,
    1.75152,
    1.74002,
    1.74388,
    1.7465,
    1.74484,
    1.73909,
    1.73958,
    1.74323,
    1.7474,
    1.74184,
    1.74192,
    1.73996,
    1.73768,
    1.73256,
    1.73642,
    1.73936,
    1.73784,
    1.74038,
    1.74523,
    1.74714,
    1.73737,
    1.72566,
    1.72268,
    1.71206,
    1.7086,
    1.70314,
    1.70108,
    1.70526,
    1.7047,
    1.70728,
    1.70712,
    1.70208,
    1.70201,
    1.70093,
    1.70194,
    1.69628,
    1.68992,
    1.68952,
    1.69028,
    1.69378,
    1.69337,
    1.70456,
    1.69636,
    1.69753,
    1.69432,
    1.69493,
    1.69464,
    1.68991,
    1.70102,
    1.69993,
    1.70293,
    1.70662,
    1.70618,
    1.71043,
    1.71492,
    1.71562,
    1.70737,
    1.71625,
    1.71484,
    1.71848,
    1.7225,
    1.72782,
    1.72986,
    1.73356,
    1.73978,
    1.74043,
    1.73824,
    1.73596,
    1.72808,
    1.71548,
    1.70735,
    1.70895,
    1.70098,
    1.70375,
    1.70492,
    1.71164,
    1.71314,
    1.70582,
    1.7007,
    1.70729,
    1.70633,
    1.70598,
    1.70499,
    1.69565,
    1.70074,
    1.69973,
    1.69755,
    1.70568,
    1.72297,
    1.71846,
    1.72265,
    1.71396,
    1.71854,
    1.72665,
    1.73026,
    1.72678,
    1.71729,
    1.71468,
    1.71991,
    1.7209,
    1.71707,
    1.72888,
    1.72115,
    1.72347,
    1.7083,
    1.70822,
    1.714,
    1.71885,
    1.72004,
    1.7256,
    1.71701,
    1.69928,
    1.71558,
    1.72298,
    1.73722,
    1.75157,
    1.75041,
    1.69517,
    1.71993,
    1.71203,
    1.70063,
    1.71095,
    1.74137,
    1.74572,
    1.74263,
    1.72612,
    1.72586,
    1.73545,
    1.73981,
    1.75033,
    1.74679,
    1.74653,
    1.7376,
    1.74377,
    1.73933,
    1.73069,
    1.74661,
    1.74629,
    1.72739,
    1.72781,
    1.72604,
    1.72552,
    1.70765,
    1.69965,
    1.70101,
    1.7054,
    1.70324,
    1.70453,
    1.69941,
    1.69624,
    1.69516,
    1.69683,
    1.69716,
    1.70046,
    1.70036,
    1.70276,
    1.7076,
    1.70957,
    1.70388,
    1.71103,
    1.70242,
    1.70294,
    1.6894,
    1.69394,
    1.69371,
    1.69112,
    1.69115,
    1.69152,
    1.70634,
    1.70393,
    1.70836,
    1.70911,
    1.70023,
    1.7042,
    1.70663,
    1.71348,
    1.70856,
    1.70826,
    1.71648,
    1.73031,
    1.7511,
    1.74096,
    1.73989,
    1.74686,
    1.7453,
    1.73528,
    1.72648,
    1.72817,
    1.73619,
    1.73168,
    1.73166,
    1.74262,
    1.72476,
    1.72659,
    1.73234,
    1.73643,
    1.73294,
    1.74872,
    1.74422,
    1.74203,
    1.74332,
    1.73469,
    1.72494,
    1.71845,
    1.70922,
    1.68966,
    1.69253,
    1.70786,
    1.70563,
    1.69403,
    1.70341,
    1.7031,
    1.71592,
    1.72181,
    1.71258,
    1.72145,
    1.72084,
    1.71416,
    1.71255,
    1.71138,
    1.69974,
    1.71108,
    1.7066,
    1.70346,
    1.70763,
    1.69998,
    1.72022,
    1.72294,
    1.7253,
    1.70742,
    1.71487,
    1.70605,
    1.71534,
    1.71843,
    1.71222,
    1.72732,
    1.72402,
    1.73279,
    1.72634,
    1.7359,
    1.73397,
    1.73924,
    1.73674,
    1.74127,
    1.73877,
    1.72974,
    1.73312,
    1.72672,
    1.72997,
    1.71808,
    1.71257,
    1.7123,
    1.69356,
    1.68894,
    1.70154,
    1.71018,
    1.72094,
    1.72771,
    1.72919,
    1.7313,
    1.72492,
    1.73347,
    1.7285,
    1.73089,
    1.73704,
    1.73384,
    1.72668,
    1.72532,
    1.72126,
    1.72205,
    1.72773,
