{
  "Fifteen_Min": [
    0
  ],
  "Thirty_Min": [
    0,
    0,
    0
  ],
  "One_Hour": [
    0,
    0,
    0
  ],
  "Two_Hour": [
    0,
    0,
    0
  ],
  "Four_Hour": [
    0,
    9.65748,
    9.6711,
    9.65772,
    9.66106,
    9.66116,
    9.67144,
    9.6868,
    9.70144,
    9.69642,
    9.6655,
    9.66245,
    9.69491,
    9.70668,
    9.71906,
    9.71373,
    9.66416,
    9.68496,
    9.69379,
    9.70034,
    9.69682,
    9.70992,
    9.71246,
    9.69664,
    9.70198,
    9.68798,
    9.71156,
    9.69582,
    9.6849,
    9.68198,
    9.7013,
    9.70174,
    9.70436,
    9.7085,
    9.69416,
    9.68754,
    9.67805,
    9.66955,
    9.6612,
    9.65898,
    9.65916,
    9.65968,
    9.67789,
    9.70344,
    9.7059,
    9.68386,
    9.67114,
    9.67135,
    9.66324,
    9.66626,
    9.68712,
    9.67784,
    9.67514,
    9.66244,
    9.6689,
    9.65879,
    9.66444,
    9.69852,
    9.71683,
    9.7229,
    9.72548,
    9.7299,
    9.70738,
    9.72685,
    9.69304,
    9.67924,
    9.66059,
    9.68127,
    9.72293,
    9.73122,
    9.7405,
    9.74124,
    9.79304,
    9.78944,
    9.80772,
    9.80099,
    9.80044,
    9.80294,
    9.77503,
    9.78197,
    9.77192,
    9.77,
    9.75899,
    9.78304,
    9.76482,
    9.76319,
    9.7655,
    9.74689,
    9.74904,
    9.74722,
    9.73842,
    9.69607,
    9.71451,
    9.72102,
    9.73249,
    9.73668,
    9.75886,
    9.74084,
    9.75399,
    9.75718,
    9.76351,
    9.74856,
    9.7705,
    9.80004,
    9.79874,
    9.80388,
    9.80378,
    9.8285,
    9.83548,
    9.83056,
    9.82874,
    9.81566,
    9.80149,
    9.7382,
    9.74535,
    9.72686,
    9.74346,
    9.71594,
    9.74154,
    9.6994,
    9.71567,
    9.71265,
    9.72151,
    9.7568,
    9.7567,
    9.7539,
    9.75661,
    9.74802,
    9.76178,
    9.76533,
    9.76404,
    9.75391,
    9.75646,
    9.76766,
    9.77224,
    9.768,
    9.76362,
    9.75762,
    9.7319,
    9.74222,
    9.75458,
    9.76382,
    9.76844,
    9.7592,
    9.77288,
    9.77432,
    9.78619,
    9.7998,
    9.79766,
    9.79214,
    9.75316,
    9.73336,
    9.74303,
    9.74249,
    9.75335,
    9.7911,
    9.78712,
    9.78802,
    9.78954,
    9.79102,
    9.77218,
    9.7852,
    9.8098,
    9.79872,
    9.77754,
    9.80239,
    9.8652,
    9.85852,
    9.85769,
    9.82675,
    9.85606,
    9.80706,
    9.80906,
    9.80687,
    9.78948,
    9.78002,
    9.79556,
    9.78738,
    9.79854,
    9.80278,
    9.82892,
    9.81026,
    9.85266,
    9.86261,
    9.85602,
    9.85098,
    9.86708,
    9.86378,
    9.86222,
    9.86402,
    9.8053,
    9.8044,
    9.81333,
    9.82204,
    9.80732,
    9.7647,
    9.76221,
    9.7661,
    9.77418,
    9.7899,
    9.82006,
    9.82004,
    9.8171,
    9.81326,
    9.80898,
    9.78606,
    9.78498,
    9.77799,
    9.7292,
    9.77686,
    9.77329,
    9.76426,
    9.73806,
    9.72594,
    9.70346,
    9.71216,
    9.70808,
    9.6826,
    9.69715,
    9.73146,
    9.74349,
    9.72787,
    9.74274,
    9.73084,
    9.72378,
    9.73574,
    9.73568,
    9.7204,
    9.70128,
    9.72874,
    9.73088,
    9.73518,
    9.72886,
    9.71299,
    9.68624,
    9.68078,
    9.67941,
    9.6677,
    9.6668,
    9.66286,
    9.67702,
    9.6706,
    9.67286,
    9.67252,
    9.66731,
    9.66481,
    9.67544,
    9.67136,
    9.67618,
    9.67916,
    9.69288,
    9.71254,
    9.7241,
    9.70669,
    9.67667,
    9.68605,
    9.69967,
    9.7407,
    9.7373,
    9.73818,
    9.77749,
    9.80908,
    9.8121,
    9.80708,
    9.75716,
    9.75792,
    9.74541,
    9.7442,
    9.72508,
    9.70015,
    9.74637,
    9.7454,
    9.74652,
    9.74122,
    9.72574,
    9.74666,
    9.74386,
    9.7509,
    9.74079,
    9.7531,
    9.75047,
    9.75373,
    9.76126,
    9.75901,
    9.77869,
    9.78139,
    9.83856,
    9.83714,
    9.83143,
    9.83396,
    9.85214,
    9.86226,
    9.85608,
    9.8546,
    9.83169,
    9.78814,
    9.8043,
    9.80762,
    9.81825,
    9.84382,
    9.86652,
    9.8549,
    9.86729,
    9.8665,
    9.82587,
    9.85972,
    9.8524,
    9.84705,
    9.85026,
    9.84586,
    9.8057,
    9.81015,
    9.80032,
    9.80016,
    9.78102,
    9.77024,
    9.7787,
    9.77685,
    9.7894,
    9.7871,
    9.78339,
    9.77048,
    9.79065,
    9.81186,
    9.81115,
    9.80828,
    9.79745,
    9.79665,
    9.76302,
    9.76027,
    9.76828,
    9.77877,
    9.77746,
    9.76471,
    9.7701,
    9.77865,
    9.7751,
    9.78375,
    9.77152,
    9.73862,
    9.71827,
    9.71515,
    9.71563,
    9.72628,
    9.69912,
    9.706,
    9.69236,
    9.7044,
    9.69965,
    9.6831,
    9.682,
    9.68285,
    9.67775,
    9.67635,
    9.67424,
    9.68662,
    9.69145,
    9.69024,
    9.6893,
    9.6753,
    9.68227,
    9.65725,
    9.68814,
    9.6745,
    9.68102,
    9.68686,
    9.67385,
    9.68452,
    9.7532,
    9.74434,
    9.74552,
    9.7303,
    9.71394,
    9.69896,
    9.69424,
    9.6869,
    9.67518,
    9.67867,
    9.6933,
    9.6842,
    9.68062,
    9.67858,
    9.67756,
    9.68506,
    9.6969,
    9.71476,
    9.72,
    9.7237,
    9.72232,
    9.74221,
    9.74532,
    9.75434,
    9.7589,
    9.76961,
    9.77599,
    9.77484,
    9.77609,
    9.76728,
    9.76888,
    9.75841,
    9.72987,
    9.7409,
    9.74018,
    9.75301,
    9.7769,
    9.77154,
    9.77692,
    9.7741,
    9.78024,
    9.78101,
    9.80356,
    9.82048,
    9.81413,
    9.82155,
    9.82386,
    9.83505,
    9.8207,
    9.83855,
    9.8444,
    9.8401,
    9.84632,
    9.8573,
    9.86223,
    9.85618,
    9.86134,
    9.86481,
    9.84891,
    9.84885,
    9.85,
    9.83894,
    9.84049,
    9.82836,
    9.81025,
    9.81139,
    9.80468,
    9.83162,
    9.83332,
    9.83597,
    9.8394,
    9.83339,
    9.80616,
    9.79988,
    9.79849,
    9.7999,
    9.79372,
    9.79995,
    9.78863,
    9.79968,
    9.8069,
    9.8113,
    9.79658,
    9.79702,
    9.80652,
    9.80782,
    9.78742,
    9.79768,
    9.77424,
    9.85484,
    9.86533,
    9.86477,
    9.85865,
    9.86216,
    9.86794,
    9.86556,
    9.86288,
    9.85867,
    9.86138,
    9.8669,
    9.86484,
    9.86578,
    9.85633,
    9.819,
    9.80506,
    9.80456,
    9.81392,
    9.81762,
    9.81206,
    9.82846,
    9.85396,
    9.85475,
    9.85776,
    9.83979,
    9.8661,
    9.86293,
    9.86078,
    9.8668,
    9.86304,
    9.84678,
    9.85232,
    9.84725,
    9.85022,
    9.80406,
    9.81713,
    9.82378,
    9.82421,
    9.82318,
    9.8245,
    9.8182,
    9.82943,
    9.84201,
    9.84538,
    9.84168,
    9.84416,
    9.83076,
    9.86085,
    9.85534,
    9.86608,
    9.8666,
    9.85362,
    9.84772,
    9.85164,
    9.84306,
    9.84148,
    9.85784,
    9.86422,
    9.867,
    9.85056,
    9.8506,
    9.85708,
    9.85068,
    9.85856,
    9.86194,
    9.8633,
    9.81766,
    9.8223,
    9.81863,
    9.81728,
    9.8328,
    9.82998,
    9.84185,
    9.84278,
    9.8469,
    9.84604,
    9.84348,
    9.86034,
    9.82088,
    9.82625,
    9.82246,
    9.83349,
    9.83403,
    9.82606,
    9.83925,
    9.82556,
    9.80198,
    9.76076,
    9.75575,
    9.75686,
    9.758,
    9.76176,
    9.76984,
    9.75242,
    9.74415,
    9.73945,
    9.73236,
    9.73757,
    9.73936,
    9.7323,
    9.73428,
    9.73392,
    9.75067,
    9.73328,
    9.7523,
    9.75022,
    9.76401,
    9.75778,
    9.74818,
    9.7397,
    9.73334,
    9.7254,
    9.74343,
    9.70541,
    9.68944,
    9.69032,
    9.67568,
    9.6765,
    9.68068,
    9.67931,
    9.69439,
    9.71018,
    9.75088,
    9.7548,
    9.7572,
    9.73231,
    9.74563,
    9.74832,
    9.75859,
    9.76016,
    9.76967,
    9.79678,
    9.79525,
    9.78818,
    9.78745
  ],