{
  "Fifteen_Min": [
    0,
    1.92106,
    1.92081,
    1.92072,
    1.92049,
    1.92035,
    1.92064,
    1.92105,
    1.92038,
    1.92036,
    1.91999,
    1.91924,
    1.91932,
    1.91876,
    1.91776,
    1.91862,
    1.91784,
    1.91806,
    1.91976,
    1.91988,
    1.9194,
    1.91923,
    1.91839,
    1.91897,
    1.91895,
    1.919,
    1.91938,
    1.9199,
    1.91936,
    1.91972,
    1.91919,
    1.91865,
    1.91921,
    1.92097,
    1.92078,
    1.92084,
    1.92058,
    1.92016,
    1.92014,
    1.9197,
    1.91974,
    1.91814,
    1.9185,
    1.91879,
    1.91892,
    1.91948,
    1.91873,
    1.91786,
    1.91852,
    1.91858,
    1.91887,
    1.91848,
    1.91802,
    1.91804,
    1.91844,
    1.91859,
    1.91836,
    1.91933,
    1.91958,
    1.91931,
    1.91888,
    1.91868,
    1.91822,
    1.91911,
    1.91918,
    1.91944,
    1.91954,
    1.91992,
    1.91998,
    1.92002,
    1.91994,
    1.92042,
    1.92022,
    1.92012,
    1.92034,
    1.9204,
    1.92085,
    1.92116,
    1.92052,
    1.92094,
    1.92066,
    1.92077,
    1.91955,
    1.9188,
    1.92086,
    1.92048,
    1.92061,
    1.92046,
    1.91962,
    1.9192,
    1.9187,
    1.91893,
    1.91813,
    1.91758,
    1.91796,
    1.91812,
    1.91748,
    1.91798,
    1.91743,
    1.9176,
    1.9178,
    1.91746,
    1.91764,
    1.92004,
    1.92032,
    1.92112,
    1.92082,
    1.92119,
    1.92044,
    1.92023,
    1.92027,
    1.92013,
    1.9195,
    1.9198,
    1.92006,
    1.91993,
    1.92026,
    1.92017,
    1.9202,
    1.91977,
    1.9196,
    1.91964,
    1.91967,
    1.91922,
    1.91953,
    1.91949,
    1.92009,
    1.92008,
    1.92074,
    1.92109,
    1.92076,
    1.9208,
    1.9211,
    1.92114,
    1.92024,
    1.92079,
    1.92018,
    1.92087,
    1.92054,
    1.92117,
    1.92101,
    1.92083,
    1.9205,
    1.91864,
    1.91834,
    1.91907,
    1.91866,
    1.9189,
    1.91942,
    1.91908,
    1.91978,
    1.91956,
    1.91912,
    1.91898,
    1.91913,
    1.9191,
    1.91914,
    1.91961,
    1.91916,
    1.9193,
    1.91929,
    1.91906,
    1.91959,
    1.91902,
    1.91846,
    1.91842,
    1.9183,
    1.91828,
    1.91754,
    1.91768,
    1.91753,
    1.91808,
    1.91787,
    1.918,
    1.91795,
    1.91788,
    1.91774,
    1.91744,
    1.91772,
    1.91792,
    1.91766,
    1.92,
    1.92098,
    1.9203,
    1.91982,
    1.91986,
    1.92059,
    1.92025,
    1.91899,
    1.91917
  ],
  "Thirty_Min": [
    0,
    0,
    0
  ],
  "One_Hour": [
    0,
    0,
    0
  ],
  "Two_Hour": [
    0,
    0,
    0
  ],
  "Four_Hour": [
    0,
    1.91981,
    1.92222,
    1.92176,
    1.91994,
    1.91783,
    1.91772,
    1.9186,
    1.91911,
    1.92467,
    1.92548,
    1.92463,
    1.92532,
    1.9333,
    1.93761,
    1.9345,
    1.92905,
    1.92895,
    1.92424,
    1.91978,
    1.92115,
    1.91794,
    1.92005,
    1.91915,
    1.921,
    1.9213,
    1.92776,
    1.9311,
    1.93214,
    1.92844,
    1.92484,
    1.92004,
    1.92228,
    1.93215,
    1.93176,
    1.93202,
    1.93218,
    1.94032,
    1.94226,
    1.9387,
    1.94267,
    1.94398,
    1.94544,
    1.94484,
    1.9388,
    1.93849,
    1.93658,
    1.93698,
    1.93645,
    1.93802,
    1.93498,
    1.93837,
    1.93724,
    1.93888,
    1.94094,
    1.94448,
    1.94478,
    1.94934,
    1.95098,
    1.95282,
    1.9479,
    1.95138,
    1.9463,
    1.94502,
    1.94844,
    1.94826,
    1.94664,
    1.9442,
    1.94086,
    1.94116,
    1.94442,
    1.94793,
    1.94982,
    1.95518,
    1.95406,
    1.95364,
    1.9551,
    1.95528,
    1.95054,
    1.95328,
    1.95116,
    1.95142,
    1.95018,
    1.95323,
    1.9537,
    1.95438,
    1.9558,
    1.9497,
    1.95218,
    1.95185,
    1.94944,
    1.94976,
    1.95452,
    1.95427,
    1.955,
    1.95456,
    1.95431,
    1.95026,
    1.95573,
    1.95297,
    1.95188,
    1.954,
    1.95312,
    1.94487,
    1.94542,
    1.94586,
    1.94508,
    1.9465,
    1.93958,
    1.94342,
    1.94382,
    1.94406,
    1.94538,
    1.94568,
    1.9476,
    1.94387,
    1.9451,
    1.9392,
    1.94154,
    1.94075,
    1.93139,
    1.92522,
    1.92677,
    1.92658,
    1.9203,
    1.92384,
    1.92624,
    1.92539,
    1.92354,
    1.92305,
    1.92528,
    1.924,
    1.92378,
    1.9228,
    1.91859,
    1.91726,
    1.9189,
    1.92032,
    1.91892,
    1.91673,
    1.92062,
    1.91964,
    1.91914,
    1.91675,
    1.91678,
    1.91722,
    1.91956,
    1.9188,
    1.91809,
    1.91724,
    1.92096,
    1.9282,
    1.92835,
    1.92798,
    1.92678,
    1.92831,
    1.92713,
    1.92328,
    1.92196,
    1.92343,
    1.92362,
    1.92164,
    1.91846,
    1.92188,
    1.92034,
    1.92128,
    1.91808,
    1.9187,
    1.92146,
    1.92051,
    1.92414,
    1.92341,
    1.92635,
    1.92682,
    1.92519,
    1.9284,
    1.92742,
    1.92843,
    1.92893,
    1.92656,
    1.91814,
    1.91896,
    1.91988,
    1.92442,
    1.91799,
    1.91842,
    1.91707,
    1.91713,
    1.91704,
    1.9197,
    1.92124,
    1.92138,
    1.92114,
    1.92182,
    1.92232,
    1.92187,
    1.9232,
    1.92183,
    1.92565,
    1.92431,
    1.9272,
    1.92517,
    1.92342,
    1.92058,
    1.92324,
    1.92092,
    1.9191,
    1.91835,
    1.91903,
    1.91769,
    1.91779,
    1.92064,
    1.92068,
    1.92234,
    1.91674,
    1.9176,
    1.91784,
    1.918,
    1.92218,
    1.93512,
    1.93271,
    1.93528,
    1.93466,
    1.9349,
    1.931,
    1.93316,
    1.933,
    1.93018,
    1.93258,
    1.9221,
    1.92504,
    1.9256,
    1.93046,
    1.92862,
    1.93114,
    1.932,
    1.93034,
    1.92771,
    1.92767,
    1.92982,
    1.92822,
    1.93016,
    1.93221,
    1.92948,
    1.93348,
    1.9335,
    1.9322,
    1.928,
    1.92936,
    1.92924,
    1.92725,
    1.9292,
    1.93038,
    1.93144,
    1.92675,
    1.92782,
    1.92351,
    1.92418,
    1.9227,
    1.92152,
    1.9234,
    1.9296,
    1.92466,
    1.92622,
    1.93171,
    1.93762,
    1.93936,
    1.93884,
    1.93439,
    1.93364,
    1.93229,
    1.9367,
    1.93906,
    1.93812,
    1.93558,
    1.93469,
    1.93276,
    1.9338,
    1.9281,
    1.93123,
    1.93127,
    1.9314,
    1.92854,
    1.93049,
    1.9348,
    1.93628,
    1.9366,
    1.9356,
    1.93688,
    1.94026,
    1.94019,
    1.94366,
    1.94347,
    1.94294,
    1.93794,
    1.93756,
    1.93598,
    1.93654,
    1.93691,
    1.93412,
    1.93196,
    1.93372,
    1.9359,
    1.94195,
    1.94715,
    1.95127,
    1.94878,
    1.9361
  ],