{
  "Fifteen_Min": [
    0
  ],
  "Thirty_Min": [
    0,
    0,
    0
  ],
  "One_Hour": [
    0,
    0,
    0
  ],
  "Two_Hour": [
    0,
    0,
    0
  ],
  "Four_Hour": [
    0,
    2.0455,
    2.04546,
    2.05233,
    2.05214,
    2.05371,
    2.0555,
    2.06026,
    2.0612,
    2.06688,
    2.06647,
    2.06966,
    2.06962,
    2.06513,
    2.06324,
    2.0575,
    2.05241,
    2.05581,
    2.05245,
    2.05482,
    2.0535,
    2.05124,
    2.04941,
    2.04333,
    2.04588,
    2.04714,
    2.04617,
    2.04528,
    2.0438,
    2.04322,
    2.04399,
    2.04626,
    2.05454,
    2.05888,
    2.05726,
    2.05916,
    2.05365,
    2.05297,
    2.05992,
    2.06064,
    2.06054,
    2.05781,
    2.05118,
    2.05324,
    2.0523,
    2.05458,
    2.0484,
    2.0461,
    2.04472,
    2.04356,
    2.04464,
    2.04458,
    2.04962,
    2.04912,
    2.05052,
    2.04844,
    2.04396,
    2.04456,
    2.04482,
    2.05028,
    2.05024,
    2.05048,
    2.05109,
    2.05132,
    2.05802,
    2.05529,
    2.06262,
    2.05846,
    2.0601,
    2.06272,
    2.06417,
    2.06602,
    2.0685,
    2.06958,
    2.06954,
    2.0644,
    2.06446,
    2.06308,
    2.05704,
    2.0584,
    2.05668,
    2.05815,
    2.0564,
    2.06,
    2.0636,
    2.05966,
    2.06877,
    2.07182,
    2.06797,
    2.06965,
    2.06782,
    2.064,
    2.06696,
    2.05988,
    2.06148,
    2.06236,
    2.05754,
    2.06226,
    2.06048,
    2.06634,
    2.0688,
    2.07178,
    2.07246,
    2.07521,
    2.0713,
    2.0689,
    2.07098,
    2.06165,
    2.06287,
    2.06142,
    2.05568,
    2.05524,
    2.05329,
    2.05344,
    2.05064,
    2.05094,
    2.05359,
    2.05375,
    2.05507,
    2.05406,
    2.05494,
    2.0519,
    2.0655,
    2.06745,
    2.06426,
    2.05991,
    2.06604,
    2.06714,
    2.06872,
    2.07165,
    2.06732,
    2.06816,
    2.07095,
    2.06994,
    2.07251,
    2.0626,
    2.06004,
    2.05444,
    2.05232,
    2.05472,
    2.0543,
    2.05084,
    2.05488,
    2.05656,
    2.0552,
    2.0605,
    2.06396,
    2.06475,
    2.0642,
    2.06705,
    2.06644,
    2.07158,
    2.07104,
    2.06613,
    2.065,
    2.06566,
    2.05332,
    2.05625,
    2.05758,
    2.06833,
    2.06948,
    2.07384,
    2.06983,
    2.07006,
    2.06848,
    2.067,
    2.06655,
    2.0616,
    2.0715,
    2.0734,
    2.07339,
    2.07212,
    2.06746,
    2.06992,
    2.0695,
    2.07186,
    2.0752,
    2.0728,
    2.06699,
    2.06748,
    2.06693,
    2.072,
    2.0751,
    2.07345,
    2.07289,
    2.07315,
    2.0692,
    2.05768,
    2.0495,
    2.05158,
    2.05325,
    2.05491,
    2.05427,
    2.04776,
    2.0476,
    2.0464,
    2.04622,
    2.04455,
    2.0425,
    2.0441,
    2.0448,
    2.04272,
    2.04774,
    2.04878,
    2.04807,
    2.04386,
    2.04758,
    2.0453,
    2.04702,
    2.04512,
    2.0445,
    2.04647,
    2.044,
    2.05289,
    2.05364,
    2.05277,
    2.04812,
    2.0434,
    2.04662,
    2.04432,
    2.04365,
    2.04299,
    2.0431,
    2.04318,
    2.04274,
    2.04502,
    2.0457,
    2.04752,
    2.04836,
    2.05051,
    2.05564,
    2.05622,
    2.05926,
    2.05986,
    2.05724,
    2.05288,
    2.05428,
    2.05533,
    2.05933,
    2.06094,
    2.06658,
    2.06595,
    2.06588,
    2.06616,
    2.06642,
    2.06248,
    2.06692,
    2.07486,
    2.0731,
    2.06947,
    2.07028,
    2.06624,
    2.06484,
    2.0691,
    2.06818,
    2.06357,
    2.06189,
    2.06522,
    2.0643,
    2.06572,
    2.0638,
    2.07132,
    2.0703,
    2.06975,
    2.07331,
    2.07224,
    2.0722,
    2.07218,
    2.06924,
    2.06988,
    2.07244,
    2.07346,
    2.06754,
    2.06531,
    2.0738,
    2.07303,
    2.07382,
    2.07222,
    2.07472,
    2.07527,
    2.07309,
    2.06448,
    2.0604,
    2.0615,
    2.07084,
    2.06726,
    2.06942,
    2.07468,
    2.07194,
    2.07206,
    2.06698,
    2.06747,
    2.06758,
    2.0729,
    2.07248,
    2.0739,
    2.07485,
    2.06868,
    2.06504,
    2.0742,
    2.07259,
    2.07235,
    2.07015,
    2.07056,
    2.07249,
    2.07266,
    2.07025,
    2.0706,
    2.07458,
    2.0711,
    2.06886,
    2.07162,
    2.07005,
    2.05382,
    2.05292,
    2.06088,
    2.06329,
    2.06235,
    2.05816,
    2.05881,
    2.05548,
    2.05508,
    2.0511,
    2.05135,
    2.04403,
    2.05082,
    2.04932,
    2.04732,
    2.04685,
    2.04667,
    2.04556,
    2.04658,
    2.0493,
    2.04998,
    2.05384,
    2.05402,
    2.05231,
    2.055,
    2.04461,
    2.04491,
    2.04337,
    2.04434,
    2.04712,
    2.04415,
    2.04277,
    2.04294,
    2.0467,
    2.04864,
    2.0499,
    2.0526,
    2.05134,
    2.05424,
    2.05136,
    2.05075,
    2.04828,
    2.04248,
    2.04904,
    2.04953,
    2.0482,
    2.05281,
    2.05449,
    2.04995,
    2.05078,
    2.05515,
    2.05715,
    2.05774,
    2.05268,
    2.0549,
    2.04339,
    2.04478,
    2.04751,
    2.04394,
    2.04701,
    2.04262,
    2.04335,
    2.04409,
    2.04826,
    2.05234,
    2.05275,
    2.05504,
    2.05211,
    2.05468,
    2.0585,
    2.05917,
    2.07256,
    2.07231,
    2.0733,
    2.06956,
    2.07404,
    2.07062,
    2.07271,
    2.075,
    2.0743,
    2.07532,
    2.07265,
    2.0718,
    2.06889,
    2.06752,
    2.0707,
    2.0697,
    2.07136,
    2.06834,
    2.06936,
    2.07142,
    2.07032,
    2.07348,
    2.0741,
    2.07254,
    2.07272,
    2.07317,
    2.07362,
    2.07038,
    2.06843,
    2.06788,
    2.07174,
    2.06625,
    2.06568,
    2.06494,
    2.06711,
    2.0661,
    2.06774,
    2.06801,
    2.06046,
    2.06172,
    2.05294,
    2.05448,
    2.05585
  ],
  "Daily": [
    0
  ],
  "Weekly": [
    0
  ]
}