{
  "Fifteen_Min": [
    0,
    19.38052,
    19.36888,
    19.37756,
    19.36503,
    19.3662,
    19.34698,
    19.36476,
    19.36174,
    19.3673,
    19.37069,
    19.35051,
    19.33884,
    19.32615,
    19.32412,
    19.3191,
    19.31567,
    19.3195,
    19.3198,
    19.32752,
    19.30834,
    19.3029,
    19.29522,
    19.30628,
    19.3151,
    19.32402,
    19.31506,
    19.32714,
    19.32071,
    19.32702,
    19.32596,
    19.31572,
    19.304,
    19.29634,
    19.299,
    19.30295,
    19.31105,
    19.30142,
    19.29888,
    19.3397,
    19.32486,
    19.36442,
    19.36261,
    19.35474,
    19.34186,
    19.3437,
    19.32456,
    19.33438,
    19.33814,
    19.34456,
    19.3478,
    19.35296,
    19.35545,
    19.34867,
    19.36294,
    19.36714,
    19.36319,
    19.35582,
    19.36527,
    19.37206,
    19.37197,
    19.36412,
    19.356,
    19.35717,
    19.35456,
    19.3526,
    19.36824,
    19.35638,
    19.35218,
    19.35019,
    19.35196,
    19.33778,
    19.32923,
    19.33816,
    19.35102,
    19.34903,
    19.354,
    19.358,
    19.347,
    19.359,
    19.34672,
    19.33766,
    19.32194,
    19.30038,
    19.30359,
    19.30692,
    19.31048,
    19.31026,
    19.30254,
    19.297,
    19.29612,
    19.3025,
    19.32896,
    19.33985,
    19.3309,
    19.35605,
    19.35471,
    19.34602,
    19.35324,
    19.3429,
    19.31804,
    19.32251,
    19.32836,
    19.32605,
    19.33262,
    19.3292,
    19.33458,
    19.3322,
    19.33582,
    19.34302,
    19.3425,
    19.36881,
    19.3706,
    19.37455,
    19.36822,
    19.38407
  ],
  "Thirty_Min": [
    0,
    0,
    0
  ],
  "One_Hour": [
    0,
    0,
    0
  ],
  "Two_Hour": [
    0,
    0,
    0
  ],
  "Four_Hour": [
    0
  ],
  "Daily": [
    0,
    19.705,
    19.71798,
    19.7475,
    19.74343,
    19.7605,
    19.7625,
    19.83502,
    18.98406,
    19.01232,
    19.09508,
    18.98362,
    18.962,
    18.97216,
    19.048,
    19.05889,
    19.0645,
    19.07083,
    19.03579,
    19.04837,
    18.9655,
    18.9705,
    19.01815,
    19.077,
    19.11584,
    19.12982,
    19.14648,
    19.144,
    19.14838,
    19.134,
    19.162,
    19.20336,
    19.13358,
    19.06097,
    19.297,
    19.231,
    19.09567,
    19.1865,
    19.2355,
    19.319,
    19.38415,
    19.40239,
    19.26881,
    19.3905,
    19.3255,
    19.19425,
    19.041,
    19.03517,
    19.17664,
    19.1772,
    19.0835,
    18.95791,
    18.97432,
    19.089,
    19.08772,
    19.1045,
    19.26369,
    19.176,
    19.20444,
    19.19754,
    19.1795,
    19.218,
    19.24587,
    19.23975,
    19.23764,
    19.252,
    19.1575,
    19.18015,
    19.179,
    19.09318,
    18.95916,
    19.05459,
    19.07568,
    19.282,
    19.3335,
    19.36277,
    19.35858,
    19.3295,
    19.33692,
    19.33691,
    19.355,
    19.3685,
    19.3325,
    19.36706,
    19.38889,
    19.3825,
    19.54512,
    19.5555,
    19.54734,
    19.66981,
    19.58583,
    19.6834,
    19.7085,
    19.71225,
    19.69588,
    19.55147,
    19.19851,
    19.11255,
    19.081,
    19.06,
    19.1225,
    19.192,
    19.21,
    19.258,
    19.32404,
    19.24127,
    19.40033,
    19.4415,
    19.5385,
    19.59692,
    19.7255,
    19.5605,
    19.671,
    19.57387,
    19.5075,
    19.67764,
    19.631,
    19.672,
    19.41744,
    19.47038,
    19.23958,
    19.224,
    19.2205,
    19.29012,
    19.2828,
    19.45172,
    19.5481,
    19.61184,
    19.63478,
    19.59818,
    19.452,
    19.435,
    19.515,
    19.57105,
    19.62092,
    19.56116,
    19.47447,
    19.55938,
    19.4753,
    19.24186,
    19.1705,
    19.17838,
    18.95002,
    18.9495,
    19.74116,
    19.7355,
    19.75252,
    19.7564,
    19.7715,
    19.7775
  ],
  "Weekly": [
    0
  ]
}