{
  "Fifteen_Min": [
    0
  ],
  "Thirty_Min": [
    0,
    0,
    0
  ],
  "One_Hour": [
    0,
    0,
    0
  ],
  "Two_Hour": [
    0,
    0,
    0
  ],
  "Four_Hour": [
    0
  ],
  "Daily": [
    0,
    19.705,
    19.71798,
    19.7475,
    19.74343,
    19.7605,
    19.7625,
    19.83502
  ],
  "Weekly": [
    0
  ]
}