{
  "Fifteen_Min": [
    0,
    0.82096,
    0.82072,
    0.82188,
    0.82148,
    0.82083,
    0.82108,
    0.82112,
    0.82134,
    0.82111,
    0.82123,
    0.8214,
    0.82106,
    0.82113,
    0.82119,
    0.82122,
    0.8212,
    0.8211,
    0.82098,
    0.82152,
    0.82164,
    0.82168,
    0.82156,
    0.82142,
    0.82104,
    0.82126,
    0.82092,
    0.82107,
    0.82086
  ],
  "Thirty_Min": [
    0,
    0,
    0
  ],
  "One_Hour": [
    0,
    0,
    0
  ],
  "Two_Hour": [
    0,
    0,
    0
  ],
  "Four_Hour": [
    0
  ],
  "Daily": [
    0,
    0.8332,
    0.83466,
    0.833,
    0.83394,
    0.83696,
    0.83732,
    0.83534,
    0.83584,
    0.8373,
    0.83344,
    0.83632,
    0.83574,
    0.83032,
    0.83046,
    0.83459,
    0.83192,
    0.83498,
    0.83416,
    0.82933,
    0.82554,
    0.83554,
    0.83676,
    0.8336,
    0.83088,
    0.8305,
    0.83378,
    0.83636,
    0.83433,
    0.82912,
    0.82901,
    0.83179,
    0.83706,
    0.8367,
    0.83424,
    0.8324,
    0.82346,
    0.81822,
    0.82934,
    0.83038,
    0.83578,
    0.83637,
    0.8323,
    0.83746,
    0.83724,
    0.83589,
    0.83572,
    0.8309,
    0.82877,
    0.8262,
    0.81891,
    0.82482,
    0.82249,
    0.8196,
    0.81792,
    0.81848,
    0.82262,
    0.82588,
    0.82819,
    0.83048,
    0.82764,
    0.83003,
    0.82435,
    0.82062,
    0.81912,
    0.81639,
    0.82248,
    0.82203,
    0.81818,
    0.82081,
    0.82122,
    0.81747,
    0.81972,
    0.81674,
    0.82069,
    0.82279,
    0.83418,
    0.83566,
    0.83625,
    0.83198,
    0.83715,
    0.8338,
    0.83543,
    0.82952,
    0.82787,
    0.8312,
    0.8325,
    0.83116,
    0.83509,
    0.83408,
    0.83568,
    0.83103,
    0.82716,
    0.82381,
    0.82288,
    0.8219,
    0.81744,
    0.81652,
    0.81597,
    0.81776,
    0.81847,
    0.81878,
    0.82426,
    0.82342,
    0.81926,
    0.8163,
    0.81654,
    0.8187,
    0.82064,
    0.82302,
    0.82454,
    0.82467,
    0.81998,
    0.83028,
    0.83486,
    0.82595,
    0.82444,
    0.82114,
    0.81694,
    0.81947,
    0.81764,
    0.81673,
    0.81591,
    0.81754,
    0.81836,
    0.81856,
    0.81841,
    0.81702,
    0.81712,
    0.8226,
    0.82144,
    0.82216,
    0.82832,
    0.82428,
    0.82842,
    0.8304,
    0.83035,
    0.83303,
    0.83668,
    0.83434,
    0.83462,
    0.83326,
    0.83461,
    0.83158,
    0.831,
    0.83366,
    0.8319,
    0.83044,
    0.8352,
    0.83601,
    0.83556,
    0.83581,
    0.83482,
    0.8371,
    0.83266,
    0.8342,
    0.83229,
    0.83439,
    0.83488,
    0.83252,
    0.82834,
    0.82584,
    0.82474,
    0.82082,
    0.81904,
    0.81566,
    0.81561,
    0.81557,
    0.81543,
    0.81821,
    0.81286,
    0.81202,
    0.81064,
    0.81486,
    0.81157,
    0.81638,
    0.81328,
    0.80963,
    0.81058,
    0.80746,
    0.80548,
    0.81414,
    0.81392,
    0.8112,
    0.80311,
    0.8023,
    0.7996,
    0.79856,
    0.80164,
    0.8011,
    0.8008,
    0.7982,
    0.80223,
    0.79895,
    0.80116,
    0.80252,
    0.80461,
    0.80459,
    0.80288,
    0.8034,
    0.80574,
    0.80496,
    0.80554,
    0.80562,
    0.80761,
    0.80802,
    0.8101,
    0.8148,
    0.81114,
    0.81012,
    0.80208,
    0.80541,
    0.80507,
    0.8028,
    0.80446,
    0.79997,
    0.80076,
    0.79978,
    0.80232,
    0.80101,
    0.7977,
    0.79926,
    0.80018,
    0.80287,
    0.81106,
    0.81168,
    0.81746,
    0.81651,
    0.8135,
    0.81596,
    0.81462,
    0.80728,
    0.81416,
    0.81846,
    0.81877,
    0.81653,
    0.81241,
    0.80988,
    0.81088,
    0.80532,
    0.80458,
    0.8133,
    0.81516,
    0.8156,
    0.81556,
    0.81672,
    0.81174,
    0.81158,
    0.8159,
    0.81384,
    0.81238,
    0.80972,
    0.8046,
    0.80432,
    0.8032,
    0.80351,
    0.80251,
    0.80258,
    0.80277,
    0.80572,
    0.80301,
    0.80384,
    0.80597,
    0.806,
    0.80723,
    0.80078,
    0.80256,
    0.80356,
    0.8001,
    0.80185,
    0.79844,
    0.79827,
    0.79794,
    0.79828,
    0.79808,
    0.7997,
    0.79953,
    0.80412,
    0.81332,
    0.81008,
    0.81276,
    0.81835,
    0.8184,
    0.81128,
    0.80359,
    0.80671,
    0.80482,
    0.80317,
    0.80238,
    0.8002,
    0.80313,
    0.80066,
    0.80498,
    0.80622,
    0.80801,
    0.808,
    0.81001,
    0.81018,
    0.81542,
    0.81368,
    0.81272,
    0.81124,
    0.81782,
    0.81554,
    0.81563,
    0.81558,
    0.80876,
    0.81015,
    0.81002,
    0.81282,
    0.81603,
    0.81708,
    0.8186,
    0.81756,
    0.81787,
    0.81412,
    0.8132,
    0.81265,
    0.80982,
    0.81094,
    0.8106,
    0.81214,
    0.81184,
    0.81458,
    0.81494,
    0.8149,
    0.81388,
    0.81753,
    0.81874,
    0.81197,
    0.81072,
    0.81161,
    0.81004,
    0.81038,
    0.80958,
    0.80448,
    0.80573,
    0.80878,
    0.80971,
    0.80646,
    0.8058,
    0.80108,
    0.80294,
    0.80414,
    0.80534,
    0.80703,
    0.80852,
    0.81334,
    0.81444,
    0.81614,
    0.81828,
    0.81595,
    0.81615,
    0.81662,
    0.80938,
    0.81196,
    0.8088,
    0.80765,
    0.80794,
    0.80707,
    0.81264,
    0.80978,
    0.81236,
    0.81696,
    0.81678,
    0.81728,
    0.81634,
    0.8189,
    0.81894,
    0.81897,
    0.81903,
    0.81959,
    0.81946,
    0.81971
  ],
  "Weekly": [
    0,
    0.81149,
    0.80496,
    0.80834,
    0.81553,
    0.80698,
    0.81142,
    0.81011,
    0.80965,
    0.8198,
    0.82542,
    0.82414,
    0.82952,
    0.82822,
    0.81582,
    0.8152,
    0.80624,
    0.8161,
    0.82309,
    0.82112,
    0.82469,
    0.81394,
    0.80374,
    0.80456,
    0.81038,
    0.8116,
    0.8061,
    0.80521,
    0.81977,
    0.82816,
    0.82156,
    0.8095,
    0.82434,
    0.8193,
    0.81091,
    0.81315,
    0.80855,
    0.80833,
    0.81323,
    0.81706,
    0.82626,
    0.82778,
    0.82994,
    0.82036,
    0.81395,
    0.81762,
    0.81644,
    0.81722,
    0.81724,
    0.81238,
    0.80634,
    0.80502,
    0.80999,
    0.81343,
    0.80742,
    0.80994,
    0.81163,
    0.80593,
    0.80468,
    0.80563,
    0.80966,
    0.81057,
    0.82031,
    0.81541,
    0.81363,
    0.81782,
    0.81586,
    0.82284,
    0.8173,
    0.82114,
    0.82357,
    0.83084,
    0.83732,
    0.83865,
    0.82926,
    0.83552,
    0.82373,
    0.80443,
    0.81868,
    0.81043,
    0.81425,
    0.81556,
    0.80895,
    0.82172,
    0.81452,
    0.82696,
    0.81907,
    0.81434,
    0.83266,
    0.83465,
    0.83778,
    0.83344,
    0.83032,
    0.83416,
    0.83675,
    0.8381,
    0.82912,
    0.83706,
    0.8367,
    0.81821,
    0.83229,
    0.83723,
    0.83588,
    0.82712,
    0.81202,
    0.82262,
    0.81912,
    0.81248,
    0.81392,
    0.80754,
    0.80761,
    0.81106,
    0.82377,
    0.83624,
    0.8388,
    0.82951,
    0.83116,
    0.83749,
    0.83922,
    0.8238,
    0.8135,
    0.81776,
    0.80988,
    0.8133,
    0.82454,
    0.8156,
    0.8046,
    0.80406,
    0.81449,
    0.80622,
    0.81909,
    0.81272,
    0.82215,
    0.8304,
    0.83157,
    0.83044,
    0.83556,
    0.83424,
    0.83672,
    0.82082,
    0.8196,
    0.8163,
    0.82788,
    0.82584,
    0.828,
    0.83296,
    0.82411,
    0.81554,
    0.81015,
    0.81708,
    0.80982,
    0.81184,
    0.82256,
    0.82318,
    0.83498,
    0.83628,
    0.83726,
    0.83768,
    0.83342,
    0.82518,
    0.8149,
    0.8263,
    0.8237,
    0.82797,
    0.83665,
    0.83616,
    0.83788,
    0.83022,
    0.832,
    0.83008,
    0.82655,
    0.81566,
    0.8256,
    0.81297,
    0.81208,
    0.81086,
    0.80852,
    0.81838,
    0.8088,
    0.81264,
    0.81678
  ]
}