{
  "Fifteen_Min": [
    0,
    0.55453,
    0.55473,
    0.55459,
    0.55468,
    0.55456,
    0.5547,
    0.55463,
    0.5548,
    0.555,
    0.55505,
    0.55488,
    0.55502,
    0.55471,
    0.55466,
    0.55436,
    0.55437,
    0.55434,
    0.55441,
    0.5545,
    0.55448,
    0.55474,
    0.55498,
    0.55486,
    0.55484,
    0.5553,
    0.55515,
    0.55506,
    0.55494,
    0.5551,
    0.55522,
    0.55524,
    0.55508,
    0.55536,
    0.55546,
    0.55543,
    0.55559,
    0.55588,
    0.55605,
    0.55585,
    0.55618,
    0.5562,
    0.55619,
    0.55624,
    0.55653,
    0.5565,
    0.55646,
    0.55656,
    0.5568,
    0.55687,
    0.55672,
    0.55696,
    0.55695,
    0.55702,
    0.55706,
    0.55708,
    0.55722,
    0.55705,
    0.55711,
    0.55692,
    0.55713,
    0.55726,
    0.55694,
    0.5571,
    0.55686,
    0.55643,
    0.55684,
    0.55675,
    0.55674,
    0.55614,
    0.55616,
    0.55628,
    0.55648,
    0.55598
  ],
  "Thirty_Min": [
    0,
    0,
    0
  ],
  "One_Hour": [
    0,
    0,
    0
  ],
  "Two_Hour": [
    0,
    0,
    0
  ],
  "Four_Hour": [
    0,
    0.5408,
    0.53792,
    0.5394,
    0.53788,
    0.53732,
    0.53644,
    0.53626,
    0.53738,
    0.53744,
    0.53937,
    0.53951,
    0.53948,
    0.53902,
    0.53914,
    0.53638,
    0.53514,
    0.5349,
    0.53412,
    0.53468,
    0.53482,
    0.5373,
    0.53631,
    0.53816,
    0.53947,
    0.53858,
    0.53986,
    0.53982,
    0.53757,
    0.53769,
    0.5365,
    0.53535,
    0.53552,
    0.5345,
    0.53538,
    0.53746,
    0.53724,
    0.53678,
    0.53428,
    0.53479,
    0.53518,
    0.53579,
    0.53649,
    0.53972,
    0.54042,
    0.5409,
    0.54029,
    0.53892,
    0.53867,
    0.53731,
    0.5353,
    0.5343,
    0.53588,
    0.53352,
    0.5334,
    0.53338,
    0.53232,
    0.53214,
    0.53256,
    0.53258,
    0.53344,
    0.53259,
    0.53376,
    0.53224,
    0.5336,
    0.53326,
    0.53292,
    0.5327,
    0.53236,
    0.5329,
    0.53324,
    0.53329,
    0.53464,
    0.53266,
    0.53438,
    0.53648,
    0.53624,
    0.53704,
    0.53964,
    0.54072,
    0.5407,
    0.54028,
    0.54025,
    0.53836,
    0.5383,
    0.53777,
    0.5362,
    0.53622,
    0.53582,
    0.5328,
    0.53402,
    0.53386,
    0.53354,
    0.53356,
    0.53288,
    0.5338,
    0.53283,
    0.5333,
    0.53414,
    0.53587,
    0.53698,
    0.5379,
    0.53778,
    0.53804,
    0.53645,
    0.53636,
    0.53512,
    0.53421,
    0.53278,
    0.5337,
    0.53422,
    0.53394,
    0.53244,
    0.53215,
    0.53304,
    0.53425,
    0.5321,
    0.53261,
    0.5325,
    0.53246,
    0.53327,
    0.53404,
    0.53431,
    0.53542,
    0.53478,
    0.53342,
    0.53269,
    0.53306,
    0.5352,
    0.5354,
    0.53495,
    0.53462,
    0.53439,
    0.53319,
    0.53274,
    0.53231,
    0.53216,
    0.53355,
    0.53397,
    0.53434,
    0.5347,
    0.53532,
    0.53502,
    0.53545,
    0.53574,
    0.5363,
    0.53672,
    0.53506,
    0.53618,
    0.53634,
    0.53676,
    0.53684,
    0.53616,
    0.53879,
    0.53943,
    0.53878,
    0.53846,
    0.53834,
    0.53775,
    0.53817,
    0.5385,
    0.53898,
    0.5402,
    0.53984,
    0.53974,
    0.5398,
    0.53938,
    0.54004,
    0.53823,
    0.53802,
    0.53776,
    0.53656,
    0.53598,
    0.53693,
    0.53637,
    0.53932,
    0.53742,
    0.53825,
    0.53688,
    0.53674,
    0.53722,
    0.53882,
    0.53797,
    0.53912,
    0.5388,
    0.53745,
    0.53719,
    0.53794,
    0.53771,
    0.53854,
    0.53983,
    0.5369,
    0.53566,
    0.53396,
    0.53544,
    0.53694,
    0.53789,
    0.54022,
    0.53973,
    0.53748,
    0.53833,
    0.53751,
    0.53942,
    0.53773,
    0.54082,
    0.53865,
    0.53859,
    0.53968,
    0.53996,
    0.54024,
    0.53987,
    0.53876,
    0.5392,
    0.53855,
    0.53896,
    0.53888,
    0.5382,
    0.53899,
    0.54073,
    0.54075,
    0.54038,
    0.54008,
    0.54044,
    0.539,
    0.53473,
    0.53442,
    0.53332,
    0.53378,
    0.5351,
    0.53475,
    0.53212,
    0.53245,
    0.53302,
    0.53279,
    0.53276,
    0.53424,
    0.53317,
    0.53294,
    0.5326,
    0.53501,
    0.53736,
    0.53755,
    0.53602,
    0.53608,
    0.53708,
    0.53689,
    0.53677,
    0.5348,
    0.53681,
    0.53683,
    0.53734,
    0.5376,
    0.53851,
    0.53872,
    0.53844,
    0.53752,
    0.5375
  ],
  "Daily": [
    0
  ],
  "Weekly": [
    0
  ]
}