{
  "Fifteen_Min": [
    0,
    0.59546,
    0.59492,
    0.5948,
    0.59459,
    0.5944,
    0.59415,
    0.59418,
    0.59438,
    0.59435,
    0.5943,
    0.59457,
    0.59454,
    0.59461,
    0.59462,
    0.59468,
    0.59465,
    0.59494,
    0.59504,
    0.59517,
    0.59534,
    0.59532,
    0.5953,
    0.59539,
    0.5954,
    0.59533,
    0.59502,
    0.59516,
    0.59518,
    0.59499,
    0.59482,
    0.59498,
    0.59536,
    0.5949,
    0.59478,
    0.5951,
    0.59501,
    0.59467,
    0.59448,
    0.5946,
    0.59464,
    0.59458,
    0.59447,
    0.59484,
    0.59512,
    0.59556,
    0.59566,
    0.59557,
    0.59562,
    0.5957,
    0.59569,
    0.5956,
    0.5955,
    0.59555,
    0.59544,
    0.59553,
    0.59573,
    0.59526,
    0.59479,
    0.59411,
    0.59392,
    0.59401,
    0.59416,
    0.59455,
    0.5939,
    0.59388,
    0.59374,
    0.59404,
    0.59377,
    0.59356,
    0.59355,
    0.59358,
    0.59354,
    0.59366,
    0.59372,
    0.59367,
    0.59394,
    0.59429,
    0.5941,
    0.59434,
    0.5942,
    0.59386,
    0.59384,
    0.59376,
    0.59396,
    0.59432,
    0.59472,
    0.59469,
    0.59503,
    0.59485,
    0.59362,
    0.59382,
    0.59368,
    0.59406,
    0.59439,
    0.59428,
    0.59412,
    0.59389,
    0.59414,
    0.59408,
    0.59398,
    0.5938,
    0.59361,
    0.59425,
    0.59422,
    0.59421,
    0.59417,
    0.59445,
    0.59452,
    0.5937,
    0.5936,
    0.59378,
    0.59357,
    0.59407,
    0.59379,
    0.59391,
    0.59424,
    0.59446,
    0.59486,
    0.59508,
    0.59489,
    0.594,
    0.5945,
    0.59495,
    0.59444,
    0.59505,
    0.59477,
    0.59496,
    0.59488,
    0.59524,
    0.59565,
    0.59558,
    0.59554,
    0.59542,
    0.59549,
    0.59513,
    0.59506,
    0.59497,
    0.59543,
    0.5952,
    0.595
  ],
  "Thirty_Min": [
    0,
    0,
    0
  ],
  "One_Hour": [
    0,
    0,
    0
  ],
  "Two_Hour": [
    0,
    0,
    0
  ],
  "Four_Hour": [
    0,
    0.61379,
    0.61497,
    0.61434,
    0.61124,
    0.61205,
    0.61128,
    0.61156,
    0.61062,
    0.61038,
    0.6132,
    0.61292,
    0.6121,
    0.61308,
    0.61364,
    0.6101,
    0.61082,
    0.61276,
    0.60942,
    0.60838,
    0.61246,
    0.61227,
    0.61312,
    0.61304,
    0.61452,
    0.6148,
    0.61358,
    0.61088,
    0.6104,
    0.6105,
    0.61461,
    0.61432,
    0.6135,
    0.61294,
    0.61387,
    0.61288,
    0.61208,
    0.61002,
    0.60848,
    0.61,
    0.60648,
    0.60797,
    0.60777,
    0.6057,
    0.60872,
    0.61048,
    0.61026,
    0.60895,
    0.60908,
    0.6086,
    0.60951,
    0.60925,
    0.60756,
    0.60688,
    0.60548,
    0.60826,
    0.61093,
    0.61138,
    0.61141,
    0.61046,
    0.61096,
    0.61004,
    0.61496,
    0.61463,
    0.6137,
    0.61486,
    0.61278,
    0.61405,
    0.60783,
    0.61134,
    0.60977,
    0.60786,
    0.60825,
    0.60894,
    0.6096,
    0.60948,
    0.61176,
    0.61457,
    0.61502,
    0.61348,
    0.61226,
    0.60707,
    0.6117,
    0.61289,
    0.61476,
    0.6139,
    0.61307,
    0.61077,
    0.61166,
    0.60922,
    0.61008,
    0.61164,
    0.61431,
    0.6144,
    0.61332,
    0.615,
    0.61446,
    0.61223,
    0.61068,
    0.61086,
    0.60974,
    0.61078,
    0.6107,
    0.61024,
    0.61236,
    0.61249,
    0.6136,
    0.61352,
    0.61438,
    0.61374,
    0.61386,
    0.61359,
    0.61468,
    0.61472,
    0.61498,
    0.61422,
    0.61372,
    0.61344,
    0.61291,
    0.61293,
    0.6124,
    0.61162,
    0.61248,
    0.61362,
    0.61336,
    0.61488,
    0.61436,
    0.61286,
    0.61492,
    0.61402,
    0.61271,
    0.61127,
    0.60963,
    0.6083,
    0.60644,
    0.60627,
    0.60602,
    0.60726,
    0.6073,
    0.60596,
    0.60598,
    0.60593,
    0.60561,
    0.60551,
    0.6054,
    0.60689,
    0.60712,
    0.60624,
    0.60898,
    0.6087,
    0.60659,
    0.60592,
    0.60544,
    0.60566,
    0.60694,
    0.60742,
    0.60821,
    0.60634,
    0.60784,
    0.6078,
    0.60792,
    0.60666,
    0.60761,
    0.60807,
    0.60946,
    0.60929,
    0.60876,
    0.60952,
    0.61274,
    0.6128,
    0.61106,
    0.6123,
    0.61196,
    0.61458,
    0.61508,
    0.61426,
    0.61306,
    0.6129,
    0.61408,
    0.61174,
    0.60901,
    0.60708,
    0.60862,
    0.60739,
    0.6076,
    0.60685,
    0.60684,
    0.60704,
    0.60678,
    0.60912,
    0.60788,
    0.6106,
    0.61384,
    0.61459,
    0.61444,
    0.6133,
    0.61394,
    0.61319,
    0.61042,
    0.60933,
    0.60885,
    0.60803,
    0.60818,
    0.60699,
    0.60778,
    0.60896,
    0.60782,
    0.60983,
    0.61015,
    0.61064,
    0.61044,
    0.6079,
    0.6065,
    0.60658,
    0.60736,
    0.60564,
    0.6053,
    0.60528,
    0.60562,
    0.6058,
    0.60691,
    0.6055,
    0.60553,
    0.60601,
    0.60613,
    0.60542,
    0.60541,
    0.60546,
    0.60866,
    0.60676,
    0.60923,
    0.60859,
    0.60984,
    0.60976,
    0.60928,
    0.6103,
    0.61305,
    0.61371,
    0.6147,
    0.61222,
    0.61506,
    0.61298,
    0.61122,
    0.61112,
    0.61346,
    0.61216,
    0.61212,
    0.61184,
    0.60988,
    0.60972,
    0.61171,
    0.61215,
    0.61326,
    0.6138,
    0.61034,
    0.6116,
    0.61172,
    0.61211,
    0.60962,
    0.61142,
    0.611,
    0.61081,
    0.61005,
    0.60762,
    0.60861,
    0.609,
    0.60937,
    0.60696,
    0.61029,
    0.61032,
    0.61347,
    0.61118,
    0.61104,
    0.61242,
    0.61137,
    0.6108,
    0.61028,
    0.6098,
    0.60919,
    0.60978,
    0.61132,
    0.61058,
    0.61322,
    0.61214,
    0.61237,
    0.61258,
    0.6118,
    0.61244,
    0.61097,
    0.60936,
    0.61442,
    0.61499,
    0.60944,
    0.60604,
    0.60645,
    0.6062,
    0.60536,
    0.60662,
    0.60799,
    0.61045,
    0.61056,
    0.61126,
    0.61109,
    0.60969,
    0.61186,
    0.61428,
    0.61435,
    0.61356
  ],