{
  "Fifteen_Min": [
    0,
    0.51216,
    0.51214,
    0.51192,
    0.51166,
    0.5117,
    0.51169,
    0.51205,
    0.51184,
    0.51158,
    0.51154,
    0.51165,
    0.51152,
    0.51172,
    0.51159,
    0.51144,
    0.51126,
    0.51048,
    0.51046,
    0.51056,
    0.51045,
    0.51057,
    0.51076,
    0.51072,
    0.5109,
    0.51102,
    0.51099,
    0.51082,
    0.51071,
    0.51122,
    0.51121,
    0.5115,
    0.51132,
    0.51138,
    0.5111,
    0.51116,
    0.51063,
    0.51062,
    0.51064,
    0.51052,
    0.5105,
    0.51042,
    0.5106,
    0.51066,
    0.51077,
    0.51114,
    0.51119,
    0.51103,
    0.51059,
    0.51043,
    0.5108,
    0.51078,
    0.51074,
    0.51051,
    0.51041,
    0.51044,
    0.51054,
    0.51058,
    0.51113,
    0.51108,
    0.51117,
    0.51095,
    0.51134,
    0.51128,
    0.51136,
    0.51133
  ],
  "Thirty_Min": [
    0,
    0,
    0
  ],
  "One_Hour": [
    0,
    0,
    0
  ],
  "Two_Hour": [
    0,
    0,
    0
  ],
  "Four_Hour": [
    0
  ],
  "Daily": [
    0
  ],
  "Weekly": [
    0,
    0.53224,
    0.52452,
    0.52254,
    0.52217,
    0.52676,
    0.52538,
    0.52956,
    0.53122,
    0.52005,
    0.52437,
    0.53156,
    0.53044,
    0.53178,
    0.53107,
    0.53062,
    0.52661,
    0.5256,
    0.52036,
    0.51104,
    0.51902,
    0.52432,
    0.52844,
    0.52056,
    0.52292,
    0.5304,
    0.52852,
    0.52386,
    0.52505,
    0.518,
    0.51861,
    0.52099,
    0.52175,
    0.51238,
    0.5145,
    0.50504,
    0.508,
    0.50984,
    0.5091,
    0.51111,
    0.51356,
    0.51486
  ]
}