{
  "Fifteen_Min": [
    0,
    0.81075,
    0.81184,
    0.81171,
    0.81125,
    0.81124,
    0.81144,
    0.81114,
    0.81158,
    0.81149,
    0.81176,
    0.81182,
    0.81154,
    0.81133,
    0.8113,
    0.8117,
    0.81162,
    0.81178,
    0.81196,
    0.81164,
    0.81136,
    0.81126,
    0.81098,
    0.81085,
    0.81063,
    0.81056,
    0.81061,
    0.8101,
    0.81008,
    0.81003,
    0.81014,
    0.81016,
    0.81042,
    0.81064,
    0.81072,
    0.81078,
    0.81068,
    0.81073,
    0.81082,
    0.81092,
    0.81112,
    0.8109,
    0.81142,
    0.81147,
    0.81104,
    0.81099,
    0.81166,
    0.81134,
    0.81139,
    0.81122,
    0.8115,
    0.81177,
    0.81157,
    0.81168,
    0.81152,
    0.81132,
    0.81204,
    0.81202,
    0.812,
    0.81193,
    0.81146,
    0.81129,
    0.8114,
    0.8111,
    0.81179,
    0.81188,
    0.8119,
    0.81199,
    0.81186,
    0.8118,
    0.81173,
    0.8116,
    0.81057,
    0.81065,
    0.81108,
    0.81102,
    0.81047,
    0.8107,
    0.8108,
    0.81024,
    0.81002,
    0.81049,
    0.81074,
    0.81111,
    0.81118,
    0.81128,
    0.81153,
    0.81172,
    0.81026,
    0.81039,
    0.81038,
    0.81053,
    0.81076,
    0.81094,
    0.81115,
    0.81137,
    0.81062,
    0.8102,
    0.81018,
    0.81037,
    0.81,
    0.81097,
    0.81141,
    0.81127,
    0.81123,
    0.811,
    0.81093,
    0.81058,
    0.81066,
    0.81035,
    0.81028,
    0.81069,
    0.8106,
    0.81054,
    0.81048,
    0.81036,
    0.81034,
    0.81007,
    0.81091,
    0.81081,
    0.81106,
    0.81156,
    0.81169,
    0.81198,
    0.81105,
    0.81119,
    0.81138,
    0.81175,
    0.81143,
    0.81195,
    0.81135,
    0.81197
  ],
  "Thirty_Min": [
    0,
    0,
    0
  ],
  "One_Hour": [
    0,
    0,
    0
  ],
  "Two_Hour": [
    0,
    0,
    0
  ],
  "Four_Hour": [
    0,
    0.81206,
    0.81404,
    0.81414,
    0.8116,
    0.81372,
    0.81135,
    0.81157,
    0.81174,
    0.81079,
    0.8117,
    0.81153,
    0.81196,
    0.81158,
    0.8128,
    0.81321,
    0.81253,
    0.81415,
    0.8141,
    0.81322,
    0.81384,
    0.81254,
    0.81309,
    0.81238,
    0.8126,
    0.81283,
    0.81371,
    0.81246,
    0.80972,
    0.80834,
    0.80824,
    0.80864,
    0.80811,
    0.809,
    0.8079,
    0.80792,
    0.80818,
    0.80821,
    0.8081,
    0.80789,
    0.80796,
    0.80929,
    0.81096,
    0.81046,
    0.81326,
    0.81334,
    0.81314,
    0.81296,
    0.81328,
    0.8124,
    0.81026,
    0.80982,
    0.8084,
    0.80928,
    0.81008,
    0.80844,
    0.8118,
    0.81276,
    0.8138,
    0.81127,
    0.81128,
    0.81094,
    0.80952,
    0.80852,
    0.8086,
    0.80791,
    0.80878,
    0.80906,
    0.81001,
    0.81047,
    0.81018,
    0.80999,
    0.81052,
    0.81216,
    0.81411,
    0.81368,
    0.81394,
    0.81331,
    0.81342,
    0.81272,
    0.81354,
    0.81269,
    0.81243,
    0.81182,
    0.81124,
    0.81126,
    0.81066,
    0.81376,
    0.81343,
    0.81133,
    0.81057,
    0.8097,
    0.80876,
    0.80888,
    0.80924,
    0.80992,
    0.81015,
    0.81006,
    0.80917,
    0.8094,
    0.80802,
    0.80784,
    0.80822,
    0.80914,
    0.81002,
    0.8101,
    0.80956,
    0.81234,
    0.81282,
    0.81412,
    0.81241,
    0.8137,
    0.8132,
    0.8134,
    0.81265,
    0.81228,
    0.81062,
    0.80964,
    0.81151,
    0.81092,
    0.81058,
    0.80979,
    0.8106,
    0.81164,
    0.81244,
    0.81222,
    0.81281,
    0.81313,
    0.81348,
    0.81356,
    0.81279,
    0.81324,
    0.81214,
    0.81286,
    0.81232,
    0.81184,
    0.81231,
    0.81387,
    0.814,
    0.81258,
    0.81224,
    0.8112,
    0.81081,
    0.8111,
    0.81122,
    0.81167,
    0.81188,
    0.81304,
    0.81396,
    0.8135,
    0.81374,
    0.81388,
    0.81197,
    0.8115,
    0.81208,
    0.81266,
    0.81102,
    0.81072,
    0.81082,
    0.81166,
    0.81262,
    0.81172,
    0.81161,
    0.81121,
    0.81218,
    0.81038,
    0.81004,
    0.81113,
    0.81054,
    0.81091,
    0.80959,
    0.81358,
    0.81263,
    0.8102,
    0.80958,
    0.8091,
    0.80787,
    0.80915,
    0.81056,
    0.80922,
    0.81013,
    0.81034,
    0.8095,
    0.81212,
    0.80993,
    0.80971,
    0.8082,
    0.8087,
    0.80976,
    0.81007,
    0.81114,
    0.81067,
    0.81382,
    0.81392,
    0.81162,
    0.80986,
    0.8088,
    0.80938,
    0.80948,
    0.8109,
    0.81335,
    0.81378,
    0.81129,
    0.8119,
    0.81065,
    0.80942,
    0.81053,
    0.80812,
    0.80855,
    0.80794,
    0.80836,
    0.8125,
    0.81264,
    0.81352,
    0.81363,
    0.81084,
    0.81029,
    0.80936,
    0.80901,
    0.80978,
    0.81169,
    0.81134,
    0.81152,
    0.81236,
    0.81408
  ],
  "Daily": [
    0,
    0.8332,
    0.83466,
    0.833,
    0.83394,
    0.83696,
    0.83732,
    0.83534,
    0.83584,
    0.8373,
    0.83344,
    0.83632,
    0.83574,
    0.83032,
    0.83046,
    0.83459,
    0.83192,
    0.83498,
    0.83416,
    0.82933,
    0.82554,
    0.83554,
    0.83676,
    0.8336,
    0.83088,
    0.8305,
    0.83378,
    0.83636,
    0.83433,
    0.82912,
    0.82901,
    0.83179,
    0.83706,
    0.8367,
    0.83424,
    0.8324,
    0.82346,
    0.81822,
    0.82934,
    0.83038,
    0.83578,
    0.83637,
    0.8323,
    0.83746,
    0.83724,
    0.83589,
    0.83572,
    0.8309,
    0.82877,
    0.8262,
    0.81891,
    0.82482,
    0.82249,
    0.8196,
    0.81792,
    0.81848,
    0.82262,
    0.82588,
    0.82819,
    0.83048,
    0.82764,
    0.83003,
    0.82435,
    0.82062,
    0.81912,
    0.81639,
    0.82248,
    0.82203,
    0.81818,
    0.82081,
    0.82122,
    0.81747,
    0.81972,
    0.81674,
    0.82069,
    0.82279,
    0.83418,
    0.83566,
    0.83625,
    0.83198,
    0.83715,
    0.8338,
    0.83543,
    0.82952,
    0.82787,
    0.8312,
    0.8325,
    0.83116,
    0.83509,
    0.83408,
    0.83568,
    0.83103,
    0.82716,
    0.82381,
    0.82288,
    0.8219,
    0.81744,
    0.81652,
    0.81597,
    0.81776,
    0.81847,
    0.81878,
    0.82426,
    0.82342,
    0.81926,
    0.8163,
    0.81654,
    0.8187,
    0.82064,
    0.82302,
    0.82454,
    0.82467,
    0.81998,
    0.83028,
    0.83486,
    0.82595,
    0.82444,
    0.82114,
    0.81694,
    0.81947,
    0.81764,
    0.81673,
    0.81591,
    0.81754,
    0.81836,
    0.81856,
    0.81841,
    0.81702,
    0.81712,
    0.8226,
    0.82144,
    0.82216,
    0.82832,
    0.82428,
    0.82842,
    0.8304,
    0.83035,
    0.83303,
    0.83668,
    0.83434,
    0.83462,
    0.83326,
    0.83461,
    0.83158,
    0.831,
    0.83366,
    0.8319,
    0.83044,
    0.8352,
    0.83601,
    0.83556,
    0.83581,
    0.83482,
    0.8371,
    0.83266,
    0.8342,
    0.83229,
    0.83439,
    0.83488,
    0.83252,
    0.82834,
    0.82584,
    0.82474,
    0.82082,
    0.81904,
    0.81566,
    0.81561,
    0.81557,
    0.81543
  ],
  "Weekly": [
    0
  ]
}