{
  "Fifteen_Min": [
    0,
    0.59546,
    0.59492,
    0.5948,
    0.59459,
    0.5944,
    0.59415,
    0.59418,
    0.59438,
    0.59435,
    0.5943,
    0.59457,
    0.59454,
    0.59461,
    0.59462,
    0.59468,
    0.59465,
    0.59494,
    0.59504,
    0.59517,
    0.59534,
    0.59532,
    0.5953,
    0.59539,
    0.5954,
    0.59533,
    0.59502,
    0.59516,
    0.59518,
    0.59499,
    0.59482,
    0.59498,
    0.59536,
    0.5949,
    0.59478,
    0.5951,
    0.59501,
    0.59467,
    0.59448,
    0.5946,
    0.59464,
    0.59458,
    0.59447,
    0.59484,
    0.59512,
    0.59556,
    0.59566,
    0.59557,
    0.59562,
    0.5957,
    0.59569,
    0.5956,
    0.5955,
    0.59555,
    0.59544,
    0.59553,
    0.59573,
    0.59526,
    0.59479,
    0.59411,
    0.59392,
    0.59401,
    0.59416,
    0.59455,
    0.5939,
    0.59388,
    0.59374,
    0.59404,
    0.59377,
    0.59356,
    0.59355,
    0.59358,
    0.59354,
    0.59366,
    0.59372,
    0.59367,
    0.59394,
    0.59429,
    0.5941,
    0.59434,
    0.5942,
    0.59386,
    0.59384,
    0.59376,
    0.59396,
    0.59432,
    0.59472,
    0.59469,
    0.59503,
    0.59485,
    0.59362,
    0.59382,
    0.59368,
    0.59406,
    0.59439,
    0.59428,
    0.59412,
    0.59389,
    0.59414,
    0.59408,
    0.59398,
    0.5938,
    0.59361,
    0.59425,
    0.59422,
    0.59421,
    0.59417,
    0.59445,
    0.59452,
    0.5937,
    0.5936,
    0.59378,
    0.59357,
    0.59407,
    0.59379,
    0.59391,
    0.59424,
    0.59446,
    0.59486,
    0.59508,
    0.59489,
    0.594,
    0.5945,
    0.59495,
    0.59444,
    0.59505,
    0.59477,
    0.59496,
    0.59488,
    0.59524,
    0.59565,
    0.59558,
    0.59554,
    0.59542,
    0.59549,
    0.59513,
    0.59506,
    0.59497,
    0.59543,
    0.5952,
    0.595
  ],
  "Thirty_Min": [
    0,
    0,
    0
  ],
  "One_Hour": [
    0,
    0,
    0
  ],
  "Two_Hour": [
    0,
    0,
    0
  ],
  "Four_Hour": [
    0
  ],
  "Daily": [
    0,
    0.62601,
    0.626,
    0.62698,
    0.62638,
    0.62441,
    0.62694,
    0.62484,
    0.62624,
    0.62708,
    0.62692,
    0.60892,
    0.60784,
    0.60448,
    0.59609,
    0.60164,
    0.59616,
    0.59764,
    0.60124,
    0.6085,
    0.60814,
    0.60876,
    0.59924,
    0.59664,
    0.60326,
    0.59682,
    0.59534,
    0.6008,
    0.60162,
    0.60474,
    0.60564,
    0.61271,
    0.6061,
    0.60516,
    0.60542,
    0.60114,
    0.60872,
    0.60774,
    0.59968,
    0.59996,
    0.60401,
    0.6077,
    0.61214,
    0.60982,
    0.61025,
    0.61992,
    0.61888,
    0.62105,
    0.62052,
    0.62313,
    0.62164,
    0.6238,
    0.62216,
    0.62062,
    0.62098,
    0.61692,
    0.61497,
    0.61775,
    0.61128,
    0.61292,
    0.61308,
    0.61246,
    0.61593,
    0.61536,
    0.62246,
    0.623,
    0.62541,
    0.62526,
    0.62632,
    0.62316,
    0.62648,
    0.62548,
    0.62423,
    0.62574,
    0.61738,
    0.61704,
    0.62128,
    0.61887,
    0.61358,
    0.61542,
    0.61294,
    0.61208,
    0.60797,
    0.61122,
    0.60951,
    0.60404,
    0.60748,
    0.60548,
    0.61046,
    0.59999,
    0.60044,
    0.59921,
    0.59595,
    0.59596,
    0.60277,
    0.61196,
    0.6096,
    0.61502,
    0.61289,
    0.61008,
    0.61532,
    0.62467,
    0.62494,
    0.61655,
    0.62017,
    0.6249,
    0.62502,
    0.62274,
    0.62572,
    0.62428,
    0.62134,
    0.62194,
    0.61644,
    0.61668,
    0.6185,
    0.62192,
    0.62231,
    0.61966,
    0.61068,
    0.6107,
    0.61004,
    0.6135,
    0.622,
    0.61881,
    0.61952,
    0.62458,
    0.61942,
    0.62205,
    0.62016,
    0.61964,
    0.62532,
    0.62252,
    0.62636,
    0.62552,
    0.62446,
    0.6253,
    0.62199,
    0.61927,
    0.62152,
    0.62092,
    0.61812,
    0.62084,
    0.61995,
    0.61772,
    0.61386,
    0.6167,
    0.61372,
    0.61162,
    0.61488,
    0.6182,
    0.61675,
    0.62074,
    0.62298,
    0.61903,
    0.62386,
    0.62312,
    0.6248,
    0.62256,
    0.61127,
    0.60627,
    0.60551,
    0.60437,
    0.60215,
    0.60592,
    0.60694,
    0.60374,
    0.6095,
    0.61299,
    0.6123,
    0.61498,
    0.62064,
    0.62348,
    0.6201,
    0.61676,
    0.61776,
    0.6144,
    0.61634,
    0.61624,
    0.60739,
    0.60704,
    0.61384,
    0.6152,
    0.61782,
    0.6157,
    0.6198,
    0.62721,
    0.62342,
    0.62037,
    0.62106,
    0.61827,
    0.6156,
    0.61499,
    0.60803,
    0.6078,
    0.60983,
    0.60658,
    0.60528,
    0.59848,
    0.59754,
    0.595,
    0.59568,
    0.59604,
    0.59624,
    0.59658,
    0.599,
    0.60236,
    0.60204,
    0.5964,
    0.60085,
    0.5971,
    0.59912,
    0.60369,
    0.60488,
    0.60219,
    0.60492,
    0.60866,
    0.60984,
    0.61374,
    0.61547,
    0.61222,
    0.61226,
    0.61333,
    0.61744,
    0.62088,
    0.6212,
    0.62712,
    0.62483,
    0.62508,
    0.62465,
    0.62347,
    0.62444,
    0.62396,
    0.62281,
    0.62336,
    0.62006,
    0.6138,
    0.6116,
    0.61156,
    0.60762,
    0.59472,
    0.62812,
    0.62925,
    0.62937,
    0.62756,
    0.63006,
    0.62942,
    0.62951,
    0.62986,
    0.62891,
    0.62976,
    0.6291,
    0.62988,
    0.62946,
    0.62913,
    0.62908,
    0.62758,
    0.62992,
    0.63007,
    0.62936,
    0.6295,
    0.6289,
    0.62864,
    0.62881,
    0.6276,
    0.62926,
    0.62904,
    0.62739,
    0.62852,
    0.62879,
    0.6281,
    0.62966,
    0.62843,
    0.62751,
    0.63056,
    0.63062,
    0.62816,
    0.62968,
    0.62811,
    0.62947,
    0.62746,
    0.62978,
    0.63055,
    0.61024,
    0.61112,
    0.60919,
    0.61322,
    0.61361,
    0.6118,
    0.60645,
    0.60546,
    0.60972,
    0.61126
  ],
  "Weekly": [
    0,
    0.5502,
    0.5448,
    0.5497,
    0.5528,
    0.5581,
    0.5596,
    0.5515,
    0.5501,
    0.5508,
    0.5407,
    0.5458,
    0.5566,
    0.5548,
    0.5641,
    0.5762,
    0.5776,
    0.5768,
    0.5731,
    0.5783,
    0.5769,
    0.5563,
    0.5538,
    0.54901,
    0.54753,
    0.57465,
    0.5756,
    0.54678,
    0.55872,
    0.56986,
    0.56784,
    0.57243,
    0.56947,
    0.56979,
    0.57444,
    0.5598,
    0.5607,
    0.55781,
    0.57605,
    0.5761,
    0.56542,
    0.56324,
    0.56126,
    0.55567,
    0.55831,
    0.56378,
    0.56596,
    0.57308
  ]
}