{
  "Fifteen_Min": [
    0,
    0.55453,
    0.55473,
    0.55459,
    0.55468,
    0.55456,
    0.5547,
    0.55463,
    0.5548,
    0.555,
    0.55505,
    0.55488,
    0.55502,
    0.55471,
    0.55466,
    0.55436,
    0.55437,
    0.55434,
    0.55441,
    0.5545,
    0.55448,
    0.55474,
    0.55498,
    0.55486,
    0.55484,
    0.5553,
    0.55515,
    0.55506,
    0.55494,
    0.5551,
    0.55522,
    0.55524,
    0.55508,
    0.55536,
    0.55546,
    0.55543,
    0.55559,
    0.55588,
    0.55605,
    0.55585,
    0.55618,
    0.5562,
    0.55619,
    0.55624,
    0.55653,
    0.5565,
    0.55646,
    0.55656,
    0.5568,
    0.55687,
    0.55672,
    0.55696,
    0.55695,
    0.55702,
    0.55706,
    0.55708,
    0.55722,
    0.55705,
    0.55711,
    0.55692,
    0.55713,
    0.55726,
    0.55694,
    0.5571,
    0.55686,
    0.55643,
    0.55684,
    0.55675,
    0.55674,
    0.55614,
    0.55616,
    0.55628,
    0.55648,
    0.55598
  ],
  "Thirty_Min": [
    0,
    0,
    0
  ],
  "One_Hour": [
    0,
    0,
    0
  ],
  "Two_Hour": [
    0,
    0,
    0
  ],
  "Four_Hour": [
    0,
    0.5047,
    0.50372,
    0.50576,
    0.50617,
    0.50764,
    0.50666,
    0.50444,
    0.50684,
    0.50638,
    0.50612,
    0.50601,
    0.50707,
    0.50721,
    0.5061,
    0.50559,
    0.50498,
    0.5046,
    0.50414,
    0.50504,
    0.5051,
    0.50572,
    0.50662,
    0.50566,
    0.50734,
    0.50706,
    0.5074,
    0.50776,
    0.50699,
    0.50722,
    0.50613,
    0.50556,
    0.5055,
    0.50552,
    0.5076,
    0.50748,
    0.50768,
    0.5072
  ],
  "Daily": [
    0
  ],
  "Weekly": [
    0
  ]
}