{
  "Fifteen_Min": [
    0
  ],
  "Thirty_Min": [
    0,
    0,
    0
  ],
  "One_Hour": [
    0,
    0,
    0
  ],
  "Two_Hour": [
    0,
    0,
    0
  ],
  "Four_Hour": [
    0,
    0.18842,
    0.19114,
    0.19462,
    0.19342,
    0.19396,
    0.19472,
    0.19562,
    0.19668,
    0.19862,
    0.1997,
    0.20042,
    0.19982,
    0.20142,
    0.2003,
    0.20144,
    0.19944,
    0.19924,
    0.19794,
    0.19898,
    0.19754,
    0.19464,
    0.19604,
    0.19506,
    0.19608,
    0.19526,
    0.19596,
    0.1943,
    0.19666,
    0.19616,
    0.19678,
    0.19674,
    0.19896,
    0.20056,
    0.20034,
    0.19834,
    0.19966,
    0.19928,
    0.19686,
    0.1963,
    0.19768,
    0.19698,
    0.19578,
    0.19552,
    0.19522,
    0.19438,
    0.1948,
    0.19486,
    0.19456,
    0.19132,
    0.19184,
    0.19126,
    0.1896,
    0.18832,
    0.1901,
    0.1895,
    0.19146,
    0.19394,
    0.19458,
    0.19518,
    0.19424,
    0.1935,
    0.19214,
    0.19118,
    0.18966,
    0.18918,
    0.1893,
    0.19023,
    0.1906,
    0.19428,
    0.1947,
    0.19442,
    0.19242,
    0.19264,
    0.18996,
    0.18932,
    0.18936,
    0.19014,
    0.19166,
    0.19051,
    0.19098,
    0.18968,
    0.1955,
    0.1938,
    0.1941,
    0.19402,
    0.19122,
    0.19046,
    0.19068,
    0.19204,
    0.19188,
    0.19104,
    0.1912,
    0.19286,
    0.193,
    0.19216,
    0.19322,
    0.19372,
    0.1965,
    0.19724,
    0.19688,
    0.19708,
    0.19474,
    0.19316,
    0.19432,
    0.19376,
    0.19078,
    0.18994,
    0.1911,
    0.19187,
    0.18948,
    0.18854,
    0.18914,
    0.19116,
    0.19144,
    0.19196,
    0.19176,
    0.19088,
    0.19142,
    0.18984,
    0.18862,
    0.18892,
    0.18944,
    0.19212,
    0.19408,
    0.194,
    0.19418,
    0.1918,
    0.19186,
    0.19276,
    0.19544,
    0.19574,
    0.19536,
    0.19566,
    0.19266,
    0.19308,
    0.19504,
    0.19534,
    0.19644,
    0.19786,
    0.20016,
    0.20048,
    0.19662,
    0.19682,
    0.19576,
    0.19344,
    0.19324,
    0.1927,
    0.19538,
    0.19548,
    0.1951,
    0.19106,
    0.1899,
    0.1909,
    0.18986,
    0.19026,
    0.19306,
    0.19388,
    0.19222,
    0.19364,
    0.19288,
    0.19334,
    0.19356,
    0.19318,
    0.1937,
    0.19292,
    0.19108,
    0.1908,
    0.18924,
    0.18882,
    0.18814,
    0.18868,
    0.18928,
    0.1884,
    0.18926,
    0.18828,
    0.1889,
    0.18806,
    0.1898,
    0.18902,
    0.19278,
    0.1972,
    0.19588,
    0.1971,
    0.19352,
    0.19422,
    0.1939,
    0.19382,
    0.19102,
    0.1903,
    0.19044,
    0.1883,
    0.19028,
    0.19016,
    0.1887,
    0.1894,
    0.19224,
    0.19488,
    0.19366,
    0.19454,
    0.19642,
    0.19484,
    0.19748,
    0.19818,
    0.19792,
    0.19254,
    0.19452,
    0.19572,
    0.19564,
    0.19528,
    0.19822,
    0.1978,
    0.19864,
    0.1983,
    0.19776,
    0.19812,
    0.19882,
    0.20032,
    0.20068,
    0.20008,
    0.19826,
    0.19744,
    0.19732,
    0.19782,
    0.1975,
    0.19628,
    0.19346,
    0.19158,
    0.19036,
    0.19074,
    0.18972,
    0.191,
    0.18908,
    0.19362,
    0.1933,
    0.19298,
    0.1897,
    0.18876,
    0.18894,
    0.18852,
    0.18822,
    0.188,
    0.19802,
    0.1973,
    0.199,
    0.20112,
    0.19938,
    0.19696,
    0.19624,
    0.20074,
    0.19894,
    0.19858,
    0.19892,
    0.19756,
    0.19478,
    0.19618,
    0.1959,
    0.19494,
    0.1944,
    0.19368,
    0.19702,
    0.19632,
    0.18998,
    0.19094,
    0.1926,
    0.18992,
    0.18888,
    0.18808,
    0.18872,
    0.19004,
    0.18896,
    0.19096,
    0.18962,
    0.19154,
    0.19434,
    0.19328,
    0.19351,
    0.19136,
    0.19258,
    0.19492,
    0.19238,
    0.19476,
    0.19554,
    0.19512,
    0.19374,
    0.19404,
    0.19198,
    0.19062,
    0.1902,
    0.18934,
    0.18976,
    0.18874,
    0.19008,
    0.19244,
    0.19262,
    0.19384,
    0.196,
    0.1979,
    0.19872,
    0.1994,
    0.20116,
    0.20066,
    0.19788,
    0.19784,
    0.19594,
    0.19614,
    0.20084,
    0.19974,
    0.19922,
    0.19948,
    0.19946,
    0.20022,
    0.19978,
    0.19936,
    0.19832,
    0.19828,
    0.1992,
    0.201,
    0.20128,
    0.20122,
    0.20026,
    0.2002,
    0.19906,
    0.1984,
    0.19706,
    0.1958,
    0.19234,
    0.1929,
    0.19762,
    0.19852,
    0.2006,
    0.19842,
    0.19796,
    0.19972,
    0.2009,
    0.20062,
    0.19956,
    0.19916,
    0.1976,
    0.1991,
    0.19874,
    0.1993,
    0.20046,
    0.20106,
    0.2004,
    0.1962,
    0.19718,
    0.19934,
    0.19838,
    0.1996,
    0.19942,
    0.2,
    0.20018,
    0.20014,
    0.19992,
    0.19962,
    0.19498,
    0.19636
  ],