{
  "Fifteen_Min": [
    0,
    0,
    0
  ],
  "Thirty_Min": [
    0,
    0,
    0
  ],
  "One_Hour": [
    0,
    0,
    0
  ],
  "Two_Hour": [
    0,
    0,
    0
  ],
  "Four_Hour": [
    0,
    0.18508,
    0.18588,
    0.18526,
    0.18626,
    0.1862,
    0.1863,
    0.18504,
    0.18522,
    0.18492,
    0.18842,
    0.19114,
    0.19462,
    0.19342,
    0.19396,
    0.19472,
    0.19562,
    0.19464,
    0.19604,
    0.19506,
    0.19608,
    0.19526,
    0.19596,
    0.1943,
    0.19616,
    0.1963,
    0.19578,
    0.19552,
    0.19522,
    0.19438,
    0.1948,
    0.19486,
    0.19456,
    0.19132,
    0.19184,
    0.19126,
    0.1896,
    0.18832,
    0.18594,
    0.18784,
    0.1901,
    0.1895,
    0.19146,
    0.19394,
    0.19458,
    0.19518,
    0.19424,
    0.1935,
    0.19214,
    0.19118,
    0.18966,
    0.18918,
    0.1893,
    0.19023,
    0.1906,
    0.19428,
    0.1947,
    0.19442,
    0.19242,
    0.19264,
    0.18996,
    0.18932,
    0.18936,
    0.19014,
    0.19166,
    0.19051,
    0.19098,
    0.18968,
    0.1955,
    0.1938,
    0.1941,
    0.19402,
    0.19122,
    0.19046,
    0.19068,
    0.19204,
    0.19188,
    0.19104,
    0.1912,
    0.19286,
    0.193,
    0.19216,
    0.19322,
    0.19372,
    0.19474,
    0.19316,
    0.19432,
    0.19376,
    0.19078,
    0.18994,
    0.1911,
    0.19187,
    0.18948,
    0.18718,
    0.18684,
    0.18552,
    0.18486,
    0.18546,
    0.18502,
    0.18542,
    0.18854,
    0.18914,
    0.19116,
    0.19144,
    0.19196,
    0.19176,
    0.19088,
    0.19142,
    0.18746,
    0.18766,
    0.18788,
    0.18984,
    0.18862,
    0.18892,
    0.18944,
    0.19212,
    0.19408,
    0.194,
    0.19418,
    0.1918,
    0.19186,
    0.19276,
    0.19544,
    0.19574,
    0.19536,
    0.19566,
    0.19266,
    0.19308,
    0.19504,
    0.19534,
    0.19576,
    0.19344,
    0.19324,
    0.1927,
    0.19538,
    0.19548,
    0.1951,
    0.19106,
    0.1899,
    0.1909,
    0.1874,
    0.18584,
    0.18658,
    0.18796,
    0.18986,
    0.19026,
    0.19306,
    0.19388,
    0.19222,
    0.19364,
    0.19288,
    0.19334,
    0.19356,
    0.19318,
    0.1937,
    0.19292,
    0.19108,
    0.1908,
    0.18924,
    0.18882,
    0.18744,
    0.18814,
    0.1851,
    0.18632,
    0.18648,
    0.18868,
    0.18928,
    0.1884,
    0.18926,
    0.18742,
    0.18736,
    0.187,
    0.18572,
    0.18524,
    0.18606,
    0.18558,
    0.1853,
    0.18828,
    0.1876,
    0.18724,
    0.18726,
    0.18538,
    0.18582,
    0.18602,
    0.18566,
    0.1856,
    0.18496,
    0.18628,
    0.1889,
    0.18806,
    0.1898,
    0.18902,
    0.19278,
    0.19588,
    0.19352,
    0.19422,
    0.1939,
    0.19382,
    0.19102,
    0.1903,
    0.19044,
    0.1883,
    0.19028,
    0.19016,
    0.1887,
    0.1894,
    0.19224,
    0.19488,
    0.19366,
    0.19454,
    0.19642,
    0.19484,
    0.19254,
    0.19452,
    0.19572,
    0.19564,
    0.19528,
    0.19628,
    0.19346,
    0.19158,
    0.19036,
    0.19074,
    0.18972,
    0.191,
    0.18908,
    0.19362,
    0.1933,
    0.19298,
    0.1897,
    0.18876,
    0.18786,
    0.18894,
    0.18734,
    0.18852,
    0.18822,
    0.188,
    0.18732,
    0.1878,
    0.1865,
    0.18708,
    0.18716,
    0.19624,
    0.19478,
    0.19618,
    0.1959,
    0.19494,
    0.1944,
    0.19368,
    0.19632,
    0.18998,
    0.19094,
    0.1926,
    0.18992,
    0.18888,
    0.18752,
    0.18714,
    0.18694,
    0.18636,
    0.18596,
    0.18528,
    0.1854,
    0.18738,
    0.1857,
    0.18624,
    0.18646,
    0.18808,
    0.18872,
    0.18792,
    0.18614,
    0.18764,
    0.19004,
    0.18896,
    0.19096,
    0.18962,
    0.18794,
    0.18704,
    0.18576,
    0.18568,
    0.1852,
    0.18488,
    0.18586,
    0.18678,
    0.18654,
    0.19154,
    0.19434,
    0.19328,
    0.19351,
    0.19136,
    0.19258,
    0.19492,
    0.19238,
    0.19476,
    0.19554,
    0.19512,
    0.19374,
    0.19404,
    0.19198,
    0.19062,
    0.1902,
    0.18934,
    0.18692,
    0.18722,
    0.18698,
    0.18562,
    0.18976
  ],
  "Daily": [
    0,
    0.18995,
    0.18955,
    0.18949,
    0.18884,
    0.18752,
    0.18815,
    0.19168,
    0.19234,
    0.18846,
    0.18673,
    0.18416,
    0.18603,
    0.18754,
    0.18675,
    0.18513,
    0.18328,
    0.18233,
    0.18282,
    0.18014,
    0.18379,
    0.18224,
    0.18215,
    0.18512,
    0.18604,
    0.1847,
    0.18156,
    0.18072,
    0.18077,
    0.18192,
    0.17942,
    0.17946,
    0.18161,
    0.18335,
    0.18158,
    0.18283,
    0.18286,
    0.18289,
    0.18123,
    0.18293,
    0.18391,
    0.18407,
    0.18945,
    0.1899,
    0.18971,
    0.19019,
    0.18483,
    0.18389,
    0.1833,
    0.18092,
    0.17957,
    0.18071,
    0.17863,
    0.17929,
    0.17934,
    0.18012,
    0.18054,
    0.1805,
    0.18154,
    0.1818,
    0.18125,
    0.18294,
    0.18443,
    0.1829,
    0.18557,
    0.18551,
    0.19023,
    0.19004,
    0.18825,
    0.18599,
    0.18538,
    0.18101,
    0.18001,
    0.1795,
    0.17881,
    0.18064,
    0.18033,
    0.17994,
    0.18625,
    0.18612,
    0.18885,
    0.19134,
    0.1897,
    0.1911,
    0.18986,
    0.1923,
    0.19252,
    0.19164,
    0.18958,
    0.18711,
    0.18872,
    0.18659,
    0.18974,
    0.19113,
    0.18982,
    0.18708,
    0.1926,
    0.19045,
    0.18983,
    0.18427,
    0.18362,
    0.18097,
    0.1806,
    0.18006,
    0.17978,
    0.18876,
    0.19166,
    0.19228,
    0.1842,
    0.1848,
    0.18058,
    0.1826,
    0.18174,
    0.18244,
    0.18292,
    0.17858,
    0.17966,
    0.17882,
    0.17902,
    0.181,
    0.18598,
    0.18358,
    0.18322,
    0.17896,
    0.1798,
    0.18008,
    0.17922,
    0.1862,
    0.1863,
    0.18492,
    0.19184,
    0.18832,
    0.1901,
    0.1895,
    0.19118,
    0.1893,
    0.1906,
    0.19264,
    0.18996,
    0.192,
    0.19051,
    0.19046,
    0.19204,
    0.1912,
    0.19216,
    0.19242,
    0.18994,
    0.19187,
    0.18718,
    0.1838,
    0.18444,
    0.18432,
    0.18502,
    0.18854,
    0.19068,
    0.19088,
    0.18746,
    0.18984,
    0.18892,
    0.19186,
    0.19266,
    0.18788,
    0.18194,
    0.18226,
    0.1828,
    0.18412,
    0.18796,
    0.1909,
    0.18924,
    0.18814,
    0.18304,
    0.18452,
    0.18928,
    0.18926,
    0.18742,
    0.1879,
    0.18524,
    0.18558,
    0.1853,
    0.18486,
    0.18118,
    0.1802,
    0.17866,
    0.1792,
    0.17928,
    0.1813,
    0.18454,
    0.1876,
    0.18724,
    0.18648,
    0.18602,
    0.18284,
    0.18098,
    0.1819,
    0.17884,
    0.17998,
    0.182,
    0.18112,
    0.17992,
    0.1812,
    0.18036,
    0.18268,
    0.1824,
    0.18022,
    0.18628,
    0.1898,
    0.1903,
    0.1883,
    0.19016,
    0.19224,
    0.19036,
    0.19074,
    0.18786,
    0.18734,
    0.18948,
    0.18732,
    0.1865,
    0.18658,
    0.18716,
    0.18998,
    0.18888,
    0.18714,
    0.18744,
    0.18378,
    0.1854,
    0.1857,
    0.18348,
    0.18162,
    0.18128,
    0.18356,
    0.18344,
    0.17944,
    0.1788,
    0.18424,
    0.18792,
    0.18614,
    0.19028,
    0.18784,
    0.18576,
    0.18248,
    0.1787,
    0.18406,
    0.1799,
    0.17874,
    0.17986,
    0.18366,
    0.18088,
    0.17982,
    0.17876,
    0.18196,
    0.1837,
    0.18278,
    0.17892,
    0.18152,
    0.18222,
    0.1827,
    0.18346,
    0.1836,
    0.1845,
    0.18388,
    0.18144,
    0.18586,
    0.18654,
    0.19096,
    0.19268,
    0.19062,
    0.1902,
    0.18736,
    0.18722,
    0.18468,
    0.18308
  ],