{
  "Fifteen_Min": [
    0,
    7.77957,
    7.77928,
    7.77931,
    7.77934,
    7.77958,
    7.77908,
    7.77889,
    7.77894,
    7.77896,
    7.77912,
    7.77831,
    7.77904,
    7.77935,
    7.77939,
    7.77909,
    7.77885,
    7.77851,
    7.7786,
    7.77806,
    7.77732,
    7.77705,
    7.77706,
    7.77716,
    7.7772,
    7.77718,
    7.7771,
    7.77708,
    7.77698,
    7.777,
    7.77728,
    7.77738,
    7.77711,
    7.77729,
    7.77734,
    7.77749,
    7.77742,
    7.77762,
    7.77772,
    7.7777,
    7.77769,
    7.77764,
    7.7775,
    7.77743,
    7.77752,
    7.77767,
    7.77774,
    7.7776,
    7.77754,
    7.77746,
    7.77724,
    7.77793,
    7.77782,
    7.77759,
    7.77712,
    7.7779,
    7.77834,
    7.77898,
    7.7793,
    7.77873,
    7.77901,
    7.77902,
    7.7792,
    7.77922,
    7.7778,
    7.77824,
    7.77828,
    7.77848,
    7.77826,
    7.7782,
    7.77837,
    7.77859,
    7.77861,
    7.7785,
    7.77876,
    7.77853,
    7.77832,
    7.77768,
    7.77761,
    7.7774,
    7.77744,
    7.77702,
    7.77694,
    7.77714,
    7.77723,
    7.7773,
    7.77725,
    7.77722,
    7.77758,
    7.77745,
    7.77719,
    7.77747,
    7.77765
  ],
  "Thirty_Min": [
    0,
    0,
    0
  ],
  "One_Hour": [
    0,
    0,
    0
  ],
  "Two_Hour": [
    0,
    0,
    0
  ],
  "Four_Hour": [
    0
  ],
  "Daily": [
    0,
    7.81802,
    7.81746,
    7.81199,
    7.81271,
    7.81322,
    7.81672,
    7.81716,
    7.81925,
    7.81974,
    7.81508,
    7.81776,
    7.81904,
    7.8213,
    7.8217,
    7.81815,
    7.81326,
    7.81324,
    7.81276,
    7.81314,
    7.8167,
    7.81174,
    7.81222,
    7.81191,
    7.81192,
    7.81336,
    7.81562,
    7.81592,
    7.81853,
    7.8178,
    7.81421,
    7.81491,
    7.81662,
    7.8168,
    7.81871,
    7.82094,
    7.82084,
    7.81828,
    7.81698,
    7.81648,
    7.81836,
    7.81834,
    7.81753,
    7.81768,
    7.81748,
    7.8207,
    7.8196,
    7.82031,
    7.8186,
    7.81796,
    7.81935,
    7.82023,
    7.82108,
    7.81257,
    7.81323,
    7.81582,
    7.81706,
    7.82152,
    7.81551,
    7.81287,
    7.81581,
    7.81557,
    7.81584,
    7.81308,
    7.8129,
    7.81334,
    7.81286,
    7.81912,
    7.8137,
    7.81431,
    7.81414,
    7.81213,
    7.8133,
    7.81858,
    7.8174,
    7.81452,
    7.81636,
    7.8147,
    7.81885,
    7.82138,
    7.82148,
    7.81888,
    7.82028,
    7.81532,
    7.81272,
    7.81621,
    7.81386,
    7.8193,
    7.81851,
    7.81948,
    7.81973,
    7.81892,
    7.81958,
    7.82165,
    7.81704,
    7.81376,
    7.81328,
    7.8172,
    7.81653,
    7.82118,
    7.81956,
    7.81659,
    7.81396,
    7.81425,
    7.81407,
    7.81269,
    7.81185,
    7.81412,
    7.8194,
    7.81722,
    7.81979,
    7.81822,
    7.82092,
    7.82104,
    7.82052,
    7.8166,
    7.82156,
    7.82072,
    7.81922,
    7.8198,
    7.81661,
    7.82098,
    7.82169,
    7.8204,
    7.82136,
    7.81962,
    7.81471,
    7.81422,
    7.81596,
    7.81303,
    7.81178,
    7.81656,
    7.81959,
    7.81774,
    7.82106,
    7.82105,
    7.82055,
    7.81727,
    7.81742,
    7.81846,
    7.81837,
    7.81473,
    7.81398,
    7.81771,
    7.81986,
    7.82144,
    7.82155,
    7.81918,
    7.82112,
    7.79489,
    7.79858,
    7.79887,
    7.79482,
    7.79516,
    7.79656,
    7.79494,
    7.79742,
    7.79731,
    7.7976,
    7.79792,
    7.8007,
    7.80014,
    7.80089,
    7.79893,
    7.80012,
    7.79886,
    7.80084,
    7.80409,
    7.80392,
    7.80032,
    7.80421,
    7.80127,
    7.80324,
    7.80035,
    7.80369,
    7.80276,
    7.80346,
    7.79888,
    7.80118,
    7.8001,
    7.8011,
    7.8024,
    7.80176,
    7.79782,
    7.7994,
    7.80236,
    7.8014,
    7.80252,
    7.8002,
    7.80335,
    7.80423,
    7.8032,
    7.7987,
    7.7979,
    7.79553,
    7.79575,
    7.79929,
    7.80367,
    7.80036,
    7.7944,
    7.79672,
    7.79838,
    7.79702,
    7.79503,
    7.79851,
    7.79809,
    7.79704,
    7.79857,
    7.80144,
    7.80102,
    7.80251,
    7.80264,
    7.80122,
    7.80128,
    7.80008,
    7.79941,
    7.79862,
    7.79698,
    7.79629,
    7.79794,
    7.79676,
    7.79758,
    7.795,
    7.79546,
    7.79608,
    7.79936,
    7.801,
    7.79896,
    7.8017,
    7.80194,
    7.80266,
    7.79755,
    7.80087,
    7.7946,
    7.79605,
    7.80355,
    7.80094,
    7.80254,
    7.79633,
    7.7978,
    7.80216,
    7.80016,
    7.79572,
    7.7964,
    7.79615,
    7.79671,
    7.8022,
    7.79496,
    7.80108
  ],
  "Weekly": [
    0,
    7.7663,
    7.7683,
    7.7755,
    7.7686,
    7.7741,
    7.7737,
    7.7743,
    7.7715,
    7.7714,
    7.77455,
    7.7703,
    7.77034,
    7.77,
    7.7752,
    7.76719,
    7.76666,
    7.77251,
    7.77415,
    7.7707,
    7.76856,
    7.77341,
    7.773,
    7.77244,
    7.77136,
    7.77423,
    7.77092,
    7.76625,
    7.77135,
    7.7728,
    7.77428,
    7.76768,
    7.76824,
    7.77545,
    7.77559,
    7.76672,
    7.76771,
    7.76642,
    7.77087,
    7.76886,
    7.77294,
    7.77516,
    7.7666,
    7.76757,
    7.7664,
    7.76806,
    7.77171,
    7.77037,
    7.76905,
    7.77152,
    7.7674,
    7.76603,
    7.76634,
    7.76732,
    7.76789,
    7.76971,
    7.77101,
    7.77154,
    7.77282,
    7.77178,
    7.76699,
    7.77002,
    7.77062,
    7.77012,
    7.77465,
    7.77572,
    7.76997
  ]
}