{
  "Fifteen_Min": [
    0,
    16.54665,
    16.5741,
    16.58258,
    16.6058,
    16.63185,
    16.6208,
    16.63972,
    16.62315,
    16.64175,
    16.6348,
    16.63638,
    16.63116,
    16.61816,
    16.61874,
    16.61834,
    16.61706,
    16.61357,
    16.61346,
    16.6129,
    16.61372,
    16.61762,
    16.61165,
    16.6068,
    16.60352,
    16.59248,
    16.59002,
    16.5924,
    16.5929,
    16.5986,
    16.59255,
    16.59524,
    16.59525,
    16.5955,
    16.58906,
    16.58398,
    16.58419,
    16.57596,
    16.5789,
    16.57644,
    16.5642,
    16.57645,
    16.58546,
    16.60505,
    16.59997,
    16.58538,
    16.56878,
    16.58074,
    16.58048,
    16.58042,
    16.57904,
    16.57928,
    16.58724,
    16.58484,
    16.59858,
    16.59328,
    16.5647,
    16.55517,
    16.54755,
    16.55578,
    16.56758,
    16.57355,
    16.57406,
    16.5996,
    16.59058,
    16.6131,
    16.63996,
    16.6435,
    16.64072,
    16.61624,
    16.6196,
    16.61142,
    16.617,
    16.6112,
    16.62115,
    16.6183,
    16.61506,
    16.61464,
    16.61178,
    16.60766,
    16.6069,
    16.61009,
    16.60641,
    16.60052,
    16.60786,
    16.60851,
    16.60256,
    16.6022,
    16.60779,
    16.60859,
    16.6095,
    16.61967,
    16.60306,
    16.60442,
    16.60307,
    16.60335,
    16.60529,
    16.60432,
    16.6014,
    16.60058,
    16.59928,
    16.59479,
    16.5948,
    16.5975,
    16.59665,
    16.60086,
    16.6031,
    16.60078,
    16.60266,
    16.59952,
    16.60008,
    16.60118,
    16.59806,
    16.59856,
    16.59896,
    16.59885,
    16.59814,
    16.59898,
    16.60028,
    16.59634,
    16.60898,
    16.6055,
    16.6004,
    16.60376,
    16.60438,
    16.59194,
    16.593,
    16.58966,
    16.5895,
    16.59544,
    16.59899,
    16.5953,
    16.59828
  ],
  "Thirty_Min": [
    0,
    0,
    0
  ],
  "One_Hour": [
    0,
    0,
    0
  ],
  "Two_Hour": [
    0,
    0,
    0
  ],
  "Four_Hour": [
    0,
    17.27664,
    17.28645,
    17.2941,
    17.28815,
    17.26155,
    17.28555,
    17.29244,
    17.28358,
    17.25932,
    17.2207,
    17.223,
    17.2236,
    17.18438,
    17.16568,
    17.13388,
    17.1055,
    17.15477,
    17.1633,
    17.15605,
    17.16497,
    17.1199,
    17.12525,
    17.14365,
    17.12925,
    17.06197,
    17.0733,
    17.09168,
    17.0767,
    17.09234,
    17.09754,
    17.08135,
    17.09268,
    17.08844,
    17.1297,
    17.11551,
    17.2095,
    17.20455,
    17.20705,
    17.19308,
    17.13085,
    17.11645,
    17.135,
    17.14605,
    17.122,
    17.17856,
    17.16938,
    17.1896,
    17.1847,
    17.24148,
    17.183,
    17.1797,
    17.13996,
    17.1462,
    17.12734,
    17.12776,
    17.13635,
    17.12168,
    17.11228,
    17.07955,
    17.11078,
    17.0857,
    17.0842,
    17.0922,
    17.07756,
    17.06815,
    17.0946,
    17.09282,
    17.09715,
    17.0859,
    17.12074,
    17.1241,
    17.1238,
    17.12177,
    17.1038,
    17.0579,
    17.12455,
    17.12159,
    17.11095,
    17.1141,
    17.09295,
    17.05002,
    17.0644,
    17.05525,
    17.05342,
    17.0266,
    17.03985,
    17.02931,
    17.0534,
    17.05272,
    17.05495,
    17.02272,
    16.9994,
    17.01116,
    17.00565,
    17.00495,
    17.0437,
    17.1028,
    17.24035,
    17.23112,
    17.2098,
    17.2245,
    17.08114,
    17.14594,
    17.14532,
    17.14446,
    17.10094,
    17.12728,
    17.06964,
    17.0528,
    17.06345,
    17.06518,
    17.08568,
    17.0852,
    17.04505,
    17.0435,
    17.02519,
    16.89084,
    16.89675,
    16.89003,
    16.89289,
    16.8901,
    16.92805,
    16.94936,
    16.98835,
    16.98952,
    16.94792,
    16.91949,
    16.93275,
    16.94535,
    16.94145,
    16.90275,
    16.90795,
    16.94398,
    17.01645,
    17.02075,
    17.00573,
    17.26184,
    17.26472,
    17.3133,
    17.1544,
    17.04627,
    17.0783,
    17.06595,
    17.0713,
    17.05785,
    17.0583,
    17.06365,
    17.08395,
    17.10445,
    17.07795,
    17.10466,
    17.11845,
    17.11405,
    17.07934,
    17.07296,
    17.0578,
    17.062,
    17.05734,
    16.93694,
    16.96182,
    17.08185,
    17.1039,
    17.09705,
    17.07374,
    17.00546,
    17.00335,
    17.0129,
    17.03347,
    16.99842,
    17.04815,
    17.05531,
    17.0581,
    17.0683,
    17.06083,
    17.0861,
    17.1174,
    17.14135,
    17.14475,
    17.1348,
    17.095,
    17.10753,
    17.0915,
    17.1437,
    17.15322,
    17.1456,
    17.09985,
    17.09225,
    17.08845,
    17.09385,
    17.0932,
    17.0223,
    17.0587,
    17.0366,
    17.04265,
    17.05438,
    17.00774,
    17.0188,
    17.0092,
    17.00124,
    16.9615,
    16.9426,
    16.93163,
    16.90815,
    16.9008,
    16.89465,
    16.9422,
    17.00257,
    16.97815,
    17.02362,
    17.10991,
    17.0952,
    17.057,
    17.06435,
    17.12108,
    17.16906,
    17.18455,
    17.1815,
    17.1882,
    17.2106,
    17.24558,
    17.22755,
    17.27593,
    17.28865,
    17.30708,
    17.3054,
    17.25105,
    17.22545,
    17.23805,
    17.23895,
    17.19024,
    17.13786,
    17.153,
    17.13098,
    17.12043,
    17.13299,
    17.09031,
    17.1125,
    17.10972,
    17.0876,
    17.09885,
    17.0762,
    17.08375,
    17.0574,
    17.06152,
    17.0555,
    17.13705,
    17.1368,
    17.13154,
    17.12801,
    17.10454,
    17.08186,
    17.10013,
    17.08425,
    17.0764,
    17.06165,
    17.02566,
    16.99872,
    17.09445,
    17.12696,
    17.09794,
    17.19535,
    17.1845,
    17.22695,
    17.20616,
    17.2007,
    17.13145,
    17.1787,
    17.18276,
    17.19644,
    17.2478,
    17.28935,
    17.31532,
    17.29725,
    17.31339,
    17.27485,
    17.22571,
    17.25008,
    17.22775,
    17.22802,
    17.21085,
    17.21377,
    17.22289,
    17.2188,
    17.21414,
    17.1536,
    17.1321,
    17.1107,
    17.10078,
    17.09264,
    17.11983,
    17.10833,
    17.19695,
    17.19815,
    17.20178,
    17.18488,
    17.2021,
    17.19445,
    17.19156,
    17.18005,
    17.18972,
    17.17614,
    17.18512,
    17.1789,
    17.17454,
    17.16148,
    17.1103,
    17.10272,
    17.1092,
    17.10215,
    17.09676,
    17.06216,
    17.14126,
    17.148,
    17.1573,
    17.168,
    17.15908,
    17.14055,
    17.12446,
    17.1287,
    17.1564,
    17.19568,
    17.20976,
    17.28355,
    17.29362,
    17.27872,
    17.27256,
    17.30365,
    17.18294,
    17.18655,
    17.19822,
    17.20382,
    17.24627,
    17.2791,
    17.28626,
    17.28582,
    17.2772,
    17.2934,
    17.303,
    17.29412,
    17.3062,
    17.23505,
    17.24065,
    17.23416,
    17.26186,
    17.27925,
    17.1961,
    17.1893,
    17.2063,
    17.2117,
    17.20543,
    17.20665,
    17.23768,
    17.23242,
    17.1807,
    17.16325,
    17.1639,
    17.1518,
    17.11986,
    17.1036,
    17.072,
    17.0707,
    17.06798,
    17.07093,
    17.05608,
    17.0625,
    17.11345,
    17.07422,
    17.08165,
    17.02325,
    17.04285,
    17.02275,
    16.96338,
    16.97794,
    16.97825,
    16.98634,
    16.95789,
    16.95644,
    16.96379,
    16.9815,
    16.97674,
    16.93906,
    16.95415,
    16.93588,
    16.9198,
    16.90699,
    16.90655,
    16.93103,
    16.92385,
    16.9623,
    16.9624,
    16.9519,
    16.9271,
    16.93428,
    16.9642,
    16.94943,
    16.9305,
    17.0356,
    17.0268,
    17.03328,
    17.02922,
    17.05018,
    17.04542,
    17.0163,
    17.029,
    16.98823,
    17.04048,
    17.0145,
    17.01695,
    17.02394,
    16.9719,
    16.9085,
    16.89123,
    16.96308,
    16.96866,
    16.96851,
    16.97485,
    16.96838,
    16.9749,
    16.9735,
    16.9689,
    16.9679,
    17.00588,
    16.9784,
    16.9155,
    16.8945,
    16.89158,
    16.88915,
    16.8917,
    16.91832,
    16.9299,
    17.03465,
    17.0734,
    17.19508,
    17.21295,
    17.24422,
    17.28056,
    17.31038,
    17.27942,
    17.19615,
