{
  "Fifteen_Min": [
    0,
    23.4827,
    23.4981,
    23.5038,
    23.5063,
    23.4919,
    23.5016,
    23.52665,
    23.53685,
    23.541,
    23.5391,
    23.53795,
    23.54,
    23.54085,
    23.5418,
    23.5413,
    23.5372,
    23.5404,
    23.53825,
    23.5349,
    23.5333,
    23.53485,
    23.53365,
    23.5343,
    23.54005,
    23.4988,
    23.523,
    23.48655,
    23.48385,
    23.5239,
    23.5156,
    23.52205,
    23.5186,
    23.51855,
    23.5157,
    23.51765,
    23.52215,
    23.516,
    23.51005,
    23.5086,
    23.5045,
    23.5109,
    23.51565,
    23.50925,
    23.5088,
    23.49425,
    23.48645,
    23.49175,
    23.49505,
    23.495,
    23.4964,
    23.49685,
    23.49325,
    23.50735,
    23.50865,
    23.501,
    23.5087,
    23.50755,
    23.504,
    23.5032,
    23.50795,
    23.50565,
    23.50445,
    23.5042,
    23.5022,
    23.4954,
    23.49525,
    23.48895,
    23.49045,
    23.49025,
    23.4886,
    23.48415,
    23.49125,
    23.489,
    23.507,
    23.49695,
    23.49485,
    23.4956,
    23.4846,
    23.49565,
    23.51015,
    23.50425,
    23.5113,
    23.51205,
    23.5077,
    23.5019,
    23.4895,
    23.5048,
    23.5261,
    23.5296,
    23.4898,
    23.4918,
    23.54145,
    23.52485,
    23.53015,
    23.5311,
    23.52805,
    23.53465,
    23.532,
    23.5306,
    23.52815,
    23.52885,
    23.5331,
    23.53865,
    23.53925,
    23.5412,
    23.4957,
    23.4926,
    23.5081,
    23.4985,
    23.4887,
    23.4831,
    23.49165,
    23.48495,
    23.49852,
    23.5012,
    23.5213,
    23.52265,
    23.5035,
    23.5175,
    23.49035,
    23.4821,
    23.48755,
    23.51235,
    23.52795,
    23.5369,
    23.5271,
    23.5302,
    23.52955,
    23.5326,
    23.53585,
    23.52455,
    23.5276,
    23.52305,
    23.5135,
    23.5137,
    23.5258,
    23.53255,
    23.5379
  ],
  "Thirty_Min": [
    0,
    0,
    0
  ],
  "One_Hour": [
    0,
    0,
    0
  ],
  "Two_Hour": [
    0,
    0,
    0
  ],
  "Four_Hour": [
    0
  ],
  "Daily": [
    0,
    22.75552,
    22.75228,
    22.79398,
    22.79637,
    22.89672,
    23.05943,
    23.20718,
    23.21545,
    23.11243,
    22.92016,
    22.86467,
    22.98989,
    22.98942,
    22.89122,
    22.88723,
    22.8878,
    22.77505,
    22.88578,
    22.73526,
    22.71531,
    22.70811,
    22.74297,
    22.75412,
    22.82054,
    22.77346,
    22.87534,
    22.97739,
    23.00828,
    22.95061,
    22.75989,
    22.7224,
    22.83648,
    22.79906,
    22.86862,
    22.89312,
    22.81735,
    22.78716,
    22.84278,
    22.86423,
    22.84256,
    22.75086,
    22.73193,
    22.73963,
    22.77434,
    22.73529,
    22.73291,
    22.7188,
    22.73852,
    22.69267,
    22.70662,
    22.74649,
    22.79685,
    22.83488,
    22.91311,
    22.82866,
    22.73606,
    22.73124,
    22.82726,
    22.80114,
    22.73652,
    22.70413,
    22.79328,
    22.79348,
    22.7577,
    22.85194,
    22.9232,
    22.993,
    22.9793,
    22.96844,
    22.87876,
    22.87445,
    22.8551,
    22.75152,
    22.75961,
    22.6994,
    22.6825,
    22.75276,
    22.71589,
    22.85075,
    22.85055,
    22.84391,
    22.92444,
    23.0755,
    23.05383,
    23.05923,
    22.94735,
    22.8555,
    22.88779,
    22.9587,
    22.95462,
    22.96446,
    22.99004,
    22.952,
    22.8981,
    22.9014,
    22.96339,
    22.98532,
    22.96535,
    23.01648,
    23.08309,
    23.08135,
    23.0995,
    23.09468,
    23.12958,
    23.03359,
    23.0274,
    23.08827,
    23.1676,
    23.2127,
    23.1382,
    23.1357,
    22.94876,
    22.85674,
    22.8696,
    22.74071,
    22.79404,
    22.79845,
    22.79073,
    22.83652,
    22.71824,
    22.71713,
    22.75612,
    22.73658,
    22.75178,
    22.70333,
    22.70214,
    22.72496,
    22.82,
    22.75162,
    22.75127,
    22.78608,
    22.89,
    22.90895,
    22.98135,
    22.98174,
    23.01817,
    23.00353,
    23.1906,
    23.18046,
    23.179,
    23.03171,
    22.98317,
    23.00962,
    23.0682,
    23.08191,
    23.08342,
    23.04678,
    23.12628,
    23.23254,
    23.2146,
    23.21575,
    23.23036,
    23.20722,
    23.21379,
    23.24208,
    23.10642,
    22.94325,
    22.94678,
    22.94392,
    22.97148,
    23.00092,
    23.05864,
    22.99593,
    22.97469,
    22.88376,
    22.87918,
    22.84464,
    22.95,
    23.0287,
    23.07556,
    23.09852,
    23.12806,
    23.11538,
    23.2165,
    23.22345,
    23.17058,
    23.10033,
    23.06498,
    23.04423,
    23.09489,
    23.13386,
    23.15648,
    23.14096,
    23.20702,
    23.18346,
    23.0588,
    23.0291,
    23.07135,
    23.00506,
    23.0735,
    23.01502,
    22.92149,
    22.92996,
    22.9018,
    22.8205,
    22.80788,
    22.93294,
    22.85312,
    22.96672,
    22.99172,
    22.93611,
    22.77982,
    22.68532,
    22.67246,
    22.68524,
    22.71211,
    22.71898,
    22.7625,
    22.82735,
    22.9265,
    22.88832,
    22.885,
    22.73242,
    22.78398,
    22.72362,
    22.79517,
    22.75044,
    22.87542,
    22.84554,
    22.843,
    22.94382,
    22.95406,
    22.9253,
    23.11847,
    23.10256,
    23.23494,
    23.10135,
    23.20638,
    23.01875,
    23.08611,
    22.91629,
    22.73661,
    22.70764,
    22.72651,
    22.89692,
    23.25244,
    22.84083,
    22.7864,
    22.68433,
    23.0439,
    22.99209,
    23.1521,
    23.22826,
    23.1594,
    23.10129,
    22.85425,
    22.99746,
    23.05335,
    23.0255,
    22.8448,
    23.01166,
    23.24395,
    23.2442,
    23.18125,
    22.96315,
    22.9554,
    23.00975,
    22.93935,
    23.11495,
    23.17365,
    22.9396,
    22.9135,
    22.67245,
    22.77865,
    22.7169,
    22.8356,
    22.9898,
    22.7783,
    22.9086,
    22.78765,
    22.6817,
    22.7556,
    23.1104,
    23.228,
    23.14965,
    23.03935,
    22.93516,
    23.023,
    23.01085,
    22.92165,
    23.02835,
    22.9557,
    23.0055,
    23.1148,
    23.1213,
    23.0509,
    23.25635,
    23.16765,
    23.1147,
    23.1486,
    23.11735,
    23.01855,
    23.0667,
    22.85935,
    22.7206,
    22.8189,
    22.8668,
    22.779,
    22.8013,
    22.79015,
    22.8018,
    22.6934,
    22.81565,
    22.77525,
    22.7991,
    22.8174,
    22.83225,
    22.75505,
    23.04025,
    22.83785,
    22.89835,
    22.8883,
    22.93745,
    22.91805,
    22.98905,
    23.10745,
    23.0385,
    23.09635,
    23.2106,
    23.1625,
    23.1081,
    23.14715,
    23.1047,
    23.2112,
    23.0679,
    23.2364,
    23.1306,
    23.2365,
    23.0197,
    22.7498,
    22.9063,
    23.0125,
    22.9934,
    22.97405,
    22.9831,
    22.68685,
    22.75155,
    22.7281,
    22.73505,
    22.76645,
    22.8439,
    22.7969
  ],