{
  "Fifteen_Min": [
    0,
    23.4827,
    23.4981,
    23.5038,
    23.5063,
    23.4919,
    23.5016,
    23.52665,
    23.53685,
    23.541,
    23.5391,
    23.53795,
    23.54,
    23.54085,
    23.5418,
    23.5413,
    23.5372,
    23.5404,
    23.53825,
    23.5349,
    23.5333,
    23.53485,
    23.53365,
    23.5343,
    23.54005,
    23.4988,
    23.523,
    23.48655,
    23.48385,
    23.5239,
    23.5156,
    23.52205,
    23.5186,
    23.51855,
    23.5157,
    23.51765,
    23.52215,
    23.516,
    23.51005,
    23.5086,
    23.5045,
    23.5109,
    23.51565,
    23.50925,
    23.5088,
    23.49425,
    23.48645,
    23.49175,
    23.49505,
    23.495,
    23.4964,
    23.49685,
    23.49325,
    23.50735,
    23.50865,
    23.501,
    23.5087,
    23.50755,
    23.504,
    23.5032,
    23.50795,
    23.50565,
    23.50445,
    23.5042,
    23.5022,
    23.4954,
    23.49525,
    23.48895,
    23.49045,
    23.49025,
    23.4886,
    23.48415,
    23.49125,
    23.489,
    23.507,
    23.49695,
    23.49485,
    23.4956,
    23.4846,
    23.49565,
    23.51015,
    23.50425,
    23.5113,
    23.51205,
    23.5077,
    23.5019,
    23.4895,
    23.5048,
    23.5261,
    23.5296,
    23.4898,
    23.4918,
    23.54145,
    23.52485,
    23.53015,
    23.5311,
    23.52805,
    23.53465,
    23.532,
    23.5306,
    23.52815,
    23.52885,
    23.5331,
    23.53865,
    23.53925,
    23.5412,
    23.4957,
    23.4926,
    23.5081,
    23.4985,
    23.4887,
    23.4831,
    23.49165,
    23.48495,
    23.49852,
    23.5012,
    23.5213,
    23.52265,
    23.5035,
    23.5175,
    23.49035,
    23.4821,
    23.48755,
    23.51235,
    23.52795,
    23.5369,
    23.5271,
    23.5302,
    23.52955,
    23.5326,
    23.53585,
    23.52455,
    23.5276,
    23.52305,
    23.5135,
    23.5137,
    23.5258,
    23.53255,
    23.5379
  ],
  "Thirty_Min": [
    0,
    0,
    0
  ],
  "One_Hour": [
    0,
    0,
    0
  ],
  "Two_Hour": [
    0,
    0,
    0
  ],
  "Four_Hour": [
    0,
    22.96515,
    22.968,
    22.8263,
    22.8958,
    22.85935,
    22.84145,
    22.77795,
    22.811,
    22.77695,
    22.7206,
    22.7589,
    22.76755,
    22.8624,
    22.77685,
    22.8189,
    22.79775,
    22.78865,
    22.85815,
    22.80675,
    22.8648,
    22.83115,
    22.82735,
    22.83,
    22.8464,
    22.8068,
    22.8668,
    22.86395,
    22.76305,
    22.77975,
    22.779,
    22.772,
    22.78025,
    22.80975,
    22.76665,
    22.8013,
    22.75875,
    22.72735,
    22.7215,
    22.81445,
    22.8489,
    22.8374,
    22.83495,
    22.82055,
    22.7894,
    22.79015,
    22.72005,
    22.71175,
    22.71825,
    22.8022,
    22.8018,
    22.7903,
    22.7842,
    22.78545,
    22.781,
    22.78845,
    22.78725,
    22.7935,
    22.7024,
    22.6798,
    22.64745,
    22.6934,
    22.6925,
    22.6634,
    22.6343,
    22.55205,
    22.56795,
    22.57195,
    22.6321,
    22.62455,
    22.65925,
    22.664,
    22.65495,
    22.84025,
    22.81925,
    22.81565,
    22.7758,
    22.767,
    22.67285,
    22.5972,
    22.6093,
    22.581,
    22.60065,
    22.58635,
    22.7667,
    22.8564,
    22.8701,
    22.86045,
    22.87995,
    22.77985,
    22.676,
    22.75265,
    22.7501,
    22.71115,
    22.59875,
    22.6652,
    22.6201,
    22.593,
    22.595,
    22.56225,
    22.5674,
    22.5708,
    22.56935,
    22.63545,
    22.63325,
    22.6578,
    22.66475,
    22.75205,
    22.77745,
    22.77525,
    22.74305,
    22.7187,
    22.726,
    22.76795,
    22.7991,
    22.78695,
    22.72945,
    22.77395,
    22.8175,
    22.8174,
    22.84575,
    22.8542,
    22.95595,
    22.9019,
    22.83225,
    22.8203,
    22.7773,
    22.7705,
    22.71455,
    22.75505,
    22.74655,
    22.7307,
    22.775,
    22.88995,
    22.95315,
    22.97005,
    22.96155,
    22.90465,
    22.82845,
    22.83785,
    22.8508,
    22.8671,
    22.86965,
    22.8468,
    22.87475,
    22.89835,
    22.88185,
    22.80245,
    22.80305,
    22.70655,
    22.8883,
    22.94465,
    22.9455,
    22.94335,
    22.93745,
    22.9397,
    22.9347,
    22.90695,
    22.88855,
    22.9145,
    22.91805,
    22.9391,
    22.9409,
    22.9634,
    22.94805,
    22.97695,
    22.9782,
    22.9477,
    22.79675,
    22.71255,
    22.7498,
    22.7444,
    22.7329,
    22.6968,
    22.77015,
    22.8094,
    22.9063,
    22.9208,
    22.92595,
    22.9337,
    22.8574,
    22.93415,
    22.97405,
    22.9691,
    22.69535,
    22.57975,
    22.5571,
    22.5456,
    22.54405,
    22.5525,
    22.56285,
    22.5425,
    22.56595,
    22.57335,
    22.55585,
    22.5661,
    22.5757,
    22.59205,
    22.66945,
    22.66455,
    22.68265,
    22.6825,
    22.60665,
    22.6267,
    22.68685,
    22.6865,
    22.6692,
    22.6406,
    22.6761,
    22.70335,
    22.70355,
    22.7098,
    22.71605,
    22.6463,
    22.55345,
    22.5984,
    22.56545,
    22.5836,
    22.566,
    22.54745,
    22.5566,
    22.55435,
    22.54945,
    22.55165,
    22.5479,
    22.59995,
    22.6306,
    22.6878,
    22.7227,
    22.75155,
    22.7457,
    22.78075,
    22.77295,
    22.7529,
    22.7281,
    22.70165,
    22.70515,
    22.7451,
    22.82495,
    22.79795,
    22.7898,
    22.7956,
    22.7934,
    22.75825,
    22.73505,
    22.71595,
    22.7126,
    22.7377,
    22.7411,
    22.74105,
    22.7548,
    22.71995,
    22.7662,
    22.82405,
    22.91655,
    22.94065,
    22.92815,
    22.76085,
    22.7067,
    22.7526,
    22.84045,
    22.83975,
    22.7627,
    22.7651,
    22.7969,
    22.8059,
    22.80915,
    22.7803,
    22.7882,
    22.80705,
    22.829,
    22.83925,
    22.86125,
    22.9342,
    22.92725,
    22.92285,
    22.9443,
    22.9129,
    22.84655,
    22.83585,
    22.8635,
    22.8818,
    22.89065,
    22.9069,
    22.8694,
    22.94965,
    22.96095,
    22.9733,
    22.85695,
    22.85925,
    22.8579,
    22.8585,
    22.9562,
    22.9528,
    22.97035,
    22.93375,
    22.94025,
    22.93705,
    22.93285,
    22.9224,
    22.8886,
    22.79215,
    22.7515,
    22.7203,
    22.703,
    22.7118,
    22.67325,
    22.7284,
    22.73555,
    22.72345,
    22.73765,
    22.79415,
    22.71885,
    22.71655,
    22.70595,
    22.7019
  ],