{
  "Fifteen_Min": [
    0
  ],
  "Thirty_Min": [
    0,
    0,
    0
  ],
  "One_Hour": [
    0,
    0,
    0
  ],
  "Two_Hour": [
    0,
    0,
    0
  ],
  "Four_Hour": [
    0,
    7.22407,
    7.2264,
    7.23748,
    7.24584,
    7.26963,
    7.27153,
    7.26526,
    7.2431,
    7.25882,
    7.25205,
    7.24194,
    7.25523,
    7.26134,
    7.26444,
    7.26892,
    7.23172,
    7.22958,
    7.25916,
    7.22461,
    7.22944,
    7.24107,
    7.25146,
    7.25098,
    7.25738,
    7.23562,
    7.27512,
    7.27626,
    7.27832,
    7.27069,
    7.28582,
    7.26757,
    7.2531,
    7.26783,
    7.22083,
    7.22822,
    7.23418,
    7.23116,
    7.2436,
    7.25886,
    7.26194,
    7.22889,
    7.23183,
    7.24849,
    7.25288,
    7.25228,
    7.2633,
    7.27086,
    7.25234,
    7.25538,
    7.22682,
    7.2218,
    7.23717,
    7.22245,
    7.23702,
    7.23508,
    7.24224,
    7.24616,
    7.22166,
    7.22452,
    7.22605,
    7.23478,
    7.25549,
    7.24291,
    7.24278,
    7.24742,
    7.25908,
    7.25504,
    7.26118,
    7.26474,
    7.26464,
    7.26438,
    7.26815,
    7.26746,
    7.2509,
    7.25706,
    7.25591,
    7.25415,
    7.25546,
    7.24628,
    7.24122,
    7.22464,
    7.22675,
    7.2281,
    7.2313,
    7.22774,
    7.23876,
    7.25427,
    7.25332,
    7.26191,
    7.25914,
    7.26048,
    7.2564,
    7.25918,
    7.25501,
    7.25103,
    7.25376,
    7.24324,
    7.2458,
    7.23008,
    7.23285,
    7.231,
    7.24168,
    7.24041,
    7.23101,
    7.22963,
    7.22579,
    7.23078,
    7.23252,
    7.23006,
    7.22078,
    7.22193,
    7.23818,
    7.23712,
    7.22218,
    7.22388,
    7.22751,
    7.22254,
    7.2269,
    7.22082,
    7.23788,
    7.23852,
    7.2386,
    7.24666,
    7.25902,
    7.25948,
    7.26054,
    7.26912,
    7.27707,
    7.2762,
    7.2768,
    7.27958,
    7.27757,
    7.28176,
    7.28172,
    7.28204,
    7.27168,
    7.28234,
    7.28263,
    7.2808,
    7.28499,
    7.28129,
    7.28386,
    7.2855,
    7.2716,
    7.28048,
    7.27486,
    7.27184,
    7.26727,
    7.26753,
    7.2517,
    7.26874,
    7.2687,
    7.26435,
    7.2729,
    7.27166,
    7.27769,
    7.27608,
    7.27887,
    7.27922,
    7.27218,
    7.26409,
    7.2754,
    7.27846,
    7.28509,
    7.26404,
    7.2793,
    7.27968,
    7.27806,
    7.2817,
    7.27676,
    7.28556,
    7.28297,
    7.28394,
    7.28534,
    7.27596,
    7.2823,
    7.28082,
    7.28449,
    7.2849,
    7.28526,
    7.2852,
    7.27812,
    7.27514,
    7.27975,
    7.28377,
    7.28472,
    7.28083,
    7.25144,
    7.25062,
    7.24694,
    7.25589,
    7.25226,
    7.25921,
    7.25859,
    7.2635,
    7.25449,
    7.245,
    7.24727,
    7.2492,
    7.23763,
    7.2238,
    7.22192,
    7.22093,
    7.22022,
    7.2197,
    7.22098,
    7.22884,
    7.23066,
    7.22852,
    7.22676,
    7.22239,
    7.22307,
    7.22582,
    7.2227,
    7.21964,
    7.22176,
    7.22182,
    7.26428,
    7.26798,
    7.26724,
    7.27396,
    7.2755,
    7.24586,
    7.24892,
    7.2478,
    7.2515,
    7.24724,
    7.2468,
    7.24882,
    7.2484,
    7.24862,
    7.24803,
    7.25497,
    7.2553,
    7.25384,
    7.25936,
    7.248,
    7.26002,
    7.26166,
    7.26082,
    7.26231,
    7.25755,
    7.25414,
    7.2561,
    7.25166,
    7.25193,
    7.24998,
    7.2524,
    7.25934,
    7.26163,
    7.26263,
    7.25624,
    7.2546,
    7.25716,
    7.253,
    7.2598,
    7.25078,
    7.24886,
    7.24832,
    7.24796,
    7.24718,
    7.2466,
    7.2449,
    7.24352,
    7.2462,
    7.24755,
    7.24878,
    7.24692,
    7.24401,
    7.24443,
    7.2439,
    7.24066,
    7.24093,
    7.23866,
    7.23781,
    7.23894,
    7.2408,
    7.25502,
    7.2603,
    7.26062,
    7.25382,
    7.25754,
    7.25268,
    7.25584,
    7.25564,
    7.25627,
    7.25714,
    7.26226,
    7.26312,
    7.26725,
    7.25851,
    7.25649,
    7.25883,
    7.25951,
    7.25888,
    7.26268,
    7.27062,
    7.26837,
    7.26424,
    7.26302,
    7.25813,
    7.2493,
    7.25556,
    7.24382,
    7.2447,
    7.24698,
    7.24908,
    7.24928,
    7.25002,
    7.25067,
    7.25334,
    7.24858,
    7.24978,
    7.25101,
    7.2521,
    7.2518,
    7.25154,
    7.25106,
    7.25262,
    7.25509,
    7.26057,
    7.26032,
    7.2609,
    7.26601,
    7.26819,
    7.27291,
    7.27225,
    7.26846,
    7.26267,
    7.26823,
    7.25854,
    7.25513,
    7.25841,
    7.26028,
    7.25913,
    7.26466,
    7.26636,
    7.26427,
    7.25597,
    7.25197,
    7.23747,
    7.24452,
    7.25374,
    7.25422,
    7.254,
    7.25306,
    7.24946,
    7.24506,
    7.23389,
    7.24383,
    7.22984,
    7.23079,
    7.21954,
    7.2221,
    7.22004,
    7.22448,
    7.22496,
    7.22777,
    7.23038,
    7.2309,
    7.22856,
    7.22841,
    7.22879,
    7.22468,
    7.22252,
    7.22536,
    7.22698,
    7.2333,
    7.23415,
    7.23602,
    7.24038,
    7.2382,
    7.23932,
    7.23989,
    7.24104,
    7.24339,
    7.23809,
    7.24004,
    7.24034,
    7.22008,
    7.21984,
    7.22127,
    7.22352,
    7.2226,
    7.22476,
    7.23152,
    7.23236,
    7.23246,
    7.23385,
    7.23262,
    7.23718,
    7.23949,
    7.24298,
    7.24536,
    7.24394,
    7.24381,
    7.24472,
    7.24795,
    7.24837,
    7.24851,
    7.25244,
    7.25348
  ],
  "Daily": [
    0,
    7.13514,
    7.13506,
    7.16693,
    7.16741,
    7.14375,
    7.16183,
    7.16189,
    7.17823,
    7.14656,
    7.13791,
    7.10569,
    7.10811,
    7.10928,
    7.10832,
    7.10266,
    7.12101,
    7.10979,
    7.10654,
    7.1285,
    7.12451,
    7.13831,
    7.13862,
    7.14113,
    7.12842,
    7.11236,
    7.11227,
    7.13441,
    7.13826,
    7.10397,
    7.12642,
    7.11996,
    7.11456,
    7.11177,
    7.10712,
    7.10094,
    7.1304,
    7.1215,
    7.12964,
    7.10734,
    7.10797,
    7.11176,
    7.11118,
    7.11882,
    7.11753,
    7.10698,
    7.13314,
    7.14819,
    7.14615,
    7.16983,
    7.13356,
    7.12627,
    7.10678,
    7.1187,
    7.10823,
    7.13412,
    7.17369,
    7.16146,
    7.14123,
    7.10268,
    7.13065,
    7.15469,
    7.16886,
    7.17469,
    7.1774,
    7.21733,
    7.20776,
    7.18656,
    7.17488,
    7.152,
    7.10843,
    7.14911,
    7.12252,
    7.13799,
    7.15257,
    7.1691,
    7.19366,
    7.14472,
    7.10482,
    7.11023,
    7.1181,
    7.12862,
    7.14425,
    7.15583,
    7.17441,
    7.12072,
    7.12828,
    7.16424,
    7.18182,
    7.17797,
    7.19478,
    7.21604,
    7.21398,
    7.16742,
    7.15003,
    7.15646,
    7.17917,
    7.19441,
    7.1748,
    7.18744,
    7.18521,
    7.1367,
    7.15037,
    7.15042,
    7.1471,
    7.18494,
    7.17942,
    7.18794,
    7.20352,
    7.21799,
    7.16383,
    7.14312,
    7.14892,
    7.14768,
    7.13222,
    7.14282,
    7.14611,
    7.12434,
    7.14785,
    7.17318,
    7.17436,
    7.16565,
    7.18554,
    7.1929,
    7.13588,
    7.125,
    7.13598,
    7.14378,
    7.12464,
    7.15086,
    7.14152,
    7.13986,
    7.1523,
    7.11884,
    7.12523,
    7.15054,
    7.1651,
    7.1665,
    7.16218,
    7.18434,
    7.17487,
    7.19134,
    7.1844,
    7.219,
    7.21569,
    7.20314,
    7.19436
  ],
  "Weekly": [
    0,
    7.13514,
    7.12101,
    7.13402,
    7.13356,
    7.13412,
    7.14123,
    7.13065,
    7.21733,
    7.22958,
    7.17488,
    7.12252,
    7.14425,
    7.12828,
    7.21604,
    7.23285,
    7.15646,
    7.18744,
    7.15042,
    7.18794,
    7.21799,
    7.14768,
    7.12434,
    7.13598,
    7.15592,
    7.12523,
    7.1665,
    7.19134
  ]
}