{
  "Fifteen_Min": [
    0
  ],
  "Thirty_Min": [
    0,
    0,
    0
  ],
  "One_Hour": [
    0,
    0,
    0
  ],
  "Two_Hour": [
    0,
    0,
    0
  ],
  "Four_Hour": [
    0,
    7.27707,
    7.2762,
    7.2768,
    7.27958,
    7.27757,
    7.30258,
    7.31454,
    7.31004,
    7.30453,
    7.30324,
    7.29012,
    7.30462,
    7.31091,
    7.3007,
    7.30851,
    7.30893,
    7.28176,
    7.28642,
    7.28934,
    7.28172,
    7.29325,
    7.30023,
    7.3057,
    7.30506,
    7.28954,
    7.2998,
    7.28852,
    7.28672,
    7.28204,
    7.28234,
    7.28263,
    7.2808,
    7.28499,
    7.29123,
    7.2916,
    7.29326,
    7.28129,
    7.28746,
    7.30198,
    7.29292,
    7.2928,
    7.29358,
    7.28979,
    7.30226,
    7.28682,
    7.28386,
    7.2855,
    7.2999,
    7.29201,
    7.29836,
    7.29379,
    7.29778,
    7.28048,
    7.27769,
    7.27608,
    7.27887,
    7.28895,
    7.30358,
    7.3016,
    7.3046,
    7.3106,
    7.309,
    7.3121,
    7.30119,
    7.30572,
    7.30172,
    7.30348,
    7.30316,
    7.30431,
    7.30542,
    7.29998,
    7.30492,
    7.28614,
    7.28639,
    7.27922,
    7.27846,
    7.28984,
    7.28509,
    7.29038,
    7.2793,
    7.27968,
    7.27806,
    7.2817,
    7.27676,
    7.28556,
    7.29354,
    7.29169,
    7.29056,
    7.29567,
    7.30016,
    7.30199,
    7.29895,
    7.30394,
    7.30116,
    7.3078,
    7.2995,
    7.28996,
    7.30756,
    7.30433,
    7.30826,
    7.3117,
    7.31418,
    7.31358,
    7.30494,
    7.30158,
    7.29796,
    7.30058,
    7.29898,
    7.2948,
    7.30732,
    7.3105,
    7.31361,
    7.30782,
    7.3108,
    7.30804,
    7.31346,
    7.31126,
    7.31436,
    7.30705,
    7.31226,
    7.30709,
    7.29377,
    7.29533,
    7.29452,
    7.29181,
    7.28297,
    7.29478,
    7.29554,
    7.3041,
    7.2988,
    7.30408,
    7.31296,
    7.30976,
    7.30446,
    7.31078,
    7.31133,
    7.30626,
    7.31016,
    7.30909,
    7.3095,
    7.29755,
    7.29104,
    7.29555,
    7.29158,
    7.28394,
    7.28767,
    7.29282,
    7.28859,
    7.28602,
    7.28644,
    7.29083,
    7.29312,
    7.3028,
    7.30089,
    7.29594,
    7.29854,
    7.29618,
    7.30773,
    7.30608,
    7.3071,
    7.30861,
    7.30652,
    7.30876,
    7.31187,
    7.31254,
    7.31074,
    7.31336,
    7.30978,
    7.308,
    7.31359,
    7.31268,
    7.30974,
    7.30568,
    7.30928,
    7.3127,
    7.31043,
    7.31374,
    7.30762,
    7.28986,
    7.28864,
    7.28646,
    7.28534,
    7.27596,
    7.2823,
    7.28082,
    7.28449,
    7.2849,
    7.28526,
    7.28814,
    7.2852,
    7.27812,
    7.27975,
    7.28659,
    7.28377,
    7.28762,
    7.28472,
    7.29091,
    7.29489,
    7.29319,
    7.29855,
    7.29874,
    7.30021,
    7.29859,
    7.30092,
    7.30613,
    7.30691,
    7.30093,
    7.29839,
    7.29984,
    7.29155,
    7.29204,
    7.29596,
    7.29966,
    7.28083,
    7.2767,
    7.27964,
    7.28012,
    7.28134,
    7.28424,
    7.2853,
    7.28748,
    7.29178,
    7.29082,
    7.28598,
    7.28812,
    7.2877,
    7.29006,
    7.29,
    7.28982,
    7.28879,
    7.28068,
    7.28485,
    7.28293,
    7.28198,
    7.28173,
    7.28406,
    7.289,
    7.28919,
    7.28912,
    7.29264,
    7.29704,
    7.30147,
    7.30084,
    7.29972,
    7.29835,
    7.29788,
    7.29793,
    7.30285,
    7.30366,
    7.29622,
    7.2984,
    7.29431,
    7.29886,
    7.29955,
    7.29905,
    7.30248,
    7.30412,
    7.30594,
    7.3042,
    7.30666,
    7.30678,
    7.3069,
    7.30791,
    7.30758,
    7.30254,
    7.30176,
    7.30094,
    7.30124,
    7.29464,
    7.29776,
    7.29298,
    7.29374,
    7.28649,
    7.28806,
    7.28974,
    7.28868,
    7.29177,
    7.2868,
    7.28716,
    7.28547,
    7.28568,
    7.2881,
    7.29046,
    7.29072,
    7.28844,
    7.29102,
    7.29088,
    7.29114,
    7.29168,
    7.28704,
    7.28182,
    7.27898,
    7.2839,
    7.2889,
    7.28876,
    7.28931,
    7.28645,
    7.27754,
    7.28044,
    7.27867,
    7.28551,
    7.28888,
    7.29064,
    7.29132,
    7.29561,
    7.28791,
    7.28818,
    7.28882,
    7.28877,
    7.28959,
    7.27772,
    7.28666,
    7.28726,
    7.2862,
    7.28858,
    7.29862,
    7.29487,
    7.2934,
    7.29321,
    7.28497,
    7.28442,
    7.281,
    7.27734,
    7.27558,
    7.28294,
    7.2831,
    7.28314,
    7.27907,
    7.27628,
    7.2765,
    7.27992,
    7.2863,
    7.27954,
    7.28092,
    7.27981,
    7.28187,
    7.28729,
    7.28866,
    7.287,
    7.29203,
    7.29309,
    7.2903,
    7.286,
    7.28774,
    7.28687,
    7.29035,
    7.29492,
    7.29399,
    7.29644,
    7.30886,
    7.31402,
    7.30807,
    7.30982,
    7.30995,
    7.30922,
    7.30777,
    7.2997,
    7.298,
    7.29295,
    7.30076,
    7.30838,
    7.30576,
    7.30816,
    7.30682,
    7.30402,
    7.3026,
    7.2991,
    7.3067,
    7.30649,
    7.3081,
    7.30504,
    7.30195,
    7.30632,
    7.30344,
    7.30436,
    7.29824,
    7.29992,
    7.30438,
    7.30948,
    7.31204,
    7.28592,
    7.27804,
    7.28396,
    7.28054,
    7.27618,
    7.27991,
    7.28124,
    7.29154,
    7.28193,
    7.28784,
    7.27896,
    7.27666,
    7.29348,
    7.29308,
    7.29914,
    7.2937,
    7.29034,
    7.31088,
    7.30856,
    7.28917,
    7.28712,
    7.28681,
    7.28138,
    7.27784,
    7.27856,
    7.29414,
    7.28676,
    7.28854,
    7.28939,
    7.29009,
    7.29672,
    7.30906,
    7.30373,
    7.31092,
    7.30866,
    7.31076,
    7.31069,
    7.31026,
    7.30764,
    7.30919,
    7.3116,
    7.31331,
    7.30559,
    7.31175,
    7.30864,
    7.28481,
    7.29564,
    7.29332,
    7.28492,
    7.28098,
    7.28307,
    7.27566,
    7.28502,
    7.28423,
    7.28657,
    7.28366,
    7.28376,
    7.29128,
    7.29598
  ],
  "Daily": [
    0,
    7.13514,
    7.13506,
    7.16693,
    7.16741,
    7.14375,
    7.16183,
    7.16189,
    7.17823,
    7.14656,
    7.13791,
    7.10569,
    7.10811,
    7.10928,
    7.10832,
    7.10266,
    7.12101,
    7.10979,
    7.10654,
    7.1285,
    7.12451,
    7.13831,
    7.13862,
    7.14113,
    7.12842,
    7.11236,
    7.11227,
    7.13441,
    7.13826,
    7.10397,
    7.12642,
    7.11996,
    7.11456,
    7.11177,
    7.10712,
    7.10094,
    7.1304,
    7.1215,
    7.12964,
    7.10734,
    7.10797,
    7.11176,
    7.11118,
    7.11882,
    7.11753,
    7.10698,
    7.13314,
    7.14819,
    7.14615,
    7.16983,
    7.13356,
    7.12627,
    7.10678,
    7.1187,
    7.10823,
    7.13412,
    7.17369,
    7.16146,
    7.14123,
    7.10268,
    7.13065,
    7.15469,
    7.16886,
    7.17469,
    7.1774,
    7.21733,
    7.20776,
    7.18656,
    7.17488,
    7.152,
    7.10843,
    7.14911,
    7.12252,
    7.13799,
    7.15257,
    7.1691,
    7.19366,
    7.14472,
    7.10482,
    7.11023,
    7.1181,
    7.12862,
    7.14425,
    7.15583,
    7.17441,
    7.12072,
    7.12828,
    7.16424,
    7.18182,
    7.17797,
    7.19478,
    7.21604,
    7.21398,
    7.16742,
    7.15003,
    7.15646,
    7.17917,
    7.19441,
    7.1748,
    7.18744,
    7.18521,
    7.1367,
    7.15037,
    7.15042,
    7.1471,
    7.18494,
    7.17942,
    7.18794,
    7.20352,
    7.21799,
    7.16383,
    7.14312,
    7.14892,
    7.14768,
    7.13222,
    7.14282,
    7.14611,
    7.12434,
    7.14785,
    7.17318,
    7.17436,
    7.16565,
    7.18554,
    7.1929,
    7.13588,
    7.125,
    7.13598,
    7.14378,
    7.12464,
    7.15086,
    7.14152,
    7.13986,
    7.1523,
    7.11884,
    7.12523,
    7.15054,
    7.1651,
    7.1665,
    7.16218,
    7.18434,
    7.17487,
    7.19134,
    7.1844,
    7.219,
    7.21569,
    7.20314,
    7.19436
  ],