{
  "Fifteen_Min": [
    0
  ],
  "Thirty_Min": [
    0,
    0,
    0
  ],
  "One_Hour": [
    0,
    0,
    0
  ],
  "Two_Hour": [
    0,
    0,
    0
  ],
  "Four_Hour": [
    0
  ],
  "Daily": [
    0,
    0.85656,
    0.85986,
    0.87114,
    0.86762,
    0.8588,
    0.86228,
    0.86026,
    0.85764,
    0.85836,
    0.86666,
    0.86596,
    0.86394,
    0.86092,
    0.86928,
    0.87036,
    0.87168,
    0.87288,
    0.86908,
    0.87278,
    0.87166,
    0.86768,
    0.87024,
    0.86713,
    0.86099,
    0.86268,
    0.85615,
    0.85591,
    0.85571,
    0.8616,
    0.86438,
    0.86807,
    0.86818,
    0.86912,
    0.85369,
    0.90518,
    0.92104,
    0.92122,
    0.91625,
    0.92168,
    0.91675,
    0.91218,
    0.91612,
    0.92202,
    0.92145,
    0.91818,
    0.92128,
    0.92196,
    0.92051,
    0.91989,
    0.91792,
    0.9126,
    0.90896,
    0.91336,
    0.91328,
    0.90848,
    0.90978,
    0.91251,
    0.91565,
    0.91206,
    0.9097,
    0.9091,
    0.90664,
    0.90772,
    0.91165,
    0.90778,
    0.90828,
    0.90934,
    0.91066,
    0.90945,
    0.91352,
    0.91605,
    0.91242,
    0.9106,
    0.9089,
    0.90844,
    0.9081,
    0.90942,
    0.90852,
    0.91158,
    0.91456,
    0.91986,
    0.91931,
    0.92088,
    0.91856,
    0.92036,
    0.91511,
    0.91789,
    0.9172,
    0.91708,
    0.91046,
    0.90926,
    0.91342,
    0.91436,
    0.91013,
    0.90718,
    0.90536,
    0.9072,
    0.90442,
    0.90783,
    0.90877,
    0.91048,
    0.9159,
    0.91694,
    0.91214,
    0.91227,
    0.91376,
    0.91505,
    0.91515,
    0.91268,
    0.91252,
    0.91152,
    0.9111,
    0.91062,
    0.91124,
    0.91122,
    0.90833,
    0.90668,
    0.90479,
    0.90522,
    0.9065,
    0.9048,
    0.90864,
    0.91488,
    0.91458,
    0.9199,
    0.92266,
    0.92224,
    0.92072,
    0.92236,
    0.91998,
    0.91463,
    0.91613,
    0.91644,
    0.91372,
    0.91433,
    0.91368,
    0.9099,
    0.91308,
    0.911,
    0.9128,
    0.90746,
    0.90617,
    0.90876,
    0.91773,
    0.91796,
    0.91798,
    0.91746,
    0.91972,
    0.92118,
    0.92064,
    0.92242,
    0.91502,
    0.91442,
    0.91514,
    0.91443,
    0.91778,
    0.91955,
    0.91768,
    0.91901,
    0.91582,
    0.9145,
    0.91006,
    0.9062,
    0.906,
    0.90511,
    0.9068,
    0.91473,
    0.92063,
    0.92285,
    0.92183,
    0.91548,
    0.9125,
    0.91706,
    0.917,
    0.91238,
    0.91291,
    0.91126,
    0.91721,
    0.91524,
    0.91566,
    0.91373,
    0.91512,
    0.91668,
    0.92012,
    0.91983,
    0.92298,
    0.923,
    0.91888,
    0.91824,
    0.91979,
    0.9181,
    0.91197,
    0.91591,
    0.90921,
    0.91462,
    0.91188,
    0.91282,
    0.91356,
    0.91118,
    0.92097,
    0.92149,
    0.92281,
    0.91837,
    0.92054,
    0.92034,
    0.91779,
    0.92062,
    0.92066,
    0.9224,
    0.91936,
    0.9195,
    0.9185,
    0.91758,
    0.91731,
    0.91478,
    0.91382,
    0.91623,
    0.91728,
    0.91846,
    0.91422,
    0.91125,
    0.914,
    0.91411,
    0.91584,
    0.91722,
    0.91196,
    0.91416,
    0.91814,
    0.92102,
    0.91896,
    0.92017,
    0.92223,
    0.9202,
    0.92137,
    0.91578,
    0.92166,
    0.91831,
    0.9188,
    0.91732,
    0.9171,
    0.92332,
    0.92283,
    0.92146,
    0.92294,
    0.92205,
    0.91654,
    0.916,
    0.9218,
    0.91793,
    0.92028,
    0.92112,
    0.9162,
    0.90856,
    0.91322,
    0.92099,
    0.92172,
    0.92318,
    0.92235,
    0.91734,
    0.91664,
    0.91557,
    0.91969,
    0.91826,
    0.91334,
    0.91272,
    0.90616,
    0.90666,
    0.90461,
    0.9059,
    0.9052,
    0.90505,
    0.90449,
    0.90589,
    0.90568,
    0.90885,
    0.90622,
    0.90771,
    0.90517,
    0.90454,
    0.90703,
    0.91203,
    0.9158,
    0.9149,
    0.91832,
    0.90992,
    0.90662,
    0.90473,
    0.9078,
    0.90594,
    0.90432,
    0.90538,
    0.91287,
    0.91002,
    0.91153,
    0.91304,
    0.91076,
    0.91234,
    0.9104,
    0.92384,
    0.92386,
    0.92365,
    0.92334,
    0.9236,
    0.92394,
    0.92376,
    0.92346,
    0.92351,
    0.92416,
    0.92419,
    0.92379,
    0.92414
  ],
  "Weekly": [
    0,
    0.90058,
    0.91988,
    0.90648,
    0.89226,
    0.88608,
    0.86532,
    0.87916,
    0.87766,
    0.84938,
    0.84308,
    0.84648,
    0.88376,
    0.87552,
    0.90608,
    0.90818,
    0.89164,
    0.88258,
    0.86332,
    0.88474,
    0.89992,
    0.91662,
    0.9213,
    0.91284,
    0.91812,
    0.91664,
    0.89608,
    0.9141,
    0.91614,
    0.90808,
    0.9024,
    0.91776,
    0.90896,
    0.90634,
    0.91816,
    0.9177,
    0.91542,
    0.91362,
    0.91352,
    0.90812,
    0.91764,
    0.92112,
    0.91032,
    0.90586,
    0.90717,
    0.90178,
    0.89258,
    0.9123,
    0.91497,
    0.90682,
    0.90614,
    0.89178,
    0.88936,
    0.8963,
    0.89132,
    0.90532,
    0.90252,
    0.89448,
    0.90626,
    0.89782,
    0.89253,
    0.8878,
    0.88038,
    0.87783,
    0.87255,
    0.88284,
    0.88688,
    0.87588,
    0.8836,
    0.88159,
    0.87815,
    0.88632,
    0.89256,
    0.89508,
    0.8936,
    0.8948,
    0.89106,
    0.8941,
    0.8922,
    0.89826,
    0.9048,
    0.9055,
    0.90262,
    0.91384,
    0.91827,
    0.85656,
    0.88014,
    0.92104,
    0.91612,
    0.91818,
    0.92052,
    0.91336,
    0.91252,
    0.9091,
    0.91166,
    0.9042,
    0.9089,
    0.91158,
    0.92037,
    0.91046,
    0.91476,
    0.90442,
    0.90006,
    0.91268,
    0.91125,
    0.8919,
    0.89011,
    0.88309,
    0.88488,
    0.88531,
    0.88554,
    0.89096,
    0.89638,
    0.90864,
    0.91999,
    0.91373,
    0.91308,
    0.90148,
    0.90151,
    0.89796,
    0.8999,
    0.89912,
    0.89854,
    0.91746,
    0.92064,
    0.91442,
    0.91956,
    0.91948,
    0.906,
    0.91474,
    0.91548,
    0.91127,
    0.91374,
    0.91792,
    0.91582,
    0.91592,
    0.91282,
    0.9215,
    0.9178,
    0.92066,
    0.9185,
    0.91218,
    0.91846,
    0.91401,
    0.91196,
    0.92138,
    0.91711,
    0.9202,
    0.92128,
    0.9199,
    0.91514,
    0.9059,
    0.89398,
    0.89237,
    0.89442,
    0.89082,
    0.8985,
    0.89942,
    0.90506,
    0.90328,
    0.89374,
    0.89701,
    0.8954,
    0.88916,
    0.86228,
    0.86596,
    0.87036,
    0.87288,
    0.87648,
    0.8824,
    0.88466,
    0.88575,
    0.89293,
    0.89767,
    0.90704,
    0.90992,
    0.90242,
    0.89239,
    0.89945,
    0.88574,
    0.88276,
    0.86908,
    0.88,
    0.87024,
    0.85591,
    0.84152,
    0.85034,
    0.8527,
    0.86395,
    0.86701
  ]
}