{
  "Fifteen_Min": [
    0
  ],
  "Thirty_Min": [
    0,
    0,
    0
  ],
  "One_Hour": [
    0,
    0,
    0
  ],
  "Two_Hour": [
    0,
    0,
    0
  ],
  "Four_Hour": [
    0,
    7.81958,
    7.81302,
    7.81274,
    7.81684,
    7.81704,
    7.81768,
    7.81637,
    7.81714,
    7.81824,
    7.81442,
    7.81292,
    7.81582,
    7.81298,
    7.81242,
    7.8174,
    7.81644,
    7.81337,
    7.81326,
    7.81184,
    7.81307,
    7.81376,
    7.81381,
    7.81838,
    7.81818,
    7.81812,
    7.81672,
    7.81752,
    7.81186,
    7.81254,
    7.81279,
    7.81468,
    7.8165,
    7.81916,
    7.81765,
    7.8172,
    7.81464,
    7.81574,
    7.81653,
    7.81893,
    7.81956,
    7.8182,
    7.81575,
    7.81734,
    7.81585,
    7.81659,
    7.81525,
    7.81901,
    7.81762,
    7.81636,
    7.81963,
    7.81609,
    7.81686,
    7.8151,
    7.81407,
    7.81396,
    7.8125,
    7.8138,
    7.81388,
    7.81412,
    7.81425,
    7.8146,
    7.8133,
    7.81228,
    7.812,
    7.81284,
    7.81394,
    7.81346,
    7.8164,
    7.81722,
    7.81716,
    7.81746,
    7.81713,
    7.8126,
    7.81322,
    7.81188,
    7.81269,
    7.81304,
    7.8127,
    7.81185,
    7.81418,
    7.81533,
    7.81786,
    7.81966,
    7.81948,
    7.81792,
    7.81616,
    7.81618,
    7.8187,
    7.81931,
    7.81742,
    7.81521,
    7.81724,
    7.81584,
    7.81649,
    7.81979,
    7.82016,
    7.81866,
    7.81822,
    7.8159,
    7.81694,
    7.81678,
    7.81962,
    7.8201,
    7.81766,
    7.81922,
    7.81638,
    7.8157,
    7.8156,
    7.8166,
    7.81624,
    7.81921,
    7.8202,
    7.8194,
    7.81959,
    7.81946,
    7.81924,
    7.81938,
    7.8198,
    7.81937,
    7.8193,
    7.81759,
    7.81661,
    7.81667,
    7.81902,
    7.81978,
    7.8197,
    7.81936,
    7.81747,
    7.81676,
    7.81471,
    7.81338,
    7.81422,
    7.8141,
    7.81444,
    7.81557,
    7.8155,
    7.81596,
    7.81524,
    7.81586,
    7.81781,
    7.81273,
    7.81204,
    7.81206,
    7.81238,
    7.81252,
    7.81199,
    7.81348,
    7.81234,
    7.8135,
    7.81334,
    7.81226,
    7.81354,
    7.81508,
    7.81542,
    7.81303,
    7.81423,
    7.81353,
    7.8121,
    7.81478,
    7.81426,
    7.81517,
    7.81398,
    7.81506,
    7.81554,
    7.81656,
    7.81945,
    7.81806,
    7.81858,
    7.81868,
    7.81774,
    7.81696,
    7.81833,
    7.81926,
    7.819,
    7.81894,
    7.8192,
    7.81815,
    7.81727,
    7.8163,
    7.81775,
    7.81848,
    7.81854,
    7.81874,
    7.81807,
    7.81852,
    7.81846,
    7.81731,
    7.81753,
    7.81754,
    7.81804,
    7.81523,
    7.81534,
    7.81305,
    7.81434,
    7.81473,
    7.81484,
    7.81308,
    7.8134,
    7.8128,
    7.81614,
    7.81735,
    7.81771,
    7.8181,
    7.81934,
    7.81784,
    7.8178,
    7.81816,
    7.81982,
    7.81912,
    7.81986,
    7.81923,
    7.81862,
    7.81935,
    7.81974,
    7.81997,
    7.81887,
    7.81918,
    7.82018,
    7.82001,
    7.81662,
    7.81801,
    7.81856,
    7.8195,
    7.81796,
    7.81776,
    7.81876,
    7.81977,
    7.81952,
    7.81964,
    7.82009,
    7.81992,
    7.81996,
    7.81861,
    7.81944,
    7.81968,
    7.81633,
    7.81701,
    7.81572,
    7.81317,
    7.81437,
    7.81359
  ],
  "Daily": [
    0,
    7.81802,
    7.81746,
    7.81199,
    7.81271,
    7.81322,
    7.81672,
    7.81716,
    7.81925,
    7.81974,
    7.81508,
    7.81776,
    7.81904,
    7.8213,
    7.8217,
    7.81815,
    7.81326,
    7.81324,
    7.81276,
    7.81314,
    7.8167,
    7.81174,
    7.81222,
    7.81191,
    7.81192,
    7.81336,
    7.81562,
    7.81592,
    7.81853,
    7.8178,
    7.81421,
    7.81491,
    7.81662,
    7.8168,
    7.81871,
    7.82094,
    7.82084,
    7.81828,
    7.81698,
    7.81648,
    7.81836,
    7.81834,
    7.81753,
    7.81768,
    7.81748,
    7.8207,
    7.8196,
    7.82031,
    7.8186,
    7.81796,
    7.81935,
    7.82023,
    7.82108,
    7.81257,
    7.81323,
    7.81582,
    7.81706,
    7.82152,
    7.81551,
    7.81287,
    7.81581,
    7.81557,
    7.81584,
    7.81308,
    7.8129,
    7.81334,
    7.81286,
    7.81912,
    7.8137,
    7.81431,
    7.81414,
    7.81213,
    7.8133,
    7.81858,
    7.8174,
    7.81452,
    7.81636,
    7.8147,
    7.81885,
    7.82138,
    7.82148,
    7.81888,
    7.82028,
    7.81532,
    7.81272,
    7.81621,
    7.81386,
    7.8193,
    7.81851,
    7.81948,
    7.81973,
    7.81892,
    7.81958,
    7.82165,
    7.81704,
    7.81376,
    7.81328,
    7.8172,
    7.81653,
    7.82118,
    7.81956,
    7.81659,
    7.81396,
    7.81425,
    7.81407,
    7.81269,
    7.81185,
    7.81412,
    7.8194,
    7.81722,
    7.81979,
    7.81822,
    7.82092,
    7.82104,
    7.82052,
    7.8166,
    7.82156,
    7.82072,
    7.81922,
    7.8198,
    7.81661,
    7.82098,
    7.82169,
    7.8204,
    7.82136,
    7.81962,
    7.81471,
    7.81422,
    7.81596,
    7.81303,
    7.81178,
    7.81656,
    7.81959,
    7.81774,
    7.82106,
    7.82105,
    7.82055,
    7.81727,
    7.81742,
    7.81846,
    7.81837,
    7.81473,
    7.81398,
    7.81771,
    7.81986,
    7.82144,
    7.82155,
    7.81918,
    7.82112,
    7.79489,
    7.79858,
    7.79887,
    7.79482,
    7.79516,
    7.79656,
    7.79494,
    7.79742,
    7.79731,
    7.7976,
    7.79792,
    7.8007,
    7.80014,
    7.80089,
    7.79893,
    7.80012,
    7.79886,
    7.80084,
    7.80409,
    7.80392,
    7.80032,
    7.80421,
    7.80127,
    7.80324,
    7.80035,
    7.80369,
    7.80276,
    7.80346,
    7.79888,
    7.80118,
    7.8001,
    7.8011,
    7.8024,
    7.80176,
    7.79782,
    7.7994,
    7.80236,
    7.8014,
    7.80252,
    7.8002,
    7.80335,
    7.80423,
    7.8032,
    7.7987,
    7.7979,
    7.79553,
    7.79575,
    7.79929,
    7.80367,
    7.80036,
    7.7944,
    7.79672,
    7.79838,
    7.79702,
    7.79503,
    7.79851,
    7.79809,
    7.79704,
    7.79857,
    7.80144,
    7.80102,
    7.80251,
    7.80264,
    7.80122,
    7.80128,
    7.80008,
    7.79941,
    7.79862,
    7.79698,
    7.79629,
    7.79794,
    7.79676,
    7.79758,
    7.795,
    7.79546,
    7.79608,
    7.79936,
    7.801,
    7.79896,
    7.8017,
    7.80194,
    7.80266,
    7.79755,
    7.80087,
    7.7946,
    7.79605,
    7.80355,
    7.80094,
    7.80254,
    7.79633,
    7.7978,
    7.80216,
    7.80016,
    7.79572,
    7.7964,
    7.79615,
    7.79671,
    7.8022,
    7.79496,
    7.80108
  ],
  "Weekly": [
    0
  ]
}