{
  "Fifteen_Min": [
    0,
    1.3691,
    1.36907,
    1.3694,
    1.36934,
    1.36922,
    1.36932,
    1.3693,
    1.36946,
    1.36766,
    1.36719,
    1.36737,
    1.36776,
    1.36773,
    1.36786,
    1.36784,
    1.3679,
    1.36797,
    1.3678,
    1.36812,
    1.368,
    1.36772,
    1.36859,
    1.36852,
    1.36855,
    1.36864,
    1.36873,
    1.36888,
    1.36838,
    1.36956,
    1.36936,
    1.36952,
    1.36941,
    1.36912,
    1.36896,
    1.369,
    1.36834,
    1.36806,
    1.36802,
    1.3677,
    1.36723,
    1.36726,
    1.36754,
    1.36748,
    1.36777,
    1.36781,
    1.36741,
    1.3683,
    1.36926,
    1.36902,
    1.36828,
    1.36798,
    1.36744,
    1.36724,
    1.36899,
    1.36817,
    1.36768,
    1.36732,
    1.36728,
    1.3672,
    1.36736,
    1.36747,
    1.36753,
    1.36822,
    1.36813,
    1.36823,
    1.3682,
    1.36848,
    1.36948,
    1.36945,
    1.36916,
    1.36886,
    1.36863,
    1.36836,
    1.36835,
    1.36856,
    1.36833,
    1.36858,
    1.36851,
    1.36901,
    1.36908,
    1.36844,
    1.3676,
    1.36862,
    1.3684,
    1.36778,
    1.36756,
    1.36752,
    1.36742,
    1.36782,
    1.36762,
    1.3673,
    1.3675,
    1.3674,
    1.36722,
    1.36758,
    1.36837,
    1.36795,
    1.36793,
    1.36814,
    1.36832,
    1.36816,
    1.36824,
    1.36807,
    1.3681,
    1.36831,
    1.36842,
    1.36818,
    1.36872,
    1.36919,
    1.36923,
    1.36874,
    1.36788,
    1.36805,
    1.36804,
    1.36827,
    1.36853,
    1.36843,
    1.36846,
    1.3687,
    1.36866,
    1.36826,
    1.3685,
    1.36779,
    1.36759,
    1.36769,
    1.36746,
    1.36751,
    1.36718,
    1.36716,
    1.36738,
    1.36868,
    1.36774,
    1.36876,
    1.3688,
    1.3695,
    1.36892,
    1.3686,
    1.36794,
    1.36764,
    1.36792,
    1.36878,
    1.36879,
    1.36882,
    1.36871,
    1.36829,
    1.36808,
    1.36791,
    1.36743,
    1.36839,
    1.36845,
    1.36811,
    1.36767,
    1.36749,
    1.36799,
    1.36731,
    1.36727,
    1.36785,
    1.36739,
    1.36775,
    1.36725,
    1.36942,
    1.36914,
    1.36928,
    1.36918,
    1.36921,
    1.36898,
    1.36897,
    1.3689,
    1.36884,
    1.36894,
    1.3692
  ],
  "Thirty_Min": [
    0,
    0,
    0
  ],
  "One_Hour": [
    0,
    0,
    0
  ],
  "Two_Hour": [
    0,
    0,
    0
  ],
  "Four_Hour": [
    0,
    1.35263,
    1.3574,
    1.35908,
    1.36065,
    1.35894,
    1.36038,
    1.36076,
    1.36157,
    1.35594,
    1.35102,
    1.35246,
    1.35365,
    1.3565,
    1.35939,
    1.357,
    1.36068,
    1.36032,
    1.352,
    1.35659,
    1.35622,
    1.3554,
    1.35671,
    1.35487,
    1.35788,
    1.35816,
    1.354,
    1.35662,
    1.35614,
    1.35352,
    1.36071,
    1.36174,
    1.36054,
    1.3616,
    1.36156,
    1.3584,
    1.35554,
    1.35445,
    1.36172,
    1.36046,
    1.3592,
    1.36019,
    1.3521,
    1.35156,
    1.35276,
    1.3527,
    1.35009,
    1.35212,
    1.35272,
    1.35298,
    1.35303,
    1.35401,
    1.35512,
    1.35965,
    1.35796,
    1.35808,
    1.35762,
    1.35308,
    1.35226,
    1.35346,
    1.35776,
    1.3588,
    1.35818,
    1.3585,
    1.36082,
    1.35798,
    1.35733,
    1.35922,
    1.35924,
    1.3542,
    1.3546,
    1.35447,
    1.35604,
    1.35684,
    1.3538,
    1.35714,
    1.35572,
    1.35436,
    1.35658,
    1.35599,
    1.35743,
    1.36148,
    1.36125,
    1.36045,
    1.36034,
    1.36092,
    1.35974,
    1.35902,
    1.35882,
    1.36056,
    1.35843,
    1.35948,
    1.35494,
    1.35518,
    1.35282,
    1.35218,
    1.35233,
    1.35307,
    1.3531,
    1.35376,
    1.35124,
    1.36044,
    1.35971,
    1.35856,
    1.3587,
    1.35724,
    1.35469,
    1.3548,
    1.35506,
    1.35486,
    1.35393,
    1.35301,
    1.35454,
    1.35281,
    1.35483,
    1.35626,
    1.35764,
    1.35752,
    1.36104,
    1.35621,
    1.3614,
    1.35568,
    1.35142,
    1.35054,
    1.3535,
    1.3571,
    1.35532,
    1.35723,
    1.35404,
    1.35106,
    1.35012,
    1.35135,
    1.35042,
    1.35199,
    1.35408,
    1.35528,
    1.35322,
    1.35523,
    1.35268,
    1.3547,
    1.35646,
    1.35491,
    1.35382,
    1.35686,
    1.36164,
    1.36074,
    1.35938,
    1.35968,
    1.3568,
    1.35706,
    1.35751,
    1.35792,
    1.35892,
    1.35896,
    1.36166,
    1.35997,
    1.35918,
    1.36098,
    1.36158,
    1.36112,
    1.35954,
    1.3586,
    1.35632,
    1.35978,
    1.35962,
    1.36042,
    1.35964,
    1.36001,
    1.36088,
    1.36126,
    1.36058,
    1.36118,
    1.36049,
    1.35915,
    1.36012,
    1.35872,
    1.35745,
    1.35576,
    1.35697,
    1.35677,
    1.35356,
    1.35412,
    1.35285,
    1.35214,
    1.35194,
    1.3526,
    1.35558,
    1.35224,
    1.35157,
    1.35046,
    1.3525,
    1.351,
    1.35072,
    1.35112,
    1.35123,
    1.35107,
    1.35148,
    1.35442,
    1.35266,
    1.35086,
    1.35023,
    1.35002,
    1.35062,
    1.35024,
    1.35175,
    1.35295,
    1.35422,
    1.35398,
    1.35406,
    1.35566,
    1.35355,
    1.35414,
    1.35674,
    1.35868,
    1.36136,
    1.3591,
    1.3602,
    1.3609,
    1.35524,
    1.35475,
    1.35556,
    1.35543,
    1.35702,
    1.35542,
    1.35326,
    1.35534,
    1.35367,
    1.36011,
    1.36152,
    1.36015,
    1.35866,
    1.3605,
    1.35405,
    1.35222,
    1.35069,
    1.34996,
    1.3557,
    1.35617,
    1.35452,
    1.35176,
    1.35068,
    1.35075,
    1.35195,
    1.35022,
    1.35053,
    1.35048,
    1.35058,
    1.35052,
    1.35028,
    1.34998,
    1.3502,
    1.35448,
    1.35973,
    1.36086,
    1.3596,
    1.36075,
    1.35986,
    1.35904,
    1.36079,
    1.35848,
    1.35899,
    1.35849,
    1.35907,
    1.35935,
    1.35996,
    1.35754,
    1.35777,
    1.35666,
    1.35768,
    1.35375,
    1.35294,
    1.35324,
    1.35457,
    1.35292,
    1.35206,
    1.35466,
    1.35386,
    1.35476,
    1.35429,
    1.35699,
    1.35368,
    1.35522,
    1.35434,
    1.3543,
    1.35312,
    1.35573,
    1.35474,
    1.3545,
    1.35306,
    1.35358,
    1.35531,
    1.35479,
    1.35388,
    1.35936,
    1.35132,
    1.3532,
    1.35649,
    1.35832,
    1.35826,
    1.36008,
    1.35805,
    1.35905,
    1.3597,
    1.35925,
    1.3601,
    1.35991,
    1.3604,
    1.3594,
    1.36127,
    1.35852,
    1.35514,
    1.35638,
    1.35746,
    1.35645,
    1.35391,
    1.3534,
    1.35421,
    1.3528,
    1.35094,
    1.3509,
    1.35437,
    1.35926,
    1.35937,
    1.35841,
    1.35995,
    1.35951,
    1.36144,
    1.36014,
    1.3573,
    1.35847,
    1.35831,
    1.35824,
    1.35782,
    1.35579,
    1.35526,
    1.35545,
    1.35596,
    1.35533,
    1.35463,
    1.35492,
    1.35332,
    1.35238,
    1.35065,
    1.35136,
    1.35396,
    1.35188,
    1.35258,
    1.3519,
    1.35116,
    1.35008,
    1.3505,
    1.35108,
    1.35167,
    1.35217,
    1.35191,
    1.35196,
    1.3513,
    1.34999,
    1.35032,
    1.35806,
    1.35755,
    1.35887,
    1.35946,
    1.35874,
    1.35786,
    1.35858,
    1.35959,
    1.35804,
    1.35829,
    1.3595,
    1.35881,
    1.35942,
    1.35878,
    1.35927,
    1.36097,
    1.36146,
    1.361,
    1.35863,
    1.35958,
    1.35767,
    1.35722,
    1.35772,
    1.35846,
    1.35898,
    1.36064,
    1.35595,
    1.35372,
    1.35381,
    1.35186,
    1.35284,
    1.35092,
    1.35216,
    1.35314,
    1.3549,
    1.35557,
    1.35538,
    1.35731,
    1.35742,
    1.35842,
    1.35932,
    1.35928,
    1.35876,
    1.35912,
    1.35812,
    1.35797,
    1.35989,
    1.35827,
    1.35972,
    1.35744,
    1.35672,
    1.35668,
    1.36094,
    1.35913,
    1.35586,
    1.35836,
    1.35179,
    1.35182,
    1.35202,
    1.35192,
    1.3508,
    1.35239,
    1.35231,
    1.35278,
    1.35225,
    1.35692,
    1.35643,
    1.35648
  ],