{
  "Fifteen_Min": [
    0
  ],
  "Thirty_Min": [
    0,
    0,
    0
  ],
  "One_Hour": [
    0,
    0,
    0
  ],
  "Two_Hour": [
    0,
    0,
    0
  ],
  "Four_Hour": [
    0
  ],
  "Daily": [
    0
  ],
  "Weekly": [
    0,
    44.452,
    48.268,
    48.2395,
    45.0655,
    44.962,
    44.047,
    46.391,
    44.03978,
    44.14026,
    46.35423,
    45.36667,
    45.47314,
    46.97411,
    45.72078,
    46.97896
  ]
}