{
  "Fifteen_Min": [
    0,
    49.69512,
    49.70656,
    49.77083,
    49.78329,
    49.78722,
    49.78042,
    49.83225,
    49.73038,
    49.83076,
    49.79657,
    49.81988,
    49.83784,
    49.85386,
    49.81032,
    49.92132,
    49.87754,
    49.9176,
    49.88524,
    49.8561,
    49.8974,
    49.89681,
    49.92533,
    49.94742,
    50.1357,
    50.08108,
    49.87661,
    50.04221,
    50.0511,
    49.91874,
    49.97472,
    49.7442,
    49.67207,
    49.67482,
    49.75206,
    49.75498,
    49.73588,
    49.79648,
    49.65184,
    49.6618,
    49.78242,
    49.83485,
    49.82614,
    49.83228,
    49.9192,
    50.00355,
    50.01892,
    50.03484,
    50.08402,
    49.98268,
    50.03251,
    49.976,
    49.99952,
    50.03548,
    50.07502,
    50.04718,
    50.0501,
    50.1356,
    50.15288,
    50.12766,
    50.11072,
    50.1301,
    50.09786,
    49.97646,
    49.93112,
    50.00671,
    49.98903,
    50.14672,
    50.10749,
    50.10106,
    50.14296,
    50.06619,
    50.02926,
    50.0614,
    50.05532,
    50.04691,
    50.12474,
    50.12831,
    50.12347,
    50.07296,
    50.1095,
    50.10712,
    50.13042,
    50.12316,
    50.08776,
    50.06148,
    50.03782,
    50.0247,
    49.93805,
    50.0041,
    50.07123,
    50.10679,
    50.11207,
    50.06437,
    50.03252,
    50.12424,
    50.08314,
    50.0741,
    50.06193,
    50.04598,
    50.04719,
    49.93303,
    49.99164,
    50.07118,
    50.09694,
    49.91236,
    49.93595,
    49.8203,
    49.82038
  ],
  "Thirty_Min": [
    0,
    0,
    0
  ],
  "One_Hour": [
    0,
    0,
    0
  ],
  "Two_Hour": [
    0,
    0,
    0
  ],
  "Four_Hour": [
    0
  ],
  "Daily": [
    0
  ],
  "Weekly": [
    0,
    50.27474,
    49.47022,
    50.43478,
    50.71107,
    50.61365,
    51.0662
  ]
}