{
  "Fifteen_Min": [
    0,
    0,
    0
  ],
  "Thirty_Min": [
    0,
    0,
    0
  ],
  "One_Hour": [
    0,
    0,
    0
  ],
  "Two_Hour": [
    0,
    0,
    0
  ],
  "Four_Hour": [
    0,
    26.87949,
    26.85008,
    26.81746,
    26.80168,
    26.79945,
    26.76153,
    26.75548,
    26.71566,
    26.59113,
    26.2599,
    26.11464,
    26.06972,
    25.96722,
    25.91624,
    25.90671,
    25.93046,
    25.99646,
    26.14198,
    26.13944,
    25.96246,
    26.10588,
    25.93483,
    25.88004,
    25.85478,
    25.95314,
    25.95648,
    26.0491,
    25.89699,
    25.86218,
    26.07877,
    26.52864,
    26.58344,
    26.59578,
    26.5115,
    26.5363,
    26.41741,
    26.45304,
    26.4308,
    26.34754,
    26.29134,
    26.41309,
    26.31378,
    26.31396,
    26.17123,
    26.14169,
    25.90869,
    25.91858,
    25.87712,
    25.98578,
    25.93048,
    26.19462,
    26.31245,
    26.59153,
    26.40125,
    26.34924,
    26.09178,
    26.27212,
    26.1497,
    26.12186,
    26.10684,
    25.94838,
    25.9457,
    25.864,
    25.82816,
    25.85176,
    25.83987,
    25.94129,
    25.8505,
    25.79846,
    25.97334,
    26.28888,
    26.02306,
    26.10424,
    26.16604,
    26.37699,
    26.41152,
    26.48456,
    26.37867,
    26.31546,
    25.87474,
    25.86564,
    26.22498,
    25.99058,
    26.25206,
    26.3227,
    26.31238,
    26.44733,
    26.69056,
    26.81645,
    26.77338,
    26.80532,
    26.42283,
    26.36444,
    26.45124,
    26.41614,
    26.14933,
    26.28341,
    26.31126,
    26.25814,
    25.91808,
    25.9465,
    25.97098,
    25.96779,
    25.94859,
    25.84498,
    25.79562,
    26.12812,
    26.47482,
    26.49145,
    26.31352,
    26.3697,
    26.42044,
    26.3474,
    26.4026,
    26.0072,
    25.89168,
    26.32372,
    26.23369,
    26.48587,
    26.41078,
    26.52352,
    26.55296,
    26.49475,
    26.31864,
    26.50639,
    26.38482,
    26.47484,
    26.45583,
    26.17249,
    26.19174,
    26.13078,
    26.14108,
    26.1273,
    25.95446,
    26.07275,
    26.09659,
    26.11378
  ],
  "Daily": [
    0
  ],
  "Weekly": [
    0
  ]
}