{
  "Fifteen_Min": [
    0,
    31.2175,
    31.19695,
    31.2375,
    31.375,
    31.3425,
    31.46755,
    31.459,
    31.38,
    31.4295,
    31.425,
    31.4245,
    31.4235,
    31.239,
    31.2165,
    31.331,
    31.4655,
    31.4535,
    31.4683,
    31.44035,
    31.47065,
    31.45585,
    31.4094,
    31.4345,
    31.43,
    31.4663,
    31.43805,
    31.463,
    31.453,
    31.439,
    31.4192,
    31.4455,
    31.34175,
    31.4051,
    31.296,
    31.3615,
    31.343,
    31.227,
    31.2507,
    31.2325,
    31.208,
    31.26175,
    31.3215,
    31.3025,
    31.3125,
    31.324,
    31.243,
    31.207,
    31.1207,
    31.115,
    31.125,
    31.121,
    31.1185,
    31.1335,
    31.162,
    31.1195,
    31.1545,
    31.1865,
    31.1478,
    31.1895,
    31.1825,
    31.2222,
    31.2115,
    31.255,
    31.2871,
    31.287,
    31.2725,
    31.2864,
    31.3065,
    31.3365,
    31.319,
    31.234,
    31.303,
    31.354,
    31.349,
    31.2922,
    31.3015,
    31.4025,
    31.394,
    31.47,
    31.471,
    31.4635,
    31.45945,
    31.42445,
    31.43865,
    31.436,
    31.434,
    31.4015,
    31.4735,
    31.4314,
    31.328,
    31.416,
    31.43575,
    31.3452,
    31.4085,
    31.4305,
    31.4485,
    31.369,
    31.408,
    31.4285,
    31.44205,
    31.4625,
    31.44255,
    31.358,
    31.2816,
    31.3035,
    31.2383,
    31.203,
    31.22655,
    31.2195,
    31.2545,
    31.2595,
    31.2275,
    31.233,
    31.2245,
    31.232,
    31.2565,
    31.266,
    31.23725,
    31.326
  ],
  "Thirty_Min": [
    0,
    0,
    0
  ],
  "One_Hour": [
    0,
    0,
    0
  ],
  "Two_Hour": [
    0,
    0,
    0
  ],
  "Four_Hour": [
    0,
    30.2773,
    30.8575,
    30.796
  ],
  "Daily": [
    0,
    21.40448,
    22.59865,
    22.76524,
    22.77392,
    22.88526,
    22.69519,
    22.62652,
    22.905,
    22.404,
    22.268,
    22.4945,
    22.5105,
    22.42,
    22.459,
    21.5353,
    22.1765,
    22.539,
    22.62,
    22.624,
    22.5905,
    22.579,
    22.564,
    22.9045,
    22.838,
    22.337,
    22.387,
    22.388,
    22.4965,
    22.426,
    21.9645,
    22.188,
    21.9505,
    22.0915,
    22.374,
    22.2645,
    22.5085,
    22.798,
    22.882,
    23.015,
    22.826,
    22.8935,
    22.793,
    22.195,
    22.3675,
    22.472,
    22.784,
    22.965,
    23.0285,
    22.765,
    22.4735,
    22.4675,
    22.64,
    22.524,
    23.01,
    22.7675,
    22.6465,
    22.57565,
    22.2875,
    22.5135,
    22.3625,
    21.788,
    21.5685,
    21.623,
    21.6245,
    21.4117,
    21.759,
    21.8015,
    21.9925,
    22.019,
    21.975,
    21.556,
    21.832,
    21.924,
    22.077,
    22.0525,
    21.6875,
    21.8985,
    21.6805,
    21.682,
    21.6074,
    21.4195,
    21.356,
    21.6835,
    21.71,
    21.5655,
    21.4645,
    21.5104,
    21.45635,
    22.1955,
    22.7535,
    22.252,
    22.1905,
    22.7305,
    22.9945,
    22.3525,
    22.2855,
    22.162,
    21.9765,
    22.01,
    21.9965,
    21.862,
    21.6275,
    21.5805,
    21.738,
    21.8175,
    21.5195,
    21.684,
    21.7815,
    21.6885,
    22.5455,
    22.3985,
    22.9915,
    22.7325,
    22.6555,
    22.2595,
    22.4355,
    22.6935,
    22.5715,
    22.769,
    22.906,
    22.962,
    22.7205,
    22.7775,
    22.6715,
    22.7005,
    22.688,
    22.601,
    22.522,
    22.4185,
    22.6845,
    22.7555,
    22.9705,
    22.929,
    22.833,
    22.649,
    22.8535,
    22.534,
    22.6155,
    22.19,
    21.59,
    21.8875,
    21.834,
    22.0325,
    21.828,
    22.701,
    22.613,
    22.801,
    22.8505,
    22.983,
    22.9185,
    22.862,
    22.8045,
    22.859,
    22.952,
    22.767,
    22.6315,
    22.5425,
    22.254,
    22.3125,
    22.998,
    22.822,
    22.771,
    22.9895,
    23.0085,
    22.9755,
    22.896,
    22.7545,
    22.922,
    22.5545,
    22.7495,
    23.06504,
    23.032,
    23.0465,
    23.0485,
    23.0705,
    23.0735,
    23.06,
    23.0385,
    23.034,
    23.033,
    21.312,
    23.48673,
    23.14832,
    23.23319,
    23.38239,
    23.25487,
    23.27048,
    23.34026,
    23.3329,
    23.4505,
    23.3445,
    23.1835,
    23.244,
    23.0893,
    23.3085,
    23.1932,
    23.1715,
    23.089,
    23.4785,
    23.191,
    23.314,
    23.1935,
    23.368,
    23.305,
    23.1465,
    23.475,
    23.315,
    23.09,
    23.2325,
    23.239,
    23.419,
    23.47,
    23.4655,
    23.4725,
    23.102,
    23.2315,
    23.3285,
    23.343,
    23.499,
    23.4495,
    23.1675,
    23.193,
    23.4425,
    23.1525,
    23.0855,
    23.146,
    23.1265,
    23.1335,
    23.3105,
    23.4085,
    23.17,
    23.202,
    23.248,
    23.3985,
    23.1285,
    23.101,
    23.091,
    23.442,
    23.4365,
    23.103,
    23.1915,
    22.619,
    22.0875,
    23.506,
    23.513,
    23.543,
    23.534,
    23.52085,
    23.553,
    23.523,
    23.5435,
    23.515,
    23.5385,
    22.441,
    22.671,
    22.913,
    22.8005,
    23.1625,
    22.941,
    22.689,
    22.3535,
    22.4275,
    22.2155,
    22.584
  ],
  "Weekly": [
    0,
    26.743,
    26.048,
    27.313,
    26.707,
    28.682,
    28.676,
    28.472,
    27.513,
    27.987,
    29.138,
    29.11147,
    27.84482,
    28.74192,
    28.91366,
    28.7391,
    28.52436,
    28.52215,
    28.50227,
    26.91244,
    27.49413,
    27.10886,
    27.32401,
    27.3181,
    27.74326,
    27.80475,
    28.12071,
    28.082,
    28.72198,
    28.59959,
    28.77964,
    28.74261,
    28.34445,
    27.3301,
    25.99898,
    26.44783,
    26.80018,
    26.91924,
    26.7394,
    26.7694,
    25.80746,
    25.81664,
    25.43468,
    25.5105,
    26.991,
    26.9285,
    27.291,
    26.6715,
    25.924,
    25.964,
    26.0035,
    25.929,
    27.453,
    27.422,
    27.565,
    27.7925,
    27.9235,
    25.78035,
    26.092,
    26.091,
    25.674,
    25.4915,
    25.701,
    25.528,
    27.4935,
    27.89
  ]
}