{
  "Fifteen_Min": [
    0,
    27.71264,
    27.68206,
    27.67794,
    27.76711,
    27.8304,
    27.75242,
    27.78301,
    27.80053,
    27.81122,
    27.88632,
    27.87557,
    27.93716,
    28.01923,
    28.08119,
    28.13818,
    27.9351,
    27.86539,
    27.81512,
    27.82958,
    27.8796,
    27.75202
  ],
  "Thirty_Min": [
    0,
    0,
    0
  ],
  "One_Hour": [
    0,
    0,
    0
  ],
  "Two_Hour": [
    0,
    0,
    0
  ],
  "Four_Hour": [
    0,
    27.51434,
    28.01923,
    28.20066
  ],
  "Daily": [
    0
  ],
  "Weekly": [
    0,
    24.311,
    25.7095,
    25.5505,
    26.3665,
    26.3605,
    26.11371,
    25.70918,
    26.07736,
    25.54436,
    24.1125,
    24.04372,
    24.43238,
    24.59396,
    24.30344,
    24.40002,
    24.04764,
    24.20536,
    24.40282,
    24.2348,
    23.48766,
    24.10958,
    23.5325,
    23.50463,
    23.35782,
    23.76004,
    23.67512,
    24.74834,
    24.72108,
    24.75227,
    24.98865,
    25.0901,
    23.78056,
    23.93837,
    23.85814,
    23.61058,
    23.57098,
    23.75023,
    24.80326,
    25.50066
  ]
}