{
  "Fifteen_Min": [
    0,
    29.61806,
    29.60873,
    29.58677,
    29.58618,
    29.60837,
    29.58645,
    29.61615,
    29.65012,
    29.64362,
    29.64242,
    29.62074,
    29.62744,
    29.61527,
    29.62993,
    29.63864,
    29.5888,
    29.62357,
    29.59566,
    29.60992,
    29.6061,
    29.5898,
    29.58382,
    29.60508,
    29.58372,
    29.65576,
    29.66312,
    29.72256,
    29.6318,
    29.60279,
    29.60106,
    29.5771,
    29.58519,
    29.58069,
    29.59438,
    29.58766,
    29.57744,
    29.6161,
    29.61206,
    29.61293,
    29.5972,
    29.57822,
    29.59152,
    29.59833,
    29.59163,
    29.58755,
    29.59671,
    29.6085,
    29.6308,
    29.63526,
    29.63404,
    29.62403,
    29.61916,
    29.58946,
    29.60174,
    29.59283,
    29.59415,
    29.60556,
    29.63589,
    29.68586,
    29.72026,
    29.72332,
    29.72996,
    29.7558,
    29.7514,
    29.78046,
    29.73458,
    29.80469,
    29.8046,
    29.82952,
    29.82825,
    29.79966,
    29.86561,
    29.87815,
    29.85838,
    29.90128,
    29.86892,
    29.87312,
    29.87422,
    29.86963,
    29.89346,
    29.89917,
    29.84973,
    29.89548,
    29.91761,
    29.901,
    29.90584,
    29.84182,
    29.88698,
    29.8996,
    29.91538,
    29.8421,
    29.8614,
    29.89916,
    29.79797,
    29.8072,
    29.73272,
    29.73336
  ],
  "Thirty_Min": [
    0,
    0,
    0
  ],
  "One_Hour": [
    0,
    0,
    0
  ],
  "Two_Hour": [
    0,
    0,
    0
  ],
  "Four_Hour": [
    0
  ],
  "Daily": [
    0
  ],
  "Weekly": [
    0,
    29.7945,
    29.81065,
    30.3587,
    29.47836,
    29.34195,
    28.83528,
    31.02536,
    29.95278,
    29.20797,
    28.70622,
    28.94718,
    29.30739,
    29.09545,
    28.72788,
    29.55194,
    29.15415,
    30.23362,
    30.8007,
    30.64016
  ]
}