{
  "Fifteen_Min": [
    0
  ],
  "Thirty_Min": [
    0,
    0,
    0
  ],
  "One_Hour": [
    0,
    0,
    0
  ],
  "Two_Hour": [
    0,
    0,
    0
  ],
  "Four_Hour": [
    0,
    27.98948,
    27.67334,
    27.2994,
    27.49542,
    27.72508,
    27.6996,
    27.71886,
    27.62847,
    27.81633,
    27.89408,
    27.92712,
    27.9176,
    27.73326,
    26.99918,
    27.01592,
    26.92041,
    26.98341,
    26.9979,
    26.974,
    26.98326,
    27.09293,
    27.05818,
    27.00097,
    26.94294,
    26.98737,
    26.9112,
    26.8535,
    26.86928,
    26.9536,
    26.99458,
    27.05994,
    27.04634,
    27.06259,
    26.97128,
    26.87558,
    26.82078,
    26.79161,
    26.99669,
    26.80366,
    27.08488,
    27.52528,
    27.6068,
    27.64966,
    27.64476,
    27.63727,
    27.96034,
    27.93936,
    27.77084,
    27.92912,
    28.00444,
    28.0415,
    28.01482,
    27.82464,
    28.0167,
    27.88149,
    27.64386,
    27.43198,
    27.63077,
    27.49783,
    27.58367,
    27.69446,
    27.67248,
    27.65694,
    27.76396,
    27.7699,
    27.77648,
    27.85308,
    27.66267,
    27.19973,
    27.45239,
    27.41171,
    27.4847,
    27.64494,
    27.96588,
    28.04302,
    27.83814,
    27.80948,
    27.77097,
    27.90234,
    27.85064,
    27.79586,
    28.05677,
    27.94748,
    27.86662,
    27.89942,
    27.74528,
    27.55548,
    27.76406,
    27.70922,
    27.61474,
    27.5487,
    27.40235,
    27.3452,
    27.37666,
    27.21886,
    27.31376,
    27.04854,
    27.08088,
    27.023,
    26.85182,
    26.78085,
    26.85256,
    26.82932,
    27.41485,
    27.64744,
    27.55663,
    27.45732,
    27.3223,
    27.33273,
    27.22065,
    27.05735,
    27.14228,
    27.37704,
    27.54842,
    27.5229,
    27.58657,
    27.35006,
    27.33683,
    27.13602,
    27.01379,
    26.84518,
    26.98884,
    26.8521,
    27.22216,
    27.52271,
    27.33614,
    27.20774,
    27.1907,
    27.28279,
    27.46448,
    27.39402,
    27.20806,
    27.11024,
    27.12644,
    27.1797,
    27.17912,
    27.22404,
    27.42992,
    27.50026,
    27.72234,
    27.42354,
    27.524,
    27.81418,
    27.78254,
    27.85394,
    27.7606,
    27.70186,
    27.06942,
    27.0231,
    26.99612,
    26.88339,
    27.0564,
    27.02222,
    27.01297,
    26.784,
    26.87999,
    26.83268,
    26.97156,
    27.09476,
    27.02972,
    27.17968,
    27.33785,
    27.32865,
    27.38353,
    27.60517,
    27.83911,
    27.90204,
    27.85363,
    27.9528,
    27.55404,
    27.51224,
    27.55488,
    27.46731,
    27.20169,
    27.29972,
    27.32711,
    27.24397,
    26.75716,
    27.01844,
    27.01812,
    26.85146,
    26.99092,
    26.80414,
    27.10202,
    27.46173,
    27.46732,
    27.25268,
    27.36616,
    27.40703,
    27.33541,
    27.39098,
    27.00259,
    26.90342,
    27.40816,
    27.2893,
    27.56286,
    27.4317,
    27.48778,
    27.5059,
    27.47672,
    27.26584,
    27.51066,
    27.44167,
    27.52322,
    27.5074,
    27.18174,
    27.14939,
    27.09074,
    27.1064,
    27.08456,
    26.8951,
    27.00738,
    27.07207,
    27.13954
  ],
  "Daily": [
    0
  ],
  "Weekly": [
    0,
    35.393,
    35.2415,
    38.2965,
    37.4905,
    38.302,
    38.0185,
    37.0975,
    36.668,
    35.317,
    35.9595,
    37.15,
    38.365,
    39.11764,
    38.83062,
    37.66792,
    36.09997,
    37.21073,
    38.45638,
    39.34522,
    38.7106,
    37.81364,
    36.22274,
    36.64868,
    36.55768,
    36.57183,
    36.46186,
    35.20088,
    38.49494,
    39.18892,
    39.16351,
    37.88228,
    39.35231,
    36.63221,
    36.74061,
    37.08766,
    37.31584,
    39.11906,
    38.50448,
    38.89894,
    36.85794,
    35.5423,
    35.47636,
    35.90433,
    35.8771,
    35.16299,
    36.2568,
    36.76221,
    36.73602,
    36.58752,
    36.4013,
    35.86308,
    35.94444,
    36.13846,
    35.54485,
    36.37372,
    36.52885,
    36.72016,
    36.94554,
    36.81144,
    35.25012,
    37.08103,
    37.97028
  ]
}