{
  "Fifteen_Min": [
    0
  ],
  "Thirty_Min": [
    0,
    0,
    0
  ],
  "One_Hour": [
    0,
    0,
    0
  ],
  "Two_Hour": [
    0,
    0,
    0
  ],
  "Four_Hour": [
    0,
    48.76852,
    48.91123,
    48.90156,
    49.53706,
    50.31552,
    50.51423
  ],
  "Daily": [
    0
  ],
  "Weekly": [
    0,
    44.452,
    45.0655,
    44.962,
    44.047,
    46.391,
    44.03978,
    44.14026,
    43.81206,
    46.35423,
    45.36667,
    45.47314,
    46.97411,
    45.72078,
    46.97896
  ]
}