{
  "Fifteen_Min": [
    0,
    23.91628,
    24.06966,
    23.923,
    24.03414,
    24.04349,
    24.11602,
    24.16424,
    24.0873,
    24.09186,
    24.11212,
    24.11446,
    23.99528,
    23.93464,
    23.89814,
    23.91288,
    23.95568,
    23.84962
  ],
  "Thirty_Min": [
    0,
    0,
    0
  ],
  "One_Hour": [
    0,
    0,
    0
  ],
  "Two_Hour": [
    0,
    0,
    0
  ],
  "Four_Hour": [
    0,
    23.45692,
    23.91628,
    24.29524,
    24.21584
  ],
  "Daily": [
    0
  ],
  "Weekly": [
    0,
    20.728,
    21.893,
    22.3345,
    21.723,
    21.7695,
    21.858,
    21.608,
    22.06466,
    22.29754,
    22.15494,
    21.50386,
    21.07503,
    22.8599,
    21.28749,
    21.59098,
    20.66248,
    21.28606,
    21.3102,
    21.02402,
    21.96089,
    21.87977,
    21.03284,
    21.2769,
    21.33147,
    20.82028,
    20.87296,
    20.72399,
    21.75376,
    22.40304
  ]
}