{
  "Fifteen_Min": [
    0,
    27.92336,
    28.09477,
    27.92638,
    28.06501,
    28.06954,
    28.1502,
    28.21173,
    28.1334,
    28.15814,
    28.17282,
    28.18088,
    28.25683,
    28.24751,
    28.30888,
    28.39129,
    28.19158,
    28.12243,
    28.08208,
    28.10084,
    28.15028,
    28.02504
  ],
  "Thirty_Min": [
    0,
    0,
    0
  ],
  "One_Hour": [
    0,
    0,
    0
  ],
  "Two_Hour": [
    0,
    0,
    0
  ],
  "Four_Hour": [
    0,
    27.92336,
    28.39129,
    28.45619
  ],
  "Daily": [
    0
  ],
  "Weekly": [
    0,
    24.2945,
    25.4665,
    25.833,
    24.8685,
    26.5065,
    26.565,
    24.89,
    25.078,
    24.7755,
    24.76392,
    25.21868,
    25.06462,
    25.73576,
    24.95018,
    24.75062,
    24.88673,
    25.58483,
    25.44388,
    25.32496,
    26.31868,
    26.13212,
    24.6932,
    24.29176,
    24.26388,
    24.59976,
    25.22776,
    26.27456,
    26.4026,
    26.60456,
    26.47915,
    25.83396,
    24.63084,
    24.79717,
    25.64214,
    25.36476,
    25.73683,
    25.58456,
    24.51916,
    25.36886,
    26.20834
  ]
}