{
  "Fifteen_Min": [
    0,
    24.70822,
    24.70508,
    24.63774,
    24.69348,
    24.54978,
    24.4665,
    24.52166,
    24.52844,
    24.47961,
    24.5241,
    24.50004,
    24.48181,
    24.46758,
    24.48662,
    24.56458,
    24.55382,
    24.61262,
    24.63365,
    24.6289,
    24.62554,
    24.64888,
    24.6492,
    24.63439,
    24.62758,
    24.62772,
    24.62094,
    24.63706,
    24.62182,
    24.65392,
    24.64708,
    24.64542,
    24.64581,
    24.65628,
    24.65974,
    24.65972,
    24.64766,
    24.64699,
    24.66284,
    24.66242,
    24.71686,
    24.71618,
    24.70692,
    24.71576,
    24.6133,
    24.69142,
    24.68208,
    24.60148,
    24.5428,
    24.54088,
    24.61356,
    24.5665,
    24.5581,
    24.59159,
    24.57868,
    24.58264,
    24.55778,
    24.58071,
    24.57243,
    24.55737,
    24.56628,
    24.58064,
    24.55652,
    24.56405,
    24.54537,
    24.51015,
    24.52092,
    24.50154,
    24.51242,
    24.54751,
    24.51838,
    24.50697,
    24.50538,
    24.4935,
    24.4924,
    24.47644,
    24.45628,
    24.48096,
    24.47546,
    24.50422,
    24.49724,
    24.4779,
    24.46742,
    24.46591,
    24.45733,
    24.45675,
    24.48532,
    24.48186,
    24.47736,
    24.4824,
    24.46912,
    24.46204,
    24.46895,
    24.48326,
    24.47232,
    24.48946,
    24.47991,
    24.48425,
    24.49314,
    24.49634,
    24.49615,
    24.52513,
    24.52781,
    24.55798,
    24.5637,
    24.56358,
    24.5328,
    24.53615,
    24.53508,
    24.58089,
    24.61714,
    24.61918,
    24.67262,
    24.67629,
    24.68891,
    24.7071,
    24.71136,
    24.70333,
    24.66808,
    24.6865,
    24.68948,
    24.67177,
    24.71823,
    24.71412,
    24.70753,
    24.69012,
    24.68562,
    24.63026,
    24.67098,
    24.70376,
    24.70304,
    24.67628,
    24.70908,
    24.70823,
    24.70826,
    24.65402,
    24.66188,
    24.70232,
    24.71024,
    24.60656,
    24.61756,
    24.55426,
    24.54612
  ],
  "Thirty_Min": [
    0,
    0,
    0
  ],
  "One_Hour": [
    0,
    0,
    0
  ],
  "Two_Hour": [
    0,
    0,
    0
  ],
  "Four_Hour": [
    0
  ],
  "Daily": [
    0
  ],
  "Weekly": [
    0,
    24.9875,
    24.34852,
    24.28712,
    24.01796,
    25.26698,
    25.76452,
    23.83749,
    23.86274,
    23.70269,
    23.65273,
    24.53234,
    24.13512,
    25.11863,
    24.23142,
    23.97292,
    24.04471,
    24.30602,
    24.21356,
    23.83846,
    24.90683,
    24.94546,
    24.51242,
    25.27648,
    25.64695,
    25.54268
  ]
}