{
  "Fifteen_Min": [
    0,
    27.71264,
    27.68206,
    27.67794,
    27.76711,
    27.8304,
    27.75242,
    27.78301,
    27.80053,
    27.81122,
    27.88632,
    27.87557,
    27.93716,
    28.01923,
    28.08119,
    28.13818,
    27.9351,
    27.86539,
    27.81512,
    27.82958,
    27.8796,
    27.75202
  ],
  "Thirty_Min": [
    0,
    0,
    0
  ],
  "One_Hour": [
    0,
    0,
    0
  ],
  "Two_Hour": [
    0,
    0,
    0
  ],
  "Four_Hour": [
    0,
    27.51434,
    28.01923,
    28.20066
  ],
  "Daily": [
    0
  ],
  "Weekly": [
    0,
    27.102,
    26.7935,
    28.141,
    28.243,
    28.152,
    27.737,
    27.4335,
    27.83,
    29.116,
    28.58818,
    28.68052,
    29.41484,
    28.21276,
    27.17364,
    28.71664,
    27.69858,
    29.6818,
    28.83078,
    29.72708,
    27.84021,
    27.26726,
    27.45456,
    28.3229,
    29.27024,
    29.08859,
    29.16151,
    28.98379,
    28.80966,
    28.34805,
    27.89319,
    26.8871,
    27.00872,
    27.3677,
    27.35049,
    27.26777,
    26.79174,
    26.99082,
    27.04774,
    26.9784,
    27.47225,
    27.34822,
    29.53852,
    29.08797,
    29.62162,
    27.46913,
    27.42772,
    27.94486,
    27.82756,
    28.88561,
    28.90274,
    28.82839,
    27.46566,
    26.69938,
    26.96712,
    27.0143,
    27.04133,
    26.92198,
    27.77486,
    27.43685,
    27.53669,
    27.63184,
    27.03336,
    29.15634,
    28.2249,
    27.41194,
    26.87188,
    26.95423,
    27.21102,
    26.90404,
    27.77194,
    27.72424,
    28.54635,
    28.9451,
    28.91732
  ]
}