{
  "Fifteen_Min": [
    0,
    236.21578,
    237.88864,
    236.3369,
    237.6706,
    237.82117,
    238.55396,
    239.35788,
    238.56942,
    238.81294,
    238.88002,
    238.95966,
    239.71209,
    239.53154,
    240.06118,
    239.97544,
    240.11354,
    238.2467,
    237.63318,
    237.39242,
    237.44484,
    237.90817,
    236.90936
  ],
  "Thirty_Min": [
    0,
    0,
    0
  ],
  "One_Hour": [
    0,
    0,
    0
  ],
  "Two_Hour": [
    0,
    0,
    0
  ],
  "Four_Hour": [
    0,
    236.21578,
    240.76132,
    240.45194
  ],
  "Daily": [
    0
  ],
  "Weekly": [
    0,
    207.2775,
    201.9045,
    211.8035,
    207.3395,
    222.957,
    226.746,
    227.6575,
    222.883,
    221.35,
    214.3885,
    218.0315,
    226.8755,
    226.43804,
    216.2348,
    223.16693,
    224.52903,
    223.22148,
    221.44916,
    221.34586,
    221.13258,
    208.84888,
    213.27582,
    210.20752,
    211.96792,
    211.88984,
    215.2139,
    215.62056,
    218.14838,
    217.83067,
    222.78261,
    221.78696,
    223.36314,
    223.15216,
    220.02662,
    212.2199,
    201.80464,
    204.98986,
    207.71011,
    208.63622,
    207.2353,
    207.46419,
    200.06549,
    200.171,
    209.27,
    208.7815,
    211.5923,
    206.87379,
    201.25064,
    201.77168,
    201.40092,
    213.20219,
    212.99846,
    214.01521,
    215.5842,
    216.71958,
    200.12048,
    202.51306,
    202.65714,
    199.43281,
    200.82418,
    199.83727,
    215.24895,
    218.60963
  ]
}