{
  "Fifteen_Min": [
    0
  ],
  "Thirty_Min": [
    0,
    0,
    0
  ],
  "One_Hour": [
    0,
    0,
    0
  ],
  "Two_Hour": [
    0,
    0,
    0
  ],
  "Four_Hour": [
    0,
    45.4464,
    46.15414,
    46.77518,
    46.52702
  ],
  "Daily": [
    0
  ],
  "Weekly": [
    0,
    40.689,
    40.64066,
    41.7882,
    43.15801
  ]
}