{
  "Fifteen_Min": [
    0,
    55.03696,
    54.99863,
    55.03391,
    54.98588,
    55.00567,
    54.99004,
    55.02518,
    55.04774,
    55.25124,
    55.20072,
    55.30768,
    55.45784,
    55.4102,
    55.52361,
    55.38201,
    55.31506,
    55.51491,
    55.51428,
    55.49838,
    55.35594,
    55.33598,
    55.4894,
    55.49683,
    55.49324,
    55.46576,
    55.5791,
    55.4132,
    55.4115,
    55.36862,
    55.33432,
    55.38837,
    55.52739,
    55.54077,
    55.53418,
    55.57281,
    55.56122,
    55.58388,
    55.46988,
    55.49122,
    55.25715,
    55.33574,
    55.12406,
    54.99702,
    55.04852,
    55.0543,
    55.13853,
    55.15154,
    55.12968,
    55.2139,
    55.0493,
    55.04918,
    55.19583,
    55.2572,
    55.24896,
    55.24133,
    55.32984,
    55.42136,
    55.43377,
    55.44026,
    55.48986,
    55.39814,
    55.45876,
    55.4434,
    55.39668,
    55.39143,
    55.43286,
    55.46696,
    55.58624,
    55.47614,
    55.45394,
    55.5342,
    55.53398,
    55.57918,
    55.52414,
    55.51386,
    55.54222,
    55.52603,
    55.40179,
    55.34598,
    55.42665,
    55.40709,
    55.56602,
    55.57995,
    55.53384,
    55.47388,
    55.57888,
    55.56974,
    55.4781,
    55.53269,
    55.43178,
    55.3888,
    55.42716,
    55.41169,
    55.40622,
    55.49624,
    55.49942,
    55.50386,
    55.45838,
    55.50362,
    55.49986,
    55.5201,
    55.56316,
    55.5403,
    55.56548,
    55.53057,
    55.49666,
    55.49852,
    55.4045,
    55.48406,
    55.53251,
    55.55481,
    55.51547,
    55.57314,
    55.57464,
    55.55912,
    55.54255,
    55.54642,
    55.41238,
    55.46848,
    55.5507,
    55.574,
    55.35082,
    55.38155,
    55.24873,
    55.24306
  ],
  "Thirty_Min": [
    0,
    0,
    0
  ],
  "One_Hour": [
    0,
    0,
    0
  ],
  "Two_Hour": [
    0,
    0,
    0
  ],
  "Four_Hour": [
    0
  ],
  "Daily": [
    0
  ],
  "Weekly": [
    0,
    58.548,
    55.53104,
    55.56122,
    56.2192,
    56.09657,
    56.52607
  ]
}