{
  "Fifteen_Min": [
    0,
    41.99153,
    41.96216,
    41.99814,
    41.96466,
    41.95392,
    41.95588,
    41.9578,
    41.9831,
    42.0073,
    42.15954,
    42.09979,
    42.18124,
    42.3073,
    42.28041,
    42.35249,
    42.27673,
    42.26292,
    42.40964,
    42.38254,
    42.30065,
    42.40176,
    42.36163,
    42.16301,
    42.17237,
    42.13454,
    42.23475,
    42.17902,
    42.23844,
    42.22621,
    42.18728,
    42.27012,
    42.28329,
    42.30401,
    42.27986,
    42.28945,
    42.34628,
    42.37621,
    42.22286,
    42.28198,
    42.13868,
    42.03683,
    41.98766,
    42.06642,
    42.0526,
    42.14168,
    42.17116,
    42.14626,
    42.21448,
    42.09028,
    42.08718,
    42.19932,
    42.24919,
    42.25645,
    42.24813,
    42.3098,
    42.39662,
    42.40446,
    42.4097,
    42.39892,
    42.39273,
    42.38809,
    42.39732,
    42.40228,
    42.40857,
    42.41011,
    42.41776,
    42.41808,
    42.32605,
    42.29566,
    42.37074,
    42.35296,
    42.36551,
    42.32746,
    42.28336,
    42.37688,
    42.39196,
    42.41375,
    42.33489,
    42.35635,
    42.37686,
    42.25765,
    42.28286,
    42.31176,
    42.33798,
    42.3912,
    42.38612,
    42.37056,
    42.26494,
    42.16572,
    42.20338,
    42.10876,
    42.06336,
    42.08418,
    42.07234,
    42.06813,
    42.12932,
    42.14263,
    42.13906,
    42.09124,
    42.10896,
    42.10812,
    42.11979,
    42.11673,
    42.14047,
    42.09548,
    42.20364
  ],
  "Thirty_Min": [
    0,
    0,
    0
  ],
  "One_Hour": [
    0,
    0,
    0
  ],
  "Two_Hour": [
    0,
    0,
    0
  ],
  "Four_Hour": [
    0
  ],
  "Daily": [
    0
  ],
  "Weekly": [
    0,
    41.587,
    42.526,
    45.126,
    45.525,
    44.891,
    44.16,
    44.079,
    43.4335,
    44.55212,
    44.76081,
    44.26616,
    42.50068,
    41.55112,
    44.79966,
    43.8443,
    43.18936,
    42.08592,
    41.90902,
    41.63782,
    41.80644,
    42.35562,
    41.88648,
    43.54206,
    43.02274,
    41.61538,
    42.29907,
    42.29578,
    42.33586,
    41.2811,
    42.00896,
    44.17704,
    43.0342,
    41.50245,
    41.57697,
    41.22466,
    41.57831,
    41.18354,
    42.56495,
    43.10387,
    43.06448,
    43.39016
  ]
}