{
  "Fifteen_Min": [
    0,
    0,
    0
  ],
  "Thirty_Min": [
    0,
    0,
    0
  ],
  "One_Hour": [
    0,
    0,
    0
  ],
  "Two_Hour": [
    0,
    0,
    0
  ],
  "Four_Hour": [
    0,
    17.08737,
    16.84913,
    16.93568,
    16.9524,
    16.94498,
    16.79746,
    16.87975,
    16.86888,
    16.86802,
    16.91553,
    16.92598,
    16.93248,
    16.92359,
    16.94512,
    16.90312,
    16.92424,
    16.84619,
    16.7575,
    16.79087,
    16.80424,
    16.83178,
    16.89142,
    16.91878,
    17.07707,
    17.00032,
    17.07412,
    17.05063,
    17.09067,
    17.0521,
    16.90012,
    17.05372,
    17.0607,
    17.04718,
    17.06322,
    16.98368,
    17.02211,
    17.00902,
    16.90528,
    16.90558,
    17.01206,
    16.92185,
    17.08686,
    17.05902,
    16.72642,
    16.60649,
    16.65409,
    16.62635,
    16.67582,
    16.65756,
    16.70942,
    16.66508,
    16.64207,
    16.60116,
    16.64164,
    16.64052,
    16.6778,
    16.63507,
    16.60071,
    16.62492,
    16.6503,
    16.62378,
    16.70676,
    16.651,
    16.61516,
    16.6088,
    16.6011,
    16.60208,
    16.60779,
    16.60666,
    16.65038,
    16.73154,
    16.69804,
    16.90026,
    16.86714,
    16.83315,
    16.96785,
    17.01468,
    16.8493,
    16.96037,
    16.95275,
    16.9792,
    16.96112,
    16.9344,
    16.93633,
    16.89235,
    16.91409,
    17.04413,
    16.96698,
    17.08848,
    17.09184,
    16.87182,
    16.82649,
    16.83862,
    16.8373,
    16.79465,
    16.79188,
    16.7934,
    16.83258,
    16.85908,
    16.8056,
    16.80894,
    16.96024,
    17.02582,
    16.98724,
    16.83001,
    16.80642,
    16.85227,
    16.82076,
    16.87462,
    16.90325,
    16.85242,
    16.989,
    16.98248,
    16.9664,
    16.95397,
    16.94008,
    16.98296,
    16.96943,
    16.90812,
    16.66862,
    16.61498,
    16.62578,
    16.71006,
    16.72773,
    16.79944,
    16.74726,
    16.80409,
    16.88558,
    16.87483,
    16.845,
    16.78172,
    16.6595,
    16.70716,
    16.67682,
    16.68432,
    16.86394,
    16.8732,
    16.90506,
    16.86238,
    16.97614,
    16.90172,
    16.9341,
    16.91562,
    16.78884,
    16.88956,
    16.85479,
    16.81186,
    16.97366,
    16.977,
    16.96437,
    16.97778,
    17.00826,
    16.98038,
    17.0224,
    17.01412,
    17.06859,
    17.04546,
    17.02188,
    17.08768,
    17.05766,
    16.94205,
    16.94272,
    17.04974,
    17.09238,
    16.80497,
    16.92602,
    16.92332,
    16.87573,
    16.81026,
    16.87079,
    17.0488,
    17.07596,
    17.06794,
    16.86062,
    16.9514,
    16.91332,
    16.9295,
    16.90011,
    16.95425,
    17.01192,
    17.00224,
    16.94375,
    17.03302,
    16.98984,
    16.81358,
    16.79902,
    16.72072,
    16.60232,
    16.71104,
    16.66864,
    16.71852,
    16.65738,
    16.75209,
    16.90444,
    16.8913,
    16.87071,
    16.85192,
    16.86314,
    16.84576,
    16.82942,
    16.8336,
    16.8138,
    16.76205,
    16.78501,
    16.75509,
    16.81458,
    16.84552,
    16.8509,
    16.86,
    16.87416,
    16.8158,
    16.7557,
    16.90522,
    17.01293,
    16.99418,
    16.97912,
    16.84165,
    16.8098,
    16.76352,
    16.69766,
    16.66744,
    16.75472,
    16.68,
    16.70918,
    16.69184,
    16.75977,
    16.82614,
    16.77272,
    16.73875,
    16.73376,
    16.79662,
    16.73511,
    16.7688,
    16.68864,
    16.68848,
    16.65375,
    16.60984,
    16.64254,
    16.81576,
    16.84386,
    16.83798,
    16.91404,
    16.99987,
    16.98462,
    16.93539,
    16.93379,
    17.02282,
    17.01529,
    17.04513,
    17.02867,
    16.94176,
    17.00594,
    17.05212,
    16.94628,
    17.03278,
    17.04684,
    17.05364,
    16.9311,
    17.08377,
    17.07664,
    17.08746,
    17.0809,
    16.92155,
    17.08386,
    17.07628,
    17.08583,
    17.07306,
    16.99727,
    16.75344,
    16.65531,
    16.65754,
    16.62332,
    16.6175,
    16.60142,
    16.61736,
    16.65033,
    16.60423,
    16.67264,
    16.73988,
    17.09322,
    17.0225,
    17.038,
    16.95482,
    17.00513,
    16.98671,
    16.92047,
    16.89355,
    16.84414,
    16.85682,
    16.86734,
    16.78512,
    16.73596,
    16.63912,
    16.6431,
    16.63442,
    16.71495,
    16.6915,
    16.91974,
    16.97302,
    17.02918,
    16.95494,
    16.70293,
    16.85832,
    16.81197,
    16.79387,
    16.79981,
    16.7063,
    16.69612,
    16.64779,
    16.60492,
    16.80356,
    16.94907,
    16.88272,
    16.83659,
    16.83382,
    16.86892,
    16.83328,
    16.73136,
    16.77251,
    16.90299,
    16.96844,
    16.93658,
    17.01446,
    16.8791,
    16.87073,
    16.782,
    16.71683,
    16.62098,
    16.7093,
    16.74584,
    16.96579,
    17.03356,
    16.96929,
    16.96186,
    16.97028,
    17.06638,
    17.03208,
    16.88795,
    16.8352,
    16.89448,
    16.9369,
    16.94488,
    16.95286,
    17.07356,
    16.90233,
    16.91565,
    16.93148,
    16.95354,
    16.9767,
    17.04453,
    16.64583,
    16.66344,
    16.68384,
    16.69341,
    16.69634,
    16.62244,
    16.67094,
    16.97858,
    17.08304,
    16.92068,
    16.9763,
    17.08275,
    17.04191,
    17.04894,
    16.74534,
    16.62325,
    16.85977,
    16.81876,
    16.99802,
    16.84935,
    16.84354,
    16.8434,
    16.82414,
    16.7223,
    16.85609,
    16.83695,
    16.89853,
    16.89036,
    16.68662,
    16.66828,
    16.65179,
    16.71368
  ],
  "Daily": [
    0
  ],
  "Weekly": [
    0
  ]
}