{
  "Fifteen_Min": [
    0
  ],
  "Thirty_Min": [
    0,
    0,
    0
  ],
  "One_Hour": [
    0,
    0,
    0
  ],
  "Two_Hour": [
    0,
    0,
    0
  ],
  "Four_Hour": [
    0,
    21.9855,
    22.1955,
    22.2489,
    22.0905,
    22.23495,
    22.6964,
    22.63385,
    22.677,
    22.763,
    22.46545,
    22.21905,
    22.252,
    22.39935,
    22.435,
    22.3957,
    22.1905,
    22.24405,
    22.33,
    22.3076,
    22.4515,
    22.7106,
    22.57895,
    22.6573,
    22.71125,
    22.6449,
    22.311,
    22.3525,
    22.37375,
    22.46305,
    22.3253,
    22.19275,
    22.2855,
    22.36175,
    22.31585,
    22.2513,
    22.162,
    22.34015,
    22.4216,
    22.3881,
    22.3205,
    22.3788,
    22.39285,
    22.45525,
    22.14935,
    21.9765,
    22.03665,
    22.1403,
    21.9895,
    22.01,
    21.9819,
    21.98585,
    22.194,
    22.33385,
    22.32745,
    22.2847,
    22.45275,
    22.53395,
    22.50505,
    22.3941,
    22.49435,
    22.298,
    22.3985,
    22.4308,
    22.35395,
    22.44555,
    22.2785,
    22.717,
    22.81,
    22.7325,
    22.7362,
    22.8014,
    22.6555,
    22.6542,
    22.5678,
    22.5929,
    22.505,
    22.4585,
    22.2595,
    22.24725,
    22.291,
    22.32155,
    22.314,
    22.4355,
    22.6115,
    22.7363,
    22.7914,
    22.7579,
    22.793,
    22.77885,
    22.7521,
    22.6345,
    22.6935,
    22.7375,
    22.756,
    22.511,
    22.6245,
    22.5715,
    22.5835,
    22.36055,
    22.44195,
    22.769,
    22.7415,
    22.752,
    22.699,
    22.7205,
    22.7187,
    22.70085,
    22.7035,
    22.77,
    22.798,
    22.7775,
    22.7395,
    22.8085,
    22.6855,
    22.6525,
    22.6715,
    22.716,
    22.6615,
    22.7835,
    22.783,
    22.7005,
    22.7625,
    22.6795,
    22.759,
    22.6655,
    22.616,
    22.583,
    22.6815,
    22.6565,
    22.601,
    22.604,
    22.5325,
    22.471,
    22.5655,
    22.522,
    22.577,
    22.576,
    22.602,
    22.483,
    22.4185,
    22.422,
    22.5095,
    22.5845,
    22.6835,
    22.6845,
    22.78455,
    22.78895,
    22.685,
    22.746,
    22.7555,
    22.7885,
    22.785,
    22.7355,
    22.582,
    22.649,
    22.663,
    22.7872,
    22.7156,
    22.697,
    22.529,
    22.534,
    22.493,
    22.5445,
    22.501,
    22.52045,
    22.6155,
    22.6235,
    22.321,
    22.19,
    21.9965,
    22.073,
    21.993,
    22.0325,
    22.0555,
    22.1595,
    22.098,
    21.98835,
    22.1015,
    22.5585,
    22.701,
    22.62,
    22.7006,
    22.5387,
    22.58,
    22.613,
    22.5465,
    22.467,
    22.6105,
    22.6725,
    22.801,
    22.7995,
    22.771,
    22.7895,
    22.8045,
    22.79595,
    22.7435,
    22.7245,
    22.8007,
    22.6425,
    22.623,
    22.772,
    22.641,
    22.7595,
    22.767,
    22.71715,
    22.7045,
    22.6775,
    22.7185,
    22.6185,
    22.4855,
    22.5705,
    22.4455,
    22.458,
    22.6825,
    22.5425,
    22.6195,
    22.464,
    22.436,
    22.6545,
    22.635,
    22.688,
    22.447,
    22.2765,
    22.254,
    22.1405,
    22.1107,
    22.072,
    22.0085,
    22.25825,
    22.3125,
    22.341,
    22.3148,
    22.4436,
    22.658,
    22.74995,
    22.726,
    22.7664,
    22.69,
    22.6865,
    22.7225,
    22.7545,
    22.7765,
    22.8065,
    22.7145,
    22.579,
    22.5545,
    22.5915,
    22.595,
    22.4485,
    22.679,
    22.7495,
    22.76805,
    22.6883,
    22.715,
    22.5905,
    22.619,
    22.5875,
    22.1085,
    22.013,
    22.0875,
    22.1287,
    22.288,
    22.3257,
    22.334,
    22.421,
    22.41,
    22.748,
    22.671,
    22.745,
    22.76205,
    22.7405,
    22.749,
    22.8005,
    22.657,
    22.5605,
    22.661,
    22.6375,
    22.572,
    22.3025,
    22.358,
    22.3535,
    22.36275,
    22.305,
    22.3345,
    22.4275,
    22.4165,
    22.2625,
    22.283,
    22.3185,
    22.2155,
    22.2305,
    22.332,
    22.379,
    22.1676,
    22.5555,
    22.584,
    22.599,
    22.6015,
    22.5365,
    22.6065,
    22.678,
    22.792,
    22.686,
    22.6915,
    22.721,
    22.4838,
    22.096,
    22.12,
    22.0685,
    22.0355,
    22.0275
  ],
  "Daily": [
    0,
    21.40448,
    22.59865,
    22.76524,
    22.77392,
    22.88526,
    22.69519,
    22.62652,
    22.905,
    22.404,
    22.268,
    22.4945,
    22.5105,
    22.42,
    22.459,
    21.5353,
    22.1765,
    22.539,
    22.62,
    22.624,
    22.5905,
    22.579,
    22.564,
    22.9045,
    22.838,
    22.337,
    22.387,
    22.388,
    22.4965,
    22.426,
    21.9645,
    22.188,
    21.9505,
    22.0915,
    22.374,
    22.2645,
    22.5085,
    22.798,
    22.882,
    23.015,
    22.826,
    22.8935,
    22.793,
    22.195,
    22.3675,
    22.472,
    22.784,
    22.965,
    23.0285,
    22.765,
    22.4735,
    22.4675,
    22.64,
    22.524,
    23.01,
    22.7675,
    22.6465,
    22.57565,
    22.2875,
    22.5135,
    22.3625,
    21.788,
    21.5685,
    21.623,
    21.6245,
    21.4117,
    21.759,
    21.8015,
    21.9925,
    22.019,
    21.975,
    21.556,
    21.832,
    21.924,
    22.077,
    22.0525,
    21.6875,
    21.8985,
    21.6805,
    21.682,
    21.6074,
    21.4195,
    21.356,
    21.6835,
    21.71,
    21.5655,
    21.4645,
    21.5104,
    21.45635,
    22.1955,
    22.7535,
    22.252,
    22.1905,
    22.7305,
    22.9945,
    22.3525,
    22.2855,
    22.162,
    21.9765,
    22.01,
    21.9965,
    21.862,
    21.6275,
    21.5805,
    21.738,
    21.8175,
    21.5195,
    21.684,
    21.7815,
    21.6885,
    22.5455,
    22.3985,
    22.9915,
    22.7325,
    22.6555,
    22.2595,
    22.4355,
    22.6935,
    22.5715,
    22.769,
    22.906,
    22.962,
    22.7205,
    22.7775,
    22.6715,
    22.7005,
    22.688,
    22.601,
    22.522,
    22.4185,
    22.6845,
    22.7555,
    22.9705,
    22.929,
    22.833,
    22.649,
    22.8535,
    22.534,
    22.6155,
    22.19,
    21.59,
    21.8875,
    21.834,
    22.0325,
    21.828,
    22.701,
    22.613,
    22.801,
    22.8505,
    22.983,
    22.9185,
    22.862,
    22.8045,
    22.859,
    22.952,
    22.767,
    22.6315,
    22.5425,
    22.254,
    22.3125,
    22.998,
    22.822,
    22.771,
    22.9895,
    23.0085,
    22.9755,
    22.896,
    22.7545,
    22.922,
    22.5545,
    22.7495,
    23.06504,
    23.032,
    23.0465,
    23.0485,
    23.0705,
    23.0735,
    23.06,
    23.0385,
    23.034,
    23.033,
    21.312,
    23.48673,
    23.14832,
    23.23319,
    23.38239,
    23.25487,
    23.27048,
    23.34026,
    23.3329,
    23.4505,
    23.3445,
    23.1835,
    23.244,
    23.0893,
    23.3085,
    23.1932,
    23.1715,
    23.089,
    23.4785,
    23.191,
    23.314,
    23.1935,
    23.368,
    23.305,
    23.1465,
    23.475,
    23.315,
    23.09,
    23.2325,
    23.239,
    23.419,
    23.47,
    23.4655,
    23.4725,
    23.102,
    23.2315,
    23.3285,
    23.343,
    23.499,
    23.4495,
    23.1675,
    23.193,
    23.4425,
    23.1525,
    23.0855,
    23.146,
    23.1265,
    23.1335,
    23.3105,
    23.4085,
    23.17,
    23.202,
    23.248,
    23.3985,
    23.1285,
    23.101,
    23.091,
    23.442,
    23.4365,
    23.103,
    23.1915,
    22.619,
    22.0875,
    23.506,
    23.513,
    23.543,
    23.534,
    23.52085,
    23.553,
    23.523,
    23.5435,
    23.515,
    23.5385,
    22.441,
    22.671,
    22.913,
    22.8005,
    23.1625,
    22.941,
    22.689,
    22.3535,
    22.4275,
    22.2155,
    22.584
  ],