{
  "Fifteen_Min": [
    0,
    41.25872,
    41.52803,
    41.28608,
    41.5049,
    41.50098,
    41.61252,
    41.74483,
    41.61753,
    41.64856,
    41.66794,
    41.70688,
    41.82372,
    41.81788,
    41.89624,
    42.01048,
    41.78903,
    41.69009,
    41.63182,
    41.65494,
    41.72584,
    41.53996
  ],
  "Thirty_Min": [
    0,
    0,
    0
  ],
  "One_Hour": [
    0,
    0,
    0
  ],
  "Two_Hour": [
    0,
    0,
    0
  ],
  "Four_Hour": [
    0,
    41.25872,
    42.01048,
    42.50325,
    42.17204
  ],
  "Daily": [
    0
  ],
  "Weekly": [
    0,
    36.6555,
    36.421,
    37.46106,
    37.99902,
    38.1117,
    37.6587,
    38.59338,
    37.36408,
    38.41192
  ]
}