{
  "Fifteen_Min": [
    0,
    45.00783,
    45.04338,
    45.2095,
    45.17864,
    45.34301,
    45.34778,
    45.3679,
    45.23034,
    45.39443,
    45.40918,
    45.43833,
    45.22288,
    45.19681,
    45.35705,
    45.42156,
    45.25622,
    45.21989,
    45.35738,
    45.37476,
    45.35024,
    45.39178,
    45.39939,
    45.3477,
    45.3468,
    45.31972,
    45.28858,
    45.32548,
    45.44086,
    45.4108,
    45.42437,
    45.38358,
    45.42043,
    45.4346,
    45.4135,
    45.44116,
    45.44056,
    45.35072,
    45.3809,
    45.22287,
    45.11534,
    45.13174,
    45.25722,
    45.35008,
    45.38504,
    45.33508,
    45.34706,
    45.38798,
    45.40862,
    45.4153,
    45.43444,
    45.42954,
    45.44668,
    45.41018,
    45.43359,
    45.41114,
    45.42522,
    45.40564,
    45.4191,
    45.41375,
    45.41849,
    45.35138,
    45.30726,
    45.41098,
    45.41989,
    45.43437,
    45.408,
    45.27408,
    45.43563,
    45.13058,
    45.19772,
    45.03411,
    45.0445,
    45.05088,
    45.03989,
    45.12937,
    45.01065,
    45.01504,
    45.13716,
    45.2098,
    45.2036,
    45.21774,
    45.31822,
    45.40826,
    45.41358,
    45.44652,
    45.41457,
    45.44142,
    45.3913,
    45.3821,
    45.39554,
    45.39736,
    45.37409,
    45.37512,
    45.42488,
    45.43298,
    45.43124,
    45.42455,
    45.4115,
    45.328,
    45.28908,
    45.35552,
    45.36035,
    45.40714,
    45.34902,
    45.30811,
    45.4196,
    45.44058,
    45.41975,
    45.36118,
    45.37382,
    45.38877,
    45.39537,
    45.37782,
    45.36316,
    45.41885,
    45.35291,
    45.41248,
    45.35658,
    45.39906,
    45.26248,
    45.27542,
    45.31746,
    45.35532,
    45.40882,
    45.39787,
    45.44133,
    45.42818,
    45.4092,
    45.36405,
    45.24912,
    45.1639,
    45.20632,
    45.12716,
    45.07757,
    45.09942,
    45.0883,
    45.06525,
    45.12692,
    45.12884,
    45.12324,
    45.08642,
    45.10217,
    45.10941,
    45.11103,
    45.13438,
    45.13966,
    45.09753,
    45.2197
  ],
  "Thirty_Min": [
    0,
    0,
    0
  ],
  "One_Hour": [
    0,
    0,
    0
  ],
  "Two_Hour": [
    0,
    0,
    0
  ],
  "Four_Hour": [
    0,
    41.25872,
    42.01048,
    42.50325,
    42.17204
  ],
  "Daily": [
    0
  ],
  "Weekly": [
    0,
    36.6555,
    36.421,
    37.46106,
    37.99902,
    38.1117,
    37.6587,
    38.59338,
    37.36408,
    38.41192
  ]
}