{
  "Fifteen_Min": [
    0,
    40.78519,
    41.05584,
    40.7982,
    41.01288,
    41.02223,
    41.14038,
    41.26248,
    41.13512,
    41.17026,
    41.19257,
    41.20487,
    41.32338,
    41.3033,
    41.3916,
    41.50951,
    41.51173,
    41.22661,
    41.13372,
    41.07014,
    41.0845,
    41.16236,
    40.97718
  ],
  "Thirty_Min": [
    0,
    0,
    0
  ],
  "One_Hour": [
    0,
    0,
    0
  ],
  "Two_Hour": [
    0,
    0,
    0
  ],
  "Four_Hour": [
    0,
    40.78519,
    41.50951,
    41.59831
  ],
  "Daily": [
    0
  ],
  "Weekly": [
    0,
    35.393,
    35.2415,
    38.2965,
    37.4905,
    38.302,
    38.0185,
    37.0975,
    36.668,
    35.317,
    35.9595,
    37.15,
    38.365,
    39.11764,
    38.83062,
    37.66792,
    36.09997,
    37.21073,
    38.45638,
    38.7106,
    37.81364,
    36.22274,
    36.64868,
    36.55768,
    36.57183,
    36.46186,
    34.98835,
    35.20088,
    38.49494,
    39.18892,
    39.16351,
    37.88228,
    36.63221,
    36.74061,
    37.08766,
    37.31584,
    39.11906,
    38.50448,
    38.89894,
    36.85794,
    35.5423,
    35.47636,
    35.90433,
    35.8771,
    35.16299,
    36.2568,
    36.76221,
    36.73602,
    36.58752,
    36.4013,
    35.86308,
    35.94444,
    36.13846,
    35.54485,
    36.37372,
    36.52885,
    36.72016,
    36.94554,
    36.81144,
    35.01494,
    35.25012,
    34.96878,
    37.08103,
    37.97028
  ]
}