{
  "Fifteen_Min": [
    0
  ],
  "Thirty_Min": [
    0,
    0,
    0
  ],
  "One_Hour": [
    0,
    0,
    0
  ],
  "Two_Hour": [
    0,
    0,
    0
  ],
  "Four_Hour": [
    0
  ],
  "Daily": [
    0
  ],
  "Weekly": [
    0,
    24.311,
    25.7095,
    25.5505,
    26.3665,
    26.3605,
    26.11371,
    25.70918,
    26.07736,
    26.49891,
    25.54436,
    24.1125,
    24.04372,
    24.43238,
    24.59396,
    24.30344,
    24.40002,
    24.04764,
    24.20536,
    24.40282,
    24.2348,
    23.48766,
    24.10958,
    23.5325,
    23.50463,
    23.76004,
    23.67512,
    24.74834,
    24.72108,
    24.75227,
    24.98865,
    25.0901,
    23.78056,
    23.93837,
    23.85814,
    23.61058,
    23.57098,
    23.75023,
    24.80326,
    25.50066
  ]
}