{
  "Fifteen_Min": [
    0,
    0,
    0
  ],
  "Thirty_Min": [
    0,
    0,
    0
  ],
  "One_Hour": [
    0,
    0,
    0
  ],
  "Two_Hour": [
    0,
    0,
    0
  ],
  "Four_Hour": [
    0,
    1.08136,
    1.08064,
    1.08044,
    1.07982,
    1.07638,
    1.07662,
    1.0769,
    1.07656,
    1.07774,
    1.07788,
    1.07936,
    1.07814,
    1.07713,
    1.07932,
    1.07972,
    1.0811,
    1.08054,
    1.08062,
    1.08046,
    1.0763,
    1.07708,
    1.07572,
    1.07646,
    1.07899,
    1.07752,
    1.07874,
    1.07906,
    1.0784,
    1.07678,
    1.07642,
    1.07809,
    1.07626,
    1.07819,
    1.07644,
    1.07744,
    1.07309,
    1.072,
    1.0726,
    1.07318,
    1.07284,
    1.07305,
    1.07224,
    1.07188,
    1.07354,
    1.07478,
    1.07528,
    1.0742,
    1.07496,
    1.07562,
    1.07595,
    1.07738,
    1.07641,
    1.07843,
    1.08107,
    1.08114,
    1.07699,
    1.07415,
    1.07535,
    1.07784,
    1.08007,
    1.08024,
    1.08003,
    1.07927,
    1.07886,
    1.07668,
    1.07661,
    1.0765,
    1.07805,
    1.07921,
    1.08093,
    1.0815,
    1.0812,
    1.08028,
    1.08124,
    1.07748,
    1.07596,
    1.07758,
    1.07829,
    1.0786,
    1.079,
    1.07882,
    1.07856,
    1.07912,
    1.0789,
    1.07798,
    1.07776,
    1.08004,
    1.07804,
    1.07724,
    1.07494,
    1.07306,
    1.07533,
    1.0746,
    1.07208,
    1.07382,
    1.07474,
    1.077,
    1.07664,
    1.07742,
    1.07426,
    1.07462,
    1.0723,
    1.07579,
    1.07412,
    1.07802,
    1.07687,
    1.0794,
    1.0771,
    1.07582,
    1.07434,
    1.07429,
    1.07319,
    1.07186,
    1.07206,
    1.07214,
    1.07271,
    1.07336,
    1.07286,
    1.07276,
    1.07198,
    1.07342,
    1.07386,
    1.07436,
    1.07484,
    1.07328,
    1.07196,
    1.0764,
    1.07772,
    1.07288,
    1.07209,
    1.07192,
    1.07268,
    1.07442,
    1.0744,
    1.0759,
    1.07592,
    1.07746,
    1.07688,
    1.07611,
    1.07489,
    1.07578,
    1.07824,
    1.0807,
    1.08072,
    1.08126,
    1.08096,
    1.07954,
    1.0785,
    1.0793,
    1.0777,
    1.07764,
    1.07898,
    1.07902,
    1.07702,
    1.07734,
    1.07844,
    1.07825,
    1.07672,
    1.07414,
    1.0721,
    1.07308,
    1.07456,
    1.07446,
    1.07508,
    1.07348,
    1.08102,
    1.07848,
    1.07331,
    1.07272,
    1.07184,
    1.0722,
    1.073,
    1.07366,
    1.07332,
    1.0747,
    1.07524,
    1.07396,
    1.07294,
    1.07262,
    1.07298,
    1.07404,
    1.07512,
    1.07915,
    1.07953,
    1.07961,
    1.07966,
    1.08002,
    1.08032,
    1.07883,
    1.07759,
    1.07832,
    1.07834,
    1.08051,
    1.07903,
    1.07885,
    1.08041,
    1.08156,
    1.081,
    1.0797,
    1.07846,
    1.07779,
    1.07665,
    1.07718,
    1.07639,
    1.07617,
    1.07629,
    1.07618,
    1.0752,
    1.0741,
    1.07466,
    1.0773,
    1.07803,
    1.07424,
    1.07408,
    1.07552,
    1.07762,
    1.07741,
    1.07767,
    1.07876,
    1.07938,
    1.0781,
    1.07817,
    1.07655,
    1.0758,
    1.07691,
    1.07768,
    1.07584,
    1.07398,
    1.0733,
    1.07707,
    1.07673,
    1.08157,
    1.08118,
    1.08123,
    1.08084,
    1.0798,
    1.07838,
    1.08079,
    1.08104,
    1.07791,
    1.07732,
    1.07542,
    1.07591,
    1.07557,
    1.07521,
    1.07549,
    1.0775,
    1.07854,
    1.07794,
    1.078,
    1.07696,
    1.07754,
    1.07722,
    1.0768,
    1.07648,
    1.07671,
    1.076,
    1.07603,
    1.0767,
    1.07796,
    1.07918,
    1.07862,
    1.07873,
    1.07872,
    1.08063,
    1.08121,
    1.08012,
    1.07881,
    1.08138,
    1.08078,
    1.08016,
    1.07957,
    1.0795,
    1.08129,
    1.0813,
    1.08101,
    1.0801,
    1.08142,
    1.08139,
    1.07977,
    1.07998,
    1.08071,
    1.08018,
    1.07686,
    1.07654,
    1.0761,
    1.07614,
    1.07509,
    1.07514,
    1.07594,
    1.07606,
    1.07519,
    1.07399,
    1.0751,
    1.07384,
    1.0734,
    1.07593,
    1.07679,
    1.07564,
    1.07274,
    1.07942,
    1.08117,
    1.08152,
    1.08048,
    1.0799,
    1.08037,
    1.0803,
    1.07904,
    1.07864,
    1.07958,
    1.07968,
    1.07975,
    1.07984,
    1.07926,
    1.08025,
    1.07505,
    1.07581,
    1.0735,
    1.07459,
    1.07356,
    1.07254,
    1.0727,
    1.07335,
    1.07492,
    1.07391,
    1.07326,
    1.07458,
    1.07374,
    1.07183,
    1.07255,
    1.0729,
    1.07674,
    1.07922,
    1.07949,
    1.08019,
    1.07858,
    1.07632,
    1.07751,
    1.07836,
    1.07896,
    1.07863,
    1.07827,
    1.07604,
    1.07716,
    1.07877,
    1.07893,
    1.08022,
    1.08042,
    1.07985,
    1.07797,
    1.07831,
    1.07888,
    1.0782,
    1.07994,
    1.07894,
    1.07855,
    1.07852,
    1.07701,
    1.07568,
    1.07756,
    1.07765,
    1.08058,
    1.08092,
    1.0814,
    1.08008,
    1.07799,
    1.07633,
    1.07575,
    1.07576,
    1.0749,
    1.0745,
    1.07465,
    1.0748,
    1.07487,
    1.07223,
    1.07231,
    1.07339,
    1.07439,
    1.074,
    1.07526,
    1.07486,
    1.0743,
    1.07314,
    1.07393,
    1.0736,
    1.07372,
    1.07249,
    1.07229,
    1.07191,
    1.07234,
    1.07364,
    1.07498,
    1.07488,
    1.07684,
    1.07837,
    1.07786,
    1.07853,
    1.07944,
    1.08122,
    1.07723,
    1.07682,
    1.0762,
    1.07602,
    1.0755,
    1.07739,
    1.07566,
    1.07945,
    1.0796
  ],