{
  "Fifteen_Min": [
    0,
    0,
    0
  ],
  "Thirty_Min": [
    0,
    0,
    0
  ],
  "One_Hour": [
    0,
    0,
    0
  ],
  "Two_Hour": [
    0,
    0,
    0
  ],
  "Four_Hour": [
    0,
    21.47907,
    21.47894,
    21.54367,
    21.50268,
    21.51482,
    21.50676,
    21.49864,
    21.4829,
    21.60169,
    21.62301,
    21.62075,
    21.50032,
    21.53921,
    21.8148,
    21.85437,
    21.84237,
    21.8091,
    21.665,
    21.71407,
    21.73405,
    21.72634,
    21.74819,
    21.75029,
    21.75887,
    21.74872,
    21.75696,
    21.79572,
    21.79757,
    21.74747,
    21.72985,
    21.74108,
    21.75645,
    21.6767,
    21.62638,
    21.66094,
    21.6815,
    21.65297,
    21.71682,
    21.63228,
    21.67512,
    21.68182,
    21.58238,
    21.49668,
    21.4944,
    21.55775,
    21.6094,
    21.63415,
    21.612,
    21.59375,
    21.65955,
    21.63674,
    21.64465,
    21.63945,
    21.53935,
    21.4842,
    21.5003,
    21.5199,
    21.50235,
    21.554,
    21.593,
    21.62304,
    21.64155,
    21.61945,
    21.62065,
    21.68545,
    21.73043,
    21.73905,
    21.7333,
    21.9066,
    21.7906,
    21.79493,
    21.8074,
    21.69885,
    21.7554,
    21.76935,
    21.7938,
    21.78775,
    21.80205,
    21.70295,
    21.7461,
    21.7061,
    21.70577,
    21.67236,
    21.68834,
    21.5061,
    21.51864,
    21.51852,
    21.5367,
    21.59256,
    21.6148,
    21.58816,
    21.6088,
    21.59267,
    21.48643,
    21.59027,
    21.63188,
    21.62488,
    21.6122,
    21.54175,
    21.58587,
    21.56878,
    21.56169,
    21.6483,
    21.55683,
    21.54056,
    21.55902,
    21.57083,
    21.48904,
    21.48085,
    21.48138,
    21.47612,
    21.5421,
    21.55556,
    21.54695,
    21.5214,
    21.53301,
    21.52544,
    21.54779,
    21.55607,
    21.575,
    21.51592,
    21.64402,
    21.66615,
    21.65056,
    21.64182,
    21.59251,
    21.65816,
    21.67754,
    21.67836,
    21.58603,
    21.54886,
    21.55712,
    21.61648,
    21.6033,
    21.62882,
    21.71049,
    21.71219,
    21.70401,
    21.5792,
    21.6484,
    21.63049,
    21.66518,
    21.6776,
    21.72032,
    21.76389,
    21.51148,
    21.57646,
    21.61148,
    21.58246,
    21.58812,
    21.79928,
    21.76246,
    21.8086,
    21.80402,
    21.77887,
    21.73578,
    21.6785,
    21.77743,
    21.81812,
    21.80386,
    21.83796,
    22.01185,
    21.97457,
    21.98873,
    21.98552,
    21.88813,
    21.76264,
    21.73684,
    21.70414,
    21.64274,
    21.83462,
    21.80926,
    21.85146,
    21.88243,
    21.83094,
    21.98396,
    22.04598,
    21.9848,
    22.01268,
    22.02591,
    21.92786,
    21.99392,
    21.96698,
    21.99678,
    22.00574,
    22.00414,
    22.0103,
    21.98241,
    21.95692,
    21.9543,
    22.00001,
    21.99797,
    21.92594,
    21.92201,
    21.9442,
    21.94075,
    21.91242,
    21.92061,
    21.9198,
    21.90814,
    21.86312,
    21.86409,
    21.96894,
    21.97054,
    21.93332,
    21.9115,
    21.90132,
    21.87186,
    21.88768,
    21.84565,
    21.83482,
    21.81694,
    21.8357,
    21.86492,
    21.87274,
    21.8789,
    21.86058,
    21.86036,
    21.81515,
    21.82794,
    21.86188,
    21.87032,
    21.9439,
    21.95318,
    22.0159,
    22.01174,
    22.04708,
    22.03031,
    22.02406,
    22.00416,
    21.98778,
    21.9043,
    21.89663,
    21.83425,
    21.81738,
    21.79,
    21.8152,
    21.8318,
    21.89936,
    21.87858,
    21.90084,
    21.93872,
    21.95475,
    22.0004,
    21.88935,
    21.89382,
    21.8798,
    21.88565,
    21.78206,
    21.84012,
    21.85479,
    21.87633,
    21.86662,
    21.85088,
    21.77314,
    21.80427,
    21.77167,
    21.76281,
    21.73186,
    21.7109,
    21.73754
  ],
  "Daily": [
    0,
    21.73405,
    21.74872,
    21.72985,
    21.66094,
    21.67512,
    21.6094,
    21.62304,
    21.73043,
    21.7938,
    21.7061,
    21.58816,
    21.59252,
    21.54695,
    21.54779,
    21.55712,
    21.63049,
    21.65829,
    21.83155,
    21.81812,
    21.73684,
    21.85146,
    21.99678,
    21.95692,
    21.92201,
    21.93934,
    21.88768,
    21.87992,
    21.82794,
    22.0159,
    21.81738
  ],
  "Weekly": [
    0
  ]
}