{
  "Fifteen_Min": [
    0,
    0,
    0
  ],
  "Thirty_Min": [
    0,
    0,
    0
  ],
  "One_Hour": [
    0,
    0,
    0
  ],
  "Two_Hour": [
    0,
    0,
    0
  ],
  "Four_Hour": [
    0,
    1.75837,
    1.7618,
    1.76226,
    1.76326,
    1.76124,
    1.76491,
    1.76088,
    1.76878,
    1.76834,
    1.76798,
    1.76612,
    1.76062,
    1.75864,
    1.75871,
    1.7707,
    1.77091,
    1.77005,
    1.77256,
    1.76846,
    1.76784,
    1.76555,
    1.76794,
    1.76403,
    1.76779,
    1.76761,
    1.7676,
    1.76764,
    1.76439,
    1.76506,
    1.76726,
    1.77822,
    1.77854,
    1.77355,
    1.77206,
    1.77596,
    1.77736,
    1.78,
    1.78002,
    1.77974,
    1.77814,
    1.77976,
    1.77708,
    1.77162,
    1.76739,
    1.77139,
    1.76944,
    1.76825,
    1.77082,
    1.77467,
    1.76967,
    1.77547,
    1.77311,
    1.77117,
    1.75915,
    1.75526,
    1.761,
    1.76198,
    1.75854,
    1.76346,
    1.76466,
    1.76744,
    1.76902,
    1.76986,
    1.76862,
    1.76714,
    1.77326,
    1.7691,
    1.77168,
    1.76934,
    1.76898,
    1.76974,
    1.76916,
    1.77134,
    1.77456,
    1.77612,
    1.77638,
    1.77799,
    1.77516,
    1.77512,
    1.77824,
    1.77812,
    1.77663,
    1.773,
    1.77269,
    1.76742,
    1.76396,
    1.76564,
    1.76568,
    1.76642,
    1.76534,
    1.76322,
    1.7623,
    1.7642,
    1.76242,
    1.7592,
    1.75988,
    1.7591,
    1.7587,
    1.75886,
    1.75896,
    1.76646,
    1.77064,
    1.76962,
    1.7711,
    1.7654,
    1.7674,
    1.76958,
    1.76911,
    1.76964,
    1.76592,
    1.75716,
    1.7555,
    1.75506,
    1.75698,
    1.7584,
    1.7585,
    1.75643,
    1.75556,
    1.75564,
    1.75541,
    1.75949,
    1.76022,
    1.75515,
    1.7605,
    1.76118,
    1.76082,
    1.76795,
    1.76766,
    1.7722,
    1.77022,
    1.77058,
    1.76542,
    1.77046,
    1.76907,
    1.77126,
    1.76996,
    1.77095,
    1.77144,
    1.77229,
    1.77346,
    1.7702,
    1.76972,
    1.77636,
    1.77272,
    1.77344,
    1.77086,
    1.7673,
    1.76754,
    1.76912,
    1.7693,
    1.77084,
    1.76558,
    1.77114,
    1.7738,
    1.77608,
    1.77868,
    1.77844,
    1.77764,
    1.77357,
    1.77138,
    1.77414,
    1.7742,
    1.77123,
    1.77406,
    1.7641,
    1.75908,
    1.75876,
    1.75712,
    1.7559,
    1.75553,
    1.7589,
    1.75637,
    1.757,
    1.76208,
    1.76728,
    1.76758,
    1.76462,
    1.7595,
    1.76412,
    1.7663,
    1.76854,
    1.7718,
    1.77211,
    1.76922,
    1.77153,
    1.7704,
    1.77338,
    1.77778,
    1.77788,
    1.77656,
    1.7727,
    1.7721,
    1.77606,
    1.76693,
    1.7679,
    1.76624,
    1.75628,
    1.75622,
    1.75584,
    1.75601,
    1.75714,
    1.76196,
    1.75906,
    1.76271,
    1.76256,
    1.76604,
    1.7675,
    1.77141,
    1.7753,
    1.77718,
    1.7776,
    1.7756,
    1.7801,
    1.77932,
    1.77473,
    1.77618,
    1.77698,
    1.7775,
    1.77745,
    1.77386,
    1.77306,
    1.7715,
    1.77856,
    1.778,
    1.77842,
    1.76942,
    1.77146,
    1.77044,
    1.77476,
    1.77559,
    1.77526,
    1.7744,
    1.77621,
    1.77504,
    1.7783,
    1.77654,
    1.77726,
    1.77828,
    1.77469,
    1.7735,
    1.77342,
    1.7684,
    1.76925,
    1.77132,
    1.77008,
    1.77067,
    1.76237,
    1.75972,
    1.75638,
    1.76171,
    1.76296,
    1.76494,
    1.7648,
    1.76408,
    1.76356,
    1.77048,
    1.77354,
    1.77314,
    1.77156,
    1.76857,
    1.77398,
    1.77712,
    1.7766,
    1.7767,
    1.77336,
    1.76848,
    1.77016,
    1.76838,
    1.7686,
    1.76901,
    1.76894,
    1.76826,
    1.76654,
    1.76473,
    1.76007,
    1.75572,
    1.75551,
    1.76116,
    1.75746,
    1.75974,
    1.76139,
    1.76145,
    1.76212,
    1.764,
    1.76483,
    1.76692,
    1.77024,
    1.76946,
    1.77722,
    1.7768,
    1.77803,
    1.78032,
    1.77702,
    1.77941,
    1.77874,
    1.77894,
    1.77538,
    1.77682,
    1.7703,
    1.76292,
    1.76442,
    1.75519,
    1.75796,
    1.75841,
    1.76264,
    1.76138,
    1.75838,
    1.76186,
    1.75646,
    1.76169,
    1.75816,
    1.75741,
    1.76044,
    1.76238,
    1.75996,
    1.76418,
    1.7657,
    1.76182,
    1.76166,
    1.76344,
    1.77172,
    1.76122,
    1.76474,
    1.75606,
    1.75846,
    1.75581,
    1.75585,
    1.75566,
    1.75546,
    1.75692,
    1.76089,
    1.75926,
    1.7563,
    1.75512,
    1.7622,
    1.76042,
    1.75649,
    1.75591,
    1.75738,
    1.76096,
    1.76796,
    1.7652,
    1.766,
    1.76892,
    1.77154,
    1.77192,
    1.76924,
    1.77418,
    1.7777,
    1.77964,
    1.77956,
    1.77834,
    1.78024,
    1.78033,
    1.77846,
    1.77938,
    1.7786,
    1.77916,
    1.7773,
    1.7779,
    1.77908,
    1.78026,
    1.77922,
    1.77442,
    1.77244,
    1.77611,
    1.77527,
    1.777,
    1.77649,
    1.7778,
    1.77028,
    1.77007,
    1.76676,
    1.76608,
    1.77,
    1.76876,
    1.76668,
    1.76843,
    1.76708
  ],