{
  "Fifteen_Min": [
    0,
    0,
    0
  ],
  "Thirty_Min": [
    0,
    0,
    0
  ],
  "One_Hour": [
    0,
    0,
    0
  ],
  "Two_Hour": [
    0,
    0,
    0
  ],
  "Four_Hour": [
    0,
    1.07502,
    1.07338,
    1.07364,
    1.07428,
    1.07461,
    1.07216,
    1.07335,
    1.07342,
    1.0731,
    1.07476,
    1.07416,
    1.07498,
    1.07468,
    1.07579,
    1.07667,
    1.07628,
    1.07654,
    1.08292,
    1.08488,
    1.08514,
    1.0856,
    1.08372,
    1.08425,
    1.07938,
    1.0828,
    1.08324,
    1.0868,
    1.08608,
    1.08212,
    1.08158,
    1.08138,
    1.08237,
    1.08174,
    1.0831,
    1.08175,
    1.08426,
    1.07822,
    1.0788,
    1.07964,
    1.07798,
    1.087,
    1.08584,
    1.0796,
    1.07946,
    1.07878,
    1.07917,
    1.08248,
    1.08098,
    1.08164,
    1.08312,
    1.08364,
    1.08352,
    1.08066,
    1.08439,
    1.08555,
    1.0859,
    1.08626,
    1.08718,
    1.0861,
    1.0866,
    1.08648,
    1.08622,
    1.08666,
    1.08679,
    1.08692,
    1.08578,
    1.08517,
    1.08348,
    1.08299,
    1.0851,
    1.08654,
    1.08632,
    1.08572,
    1.08717,
    1.08398,
    1.08246,
    1.07939,
    1.07851,
    1.07967,
    1.07665,
    1.07581,
    1.07132,
    1.0725,
    1.07412,
    1.07404,
    1.0711,
    1.076,
    1.07274,
    1.07266,
    1.07552,
    1.07316,
    1.07284,
    1.07143,
    1.07248,
    1.07356,
    1.07637,
    1.07898,
    1.07488,
    1.0739,
    1.07337,
    1.0726,
    1.07066,
    1.07183,
    1.07242,
    1.07288,
    1.07384,
    1.07614,
    1.07611,
    1.07278,
    1.07357,
    1.07398,
    1.0715,
    1.07258,
    1.07048,
    1.07054,
    1.07178,
    1.07076,
    1.07396,
    1.07191,
    1.07028,
    1.07064,
    1.07174,
    1.07332,
    1.0734,
    1.07448,
    1.07052,
    1.07254,
    1.07238,
    1.07122,
    1.07298,
    1.07812,
    1.07675,
    1.07694,
    1.0768,
    1.07688,
    1.07802,
    1.0782,
    1.0799,
    1.08561,
    1.0832,
    1.08326,
    1.08343,
    1.07493,
    1.07574,
    1.07598,
    1.07679,
    1.07666,
    1.07732,
    1.07912,
    1.07992,
    1.08123,
    1.08396,
    1.08421,
    1.08454,
    1.08472,
    1.08376,
    1.08329,
    1.08538,
    1.08276,
    1.08453,
    1.08378,
    1.08391,
    1.08694,
    1.08422,
    1.08139,
    1.0793,
    1.08428,
    1.08652,
    1.0849,
    1.08477,
    1.08614,
    1.08518,
    1.08498,
    1.08532,
    1.08631,
    1.08686,
    1.08668,
    1.0862,
    1.08706,
    1.0824,
    1.0842,
    1.0839,
    1.08423,
    1.0833,
    1.08166,
    1.07902,
    1.07631,
    1.07712,
    1.07738,
    1.07882,
    1.08059,
    1.08208,
    1.08062,
    1.08236,
    1.08184,
    1.08104,
    1.08193,
    1.0813,
    1.08118,
    1.08033,
    1.0764,
    1.07668,
    1.07707,
    1.07724,
    1.07801,
    1.07776,
    1.07896,
    1.07562,
    1.07494,
    1.07506,
    1.07344,
    1.0723,
    1.07184,
    1.07127,
    1.07399,
    1.07318,
    1.0742,
    1.07197,
    1.07252,
    1.072,
    1.07362,
    1.07241,
    1.07149,
    1.07128,
    1.07091,
    1.07139,
    1.0708,
    1.07046,
    1.07225,
    1.07208,
    1.07352,
    1.07081,
    1.07622,
    1.07619,
    1.07632,
    1.07743,
    1.07474,
    1.07102,
    1.07078,
    1.07116,
    1.07119,
    1.07163,
    1.07235,
    1.07162,
    1.07086,
    1.07268,
    1.07848,
    1.07828,
    1.07753,
    1.07635,
    1.07671,
    1.07482,
    1.07496,
    1.07454,
    1.0741,
    1.07772,
    1.07662,
    1.07486,
    1.0758,
    1.07606,
    1.08074,
    1.08142,
    1.08024,
    1.07933,
    1.08021,
    1.08624,
    1.08316,
    1.08382,
    1.08116,
    1.08328,
    1.08643,
    1.08491,
    1.08708,
    1.08644,
    1.08534,
    1.08433,
    1.08641,
    1.08697,
    1.08676,
    1.08556,
    1.08661,
    1.08496,
    1.08461,
    1.0819,
    1.08043,
    1.0863,
    1.08629,
    1.08698,
    1.08699,
    1.0821,
    1.08214,
    1.08102,
    1.07945,
    1.07827,
    1.07864,
    1.08128,
    1.07962,
    1.07944,
    1.08025,
    1.08078,
    1.08007,
    1.08075,
    1.08238,
    1.08243,
    1.07925,
    1.08606,
    1.08674,
    1.08387,
    1.08434,
    1.08466,
    1.08486,
    1.0864,
    1.07841,
    1.07752,
    1.07788,
    1.0787,
    1.0798,
    1.07973,
    1.07966,
    1.07932,
    1.07923,
    1.07483,
    1.0744,
    1.07296,
    1.07217,
    1.07193,
    1.07358,
    1.0737,
    1.07272,
    1.07222,
    1.07106,
    1.07042,
    1.0714,
    1.07136,
    1.07117,
    1.07024,
    1.07134,
    1.07354,
    1.07287,
    1.07276,
    1.07512,
    1.07504,
    1.07392,
    1.07144,
    1.07074,
    1.07233,
    1.07566,
    1.07593,
    1.07523,
    1.07477,
    1.07407,
    1.07401,
    1.07472,
    1.07341,
    1.07351,
    1.07094,
    1.07394,
    1.07286,
    1.07376,
    1.07177,
    1.07105,
    1.07093,
    1.07895,
    1.08522,
    1.08592,
    1.08542,
    1.08476,
    1.08438,
    1.0838,
    1.086,
    1.08528,
    1.0853,
    1.08529,
    1.08712,
    1.08693,
    1.08546,
    1.08257,
    1.08363,
    1.08394,
    1.08286,
    1.0792,
    1.07983,
    1.07922,
    1.08012,
    1.07911,
    1.07814,
    1.07644,
    1.07672,
    1.07616,
    1.07904,
    1.0784,
    1.0777,
    1.0747,
    1.07561,
    1.0761,
    1.07674,
    1.07682,
    1.07636,
    1.07441,
    1.07648,
    1.07692,
    1.07934,
    1.07763,
    1.079,
    1.07875,
    1.08006,
    1.07844,
    1.08671,
    1.08526,
    1.08598,
    1.08314,
    1.08536,
    1.08581,
    1.08444,
    1.08442,
    1.0872,
    1.08638,
    1.0844,
    1.084,
    1.08253,
    1.08204,
    1.08333,
    1.0835,
    1.08224,
    1.0827,
    1.08346,
    1.08388,
    1.08456,
    1.08205,
    1.08576,
    1.08176,
    1.0809,
    1.08028,
    1.07986,
    1.08716
  ],
  "Daily": [
    0,
    1.00393,
    1.00374,
    1.0058,
    1.00206,
    1.00416,
    0.99419,
    0.99672,
    0.99682,
    0.9974,
    0.99632,
    0.99982,
    1.0016,
    0.9947,
    0.99564,
    0.99302,
    0.99059,
    1.00072,
    0.99992,
    1.00467,
    0.99674,
    0.9979,
    0.99972,
    1.0017,
    0.997,
    0.98382,
    0.98346,
    0.96914,
    0.97368,
    0.9814,
    0.98016,
    0.9825,
    0.98854,
    0.97922,
    0.97422,
    0.97046,
    0.97036,
    0.97038,
    0.97789,
    0.97237,
    0.98446,
    0.97726,
    0.97886,
    0.98605,
    0.98736,
    0.99679,
    0.99648,
    0.9966,
    0.98828,
    0.98742,
    0.98156,
    1.01614,
    1.00878,
    1.01444,
    1.01174,
    1.0166,
    1.01692,
    1.01596,
    1.01709,
    1.00876
  ],
  "Weekly": [
    0
  ]
}