{
  "Fifteen_Min": [
    0,
    0,
    0
  ],
  "Thirty_Min": [
    0,
    0,
    0
  ],
  "One_Hour": [
    0,
    0,
    0
  ],
  "Two_Hour": [
    0,
    0,
    0
  ],
  "Four_Hour": [
    0,
    0.85822,
    0.85832,
    0.8583,
    0.85329,
    0.85298,
    0.85419,
    0.85524,
    0.85421,
    0.85552,
    0.85879,
    0.85852,
    0.85942,
    0.8577,
    0.85874,
    0.8581,
    0.85842,
    0.85794,
    0.85936,
    0.85838,
    0.85792,
    0.85844,
    0.85802,
    0.8579,
    0.85933,
    0.85813,
    0.8585,
    0.85836,
    0.85896,
    0.85668,
    0.85967,
    0.85979,
    0.8593,
    0.85773,
    0.8558,
    0.85918,
    0.85846,
    0.85804,
    0.85654,
    0.85627,
    0.85426,
    0.8542,
    0.85384,
    0.85202,
    0.85217,
    0.8516,
    0.85236,
    0.85268,
    0.85154,
    0.85231,
    0.8521,
    0.85199,
    0.85361,
    0.85187,
    0.85128,
    0.8515,
    0.85248,
    0.85422,
    0.85409,
    0.85403,
    0.85427,
    0.85404,
    0.85946,
    0.8595,
    0.85928,
    0.85728,
    0.8574,
    0.85935,
    0.85758,
    0.85806,
    0.858,
    0.85886,
    0.85938,
    0.85978,
    0.85914,
    0.85858,
    0.85951,
    0.8587,
    0.85962,
    0.85906,
    0.85882,
    0.85705,
    0.85894,
    0.8588,
    0.85789,
    0.85862,
    0.85732,
    0.85738,
    0.85752,
    0.85805,
    0.85964,
    0.85892,
    0.85828,
    0.85884,
    0.85768,
    0.85912,
    0.8591,
    0.85784,
    0.8598,
    0.85956,
    0.85885,
    0.85902,
    0.85913,
    0.85853,
    0.8592,
    0.85961,
    0.85977,
    0.85965,
    0.85907,
    0.85818,
    0.85423,
    0.85453,
    0.85444,
    0.85448,
    0.85592,
    0.85777,
    0.85974,
    0.8596,
    0.85864,
    0.85578,
    0.85577,
    0.8555,
    0.85496,
    0.85454,
    0.85564,
    0.85551,
    0.85562,
    0.8567,
    0.85621,
    0.85608,
    0.85596,
    0.8545,
    0.85241,
    0.85338,
    0.853,
    0.85336,
    0.85301,
    0.85383,
    0.85304,
    0.85574,
    0.85535,
    0.85554,
    0.85518,
    0.85816,
    0.8594,
    0.85947,
    0.85418,
    0.85648,
    0.85686,
    0.85644,
    0.85629,
    0.85512,
    0.85747,
    0.85829,
    0.85814,
    0.85954,
    0.85975,
    0.85958,
    0.85924,
    0.85904,
    0.85922,
    0.85587,
    0.85658,
    0.8563,
    0.8565,
    0.85466,
    0.85436,
    0.85443,
    0.85353,
    0.85308,
    0.85428,
    0.85494,
    0.85486,
    0.8538,
    0.85387,
    0.85488,
    0.85503,
    0.8554,
    0.85546,
    0.85536,
    0.85532,
    0.85155,
    0.85143,
    0.85126,
    0.8523,
    0.85402,
    0.85656,
    0.85699,
    0.8566,
    0.85572,
    0.856,
    0.85712,
    0.85736,
    0.85731,
    0.85778,
    0.85825,
    0.85976,
    0.85926,
    0.85872,
    0.85745,
    0.85684,
    0.8573,
    0.85726,
    0.85744,
    0.85659,
    0.85671,
    0.85603,
    0.85762,
    0.85589,
    0.85547,
    0.85653,
    0.85725,
    0.85605,
    0.85676,
    0.8557,
    0.85834,
    0.85971,
    0.85897,
    0.85944,
    0.85966,
    0.85968,
    0.85809,
    0.85878,
    0.85703,
    0.85501,
    0.85446,
    0.85424,
    0.85254,
    0.85302,
    0.85399,
    0.85385,
    0.85405,
    0.85316,
    0.85348,
    0.85356,
    0.85465,
    0.8546,
    0.85408,
    0.85358,
    0.85275,
    0.85194,
    0.85179,
    0.85178,
    0.85177,
    0.85332,
    0.85394,
    0.85378,
    0.85464,
    0.85458,
    0.85542,
    0.85639,
    0.85727,
    0.857,
    0.85774,
    0.85837,
    0.85811,
    0.85717,
    0.85831,
    0.85919,
    0.85868,
    0.85597,
    0.85568,
    0.85586,
    0.85599,
    0.85628,
    0.85559,
    0.85479,
    0.8552,
    0.8547,
    0.85502,
    0.85474,
    0.85312,
    0.85366,
    0.85379,
    0.85521,
    0.85755,
    0.85764,
    0.85772,
    0.85787,
    0.8576,
    0.85798,
    0.85694,
    0.85633,
    0.85877,
    0.85903,
    0.85908,
    0.85775,
    0.85776,
    0.85746,
    0.8572,
    0.85618,
    0.85765,
    0.85766,
    0.85698,
    0.85634,
    0.85702,
    0.85748,
    0.8575,
    0.85715,
    0.85673,
    0.85667,
    0.85735,
    0.85826,
    0.85556,
    0.85675,
    0.85672,
    0.85632,
    0.859,
    0.85915,
    0.85925,
    0.85939,
    0.85799,
    0.85937,
    0.85895,
    0.85905,
    0.85941,
    0.85932,
    0.8589,
    0.85953,
    0.85866,
    0.85973,
    0.8578,
    0.85714,
    0.85824,
    0.85636,
    0.85663,
    0.85801,
    0.85781
  ],