{
  "Fifteen_Min": [
    0,
    0,
    0
  ],
  "Thirty_Min": [
    0,
    0,
    0
  ],
  "One_Hour": [
    0,
    0,
    0
  ],
  "Two_Hour": [
    0,
    0,
    0
  ],
  "Four_Hour": [
    0
  ],
  "Daily": [
    0
  ],
  "Weekly": [
    0,
    4.3112,
    4.2978,
    4.3715,
    4.2424,
    4.2519,
    4.2951,
    4.2568,
    4.3249,
    4.3387,
    4.3512,
    4.3986,
    4.3614,
    4.3596,
    4.3819,
    4.3647,
    4.3581,
    4.38,
    4.3932,
    4.3992,
    4.3408,
    4.3515,
    4.3049,
    4.28605,
    4.2751,
    4.2749,
    4.2323,
    4.286,
    4.3685,
    4.3065,
    4.37175,
    4.355,
    4.35315,
    4.37305,
    4.32755,
    4.2394,
    4.29669,
    4.2925,
    4.37567,
    4.37824,
    4.30425,
    4.33285,
    4.36794,
    4.38232,
    4.3135,
    4.2615,
    4.3476,
    4.36528,
    4.29425,
    4.24916,
    4.27247,
    4.246,
    4.23964,
    4.24166,
    4.32538,
    4.30381,
    4.2965,
    4.23588,
    4.23232,
    4.23432,
    4.23344,
    4.27084,
    4.26556,
    4.30413,
    4.26698,
    4.23586,
    4.2536,
    4.25035,
    4.24428,
    4.23793,
    4.27082,
    4.31454,
    4.27256,
    4.23844,
    4.26354,
    4.36627,
    4.39692,
    4.37196,
    4.37492,
    4.3202,
    4.29279,
    4.26352,
    4.26076,
    4.24811,
    4.29694,
    4.36855,
    4.3709,
    4.38734,
    4.38996,
    4.37807,
    4.36472,
    4.35689,
    4.27838,
    4.27292,
    4.31031,
    4.33536,
    4.34085,
    4.3101,
    4.30156,
    4.29548,
    4.2808,
    4.31281,
    4.32441,
    4.33792,
    4.32823,
    4.35698,
    4.38677,
    4.36825,
    4.33542,
    4.30218,
    4.29467,
    4.31382,
    4.30506,
    4.28256,
    4.26158,
    4.23212,
    4.23507,
    4.23393,
    4.2542,
    4.24436,
    4.27337,
    4.26004,
    4.25355,
    4.2436,
    4.27622,
    4.26636,
    4.31101,
    4.2464,
    4.2345,
    4.2446,
    4.23554,
    4.25086,
    4.26646,
    4.30142,
    4.30166,
    4.27724,
    4.28396,
    4.32324,
    4.35791,
    4.31503,
    4.31973,
    4.28466,
    4.26201,
    4.29362,
    4.2789,
    4.29347,
    4.30594,
    4.30689,
    4.28218,
    4.2952,
    4.2945,
    4.3086,
    4.2887,
    4.2929,
    4.29291,
    4.29134,
    4.29424,
    4.29028,
    4.29183,
    4.28802,
    4.28666,
    4.28846,
    4.3061,
    4.33133,
    4.30446,
    4.30065,
    4.29944,
    4.29768,
    4.29069,
    4.27778,
    4.28215,
    4.27714,
    4.29021,
    4.28217,
    4.25898,
    4.25592,
    4.25575,
    4.24524,
    4.25233,
    4.26887,
    4.25078,
    4.27283,
    4.30687,
    4.32256,
    4.33726,
    4.3779,
    4.33919,
    4.32276,
    4.37432,
    4.32061,
    4.30322,
    4.28232,
    4.27681,
    4.2514,
    4.26568,
    4.27525,
    4.29682,
    4.27598,
    4.26812,
    4.25671,
    4.26078,
    4.24376,
    4.23658,
    4.23962,
    4.25672,
    4.27332,
    4.24966,
    4.28776,
    4.32962,
    4.29648,
    4.37906,
    4.39764,
    4.38708,
    4.38685,
    4.37219,
    4.3255,
    4.3371,
    4.33325,
    4.33568,
    4.34485,
    4.35115,
    4.3579,
    4.35408
  ]
}