{
  "Fifteen_Min": [
    0,
    0,
    0
  ],
  "Thirty_Min": [
    0,
    0,
    0
  ],
  "One_Hour": [
    0,
    0,
    0
  ],
  "Two_Hour": [
    0,
    0,
    0
  ],
  "Four_Hour": [
    0,
    0.93368,
    0.9297,
    0.92964,
    0.93118,
    0.93464,
    0.93341,
    0.93314,
    0.92883,
    0.92984,
    0.93217,
    0.93038,
    0.931,
    0.93044,
    0.93084,
    0.93141,
    0.92894,
    0.93166,
    0.93199,
    0.93238,
    0.93058,
    0.93008,
    0.93024,
    0.93088,
    0.9314,
    0.93036,
    0.93049,
    0.9309,
    0.93154,
    0.9306,
    0.93068,
    0.9288,
    0.9299,
    0.9317,
    0.93167,
    0.93174,
    0.9329,
    0.93279,
    0.93332,
    0.93358,
    0.93262,
    0.93317,
    0.9351,
    0.93686,
    0.9348,
    0.93526,
    0.93546,
    0.93595,
    0.934,
    0.93448,
    0.93372,
    0.93455,
    0.93492,
    0.93481,
    0.93496,
    0.93714,
    0.93706,
    0.93647,
    0.93781,
    0.93682,
    0.93622,
    0.93627,
    0.937,
    0.93691,
    0.9371,
    0.93749,
    0.93779,
    0.93636,
    0.93648,
    0.93306
  ],
  "Daily": [
    0,
    0.95087,
    0.95105,
    0.95176,
    0.9504,
    0.95368,
    0.95386,
    0.9534,
    0.94814,
    0.95054,
    0.94721,
    0.9433,
    0.94546,
    0.94581,
    0.94762,
    0.94954,
    0.95358,
    0.95297,
    0.94574,
    0.94576,
    0.94478,
    0.94156,
    0.94468,
    0.94557,
    0.9449,
    0.94797,
    0.94812,
    0.94717,
    0.94542,
    0.94406,
    0.9428,
    0.94255,
    0.94266,
    0.93628,
    0.93464,
    0.92883,
    0.93044,
    0.92734,
    0.93049,
    0.9288,
    0.9317,
    0.93358,
    0.9348,
    0.93372,
    0.93706,
    0.937,
    0.94064,
    0.94412,
    0.94582,
    0.94452,
    0.93916,
    0.94045
  ],
  "Weekly": [
    0
  ]
}