{
  "Fifteen_Min": [
    0,
    0,
    0
  ],
  "Thirty_Min": [
    0,
    0,
    0
  ],
  "One_Hour": [
    0,
    0,
    0
  ],
  "Two_Hour": [
    0,
    0,
    0
  ],
  "Four_Hour": [
    0,
    1.25588,
    1.25579,
    1.25557,
    1.25512,
    1.25639,
    1.25772,
    1.2583,
    1.25587,
    1.25518,
    1.25956,
    1.25736,
    1.25847,
    1.26069,
    1.26078,
    1.25694,
    1.26477,
    1.26317,
    1.26346,
    1.26519,
    1.26376,
    1.26466,
    1.26394,
    1.2619,
    1.26096,
    1.26131,
    1.26089,
    1.25864,
    1.26112,
    1.26209,
    1.26286,
    1.26216,
    1.26227,
    1.26736,
    1.26202,
    1.26258,
    1.26372,
    1.2618,
    1.25834,
    1.25858,
    1.25542,
    1.25596,
    1.25548,
    1.25455,
    1.25426,
    1.25684,
    1.25821,
    1.25804,
    1.25759,
    1.25702,
    1.25914,
    1.25514,
    1.25656,
    1.25946,
    1.26232,
    1.26116,
    1.26124,
    1.26747,
    1.2695,
    1.26612,
    1.26595,
    1.26378,
    1.2661,
    1.2668,
    1.27743,
    1.2784,
    1.27816,
    1.27796,
    1.27961,
    1.28088,
    1.27738,
    1.27908,
    1.28018,
    1.27787,
    1.27838,
    1.27398,
    1.27552,
    1.27642,
    1.27594,
    1.2765,
    1.27202,
    1.2731,
    1.27564,
    1.27676,
    1.27686,
    1.27588,
    1.27758,
    1.27492,
    1.27328,
    1.27482,
    1.27468,
    1.27078,
    1.27013,
    1.2712,
    1.26986,
    1.2716,
    1.27336,
    1.27326,
    1.27372,
    1.27117,
    1.2722,
    1.27112,
    1.27052,
    1.27292,
    1.27376,
    1.27377,
    1.27498,
    1.27484,
    1.27438,
    1.27259,
    1.27113,
    1.26404,
    1.26483,
    1.26359,
    1.26348,
    1.26205,
    1.26462,
    1.26067,
    1.26236,
    1.26175,
    1.26148,
    1.2685,
    1.27163,
    1.26976,
    1.26905,
    1.27054,
    1.26706,
    1.2694,
    1.26972,
    1.26908,
    1.26975,
    1.26866,
    1.26961,
    1.27362,
    1.27188,
    1.27134,
    1.27138,
    1.27059,
    1.27122,
    1.2715,
    1.27077,
    1.27038,
    1.2704,
    1.27108,
    1.27463,
    1.27274,
    1.27391,
    1.27318,
    1.27405,
    1.27346,
    1.27808,
    1.28102,
    1.27538,
    1.27942,
    1.2791,
    1.27798,
    1.28054,
    1.2761,
    1.27774,
    1.27807,
    1.2778,
    1.27875,
    1.27238,
    1.27258,
    1.27106,
    1.27136,
    1.27003,
    1.26759,
    1.26727,
    1.27193,
    1.27094,
    1.27256,
    1.27278,
    1.26994,
    1.2745,
    1.27817,
    1.27524,
    1.27587,
    1.27349,
    1.27282,
    1.2772,
    1.2775,
    1.27839,
    1.27736,
    1.27622,
    1.27532,
    1.27332,
    1.27408,
    1.27572,
    1.27541,
    1.27294,
    1.27232,
    1.2719,
    1.27133,
    1.27124,
    1.27565,
    1.2781,
    1.27158,
    1.26754,
    1.26815,
    1.2682,
    1.27058,
    1.2686,
    1.26909,
    1.26946,
    1.26823,
    1.26716,
    1.26978,
    1.26568,
    1.26973,
    1.26872,
    1.26835,
    1.26853,
    1.27118,
    1.27159,
    1.27236,
    1.27036,
    1.2696,
    1.27072,
    1.27582,
    1.2721,
    1.2733,
    1.27319,
    1.27207,
    1.27234,
    1.27127,
    1.27706,
    1.27598,
    1.27458,
    1.27521,
    1.27452,
    1.27196,
    1.27448,
    1.27384,
    1.27466,
    1.27386,
    1.27212,
    1.27518,
    1.27568,
    1.2763,
    1.27699,
    1.27424,
    1.27352,
    1.27345,
    1.27508,
    1.26788,
    1.2631,
    1.2723,
    1.27194,
    1.27203,
    1.26988,
    1.2636,
    1.25994,
    1.25904,
    1.25652,
    1.25867,
    1.26198,
    1.25818,
    1.25778,
    1.25941,
    1.25997,
    1.25762,
    1.25943,
    1.2595,
    1.2603,
    1.2614,
    1.26118,
    1.25738,
    1.26208,
    1.26432,
    1.26409,
    1.26228,
    1.26384,
    1.27137,
    1.27162,
    1.27213,
    1.27204,
    1.26958,
    1.26852,
    1.26629,
    1.2672,
    1.26634,
    1.26685,
    1.26752,
    1.26918,
    1.25889,
    1.25879,
    1.25958,
    1.26076,
    1.26324,
    1.26256,
    1.26287,
    1.26288,
    1.26299,
    1.26262,
    1.25758,
    1.2577,
    1.25649,
    1.25574,
    1.25744,
    1.25598,
    1.25549,
    1.25396,
    1.25469,
    1.25376,
    1.25584,
    1.25496,
    1.25774,
    1.26032,
    1.26036,
    1.26108,
    1.26088,
    1.26254,
    1.26347,
    1.26284,
    1.26425,
    1.26924,
    1.26974,
    1.26806,
    1.26862,
    1.2693,
    1.26489,
    1.26255,
    1.262,
    1.26244,
    1.26532,
    1.26444,
    1.26294,
    1.26948,
    1.26766,
    1.26776,
    1.26742,
    1.26224,
    1.26362,
    1.26392,
    1.26316,
    1.25952,
    1.25954,
    1.26024,
    1.26113,
    1.26,
    1.25988,
    1.2581,
    1.25593,
    1.255,
    1.25863,
    1.25922,
    1.25906,
    1.25876,
    1.25571,
    1.25456,
    1.25489,
    1.25459,
    1.2542,
    1.2554,
    1.25811,
    1.25404,
    1.25558,
    1.25654,
    1.2576,
    1.25433,
    1.25452,
    1.25628,
    1.25592,
    1.25572,
    1.25394,
    1.26182,
    1.26408,
    1.26358,
    1.26676,
    1.27842,
    1.27643,
    1.2755,
    1.27592,
    1.27746,
    1.26816,
    1.26934,
    1.26671,
    1.2667,
    1.26528,
    1.26582,
    1.26992,
    1.27433,
    1.27355,
    1.2732,
    1.27195,
    1.26784,
    1.26613,
    1.26702,
    1.26424,
    1.26498,
    1.26315,
    1.26812,
    1.26644,
    1.2691,
    1.26811,
    1.26858,
    1.27354,
    1.27093,
    1.27062,
    1.26911,
    1.27042,
    1.27066,
    1.27244,
    1.27251,
    1.27548,
    1.27898,
    1.27995,
    1.28093,
    1.27944,
    1.27418,
    1.27394,
    1.27306,
    1.27368,
    1.27628,
    1.27208,
    1.27314,
    1.2737,
    1.27175,
    1.263,
    1.2633,
    1.26188,
    1.2629,
    1.26308,
    1.26282,
    1.26298,
    1.2645,
    1.26624,
    1.26652,
    1.26733,
    1.26836,
    1.26828,
    1.26936,
    1.26744,
    1.266,
    1.26578,
    1.27037,
    1.26949,
    1.27119,
    1.27486,
    1.27605,
    1.27437,
    1.27344,
    1.27254,
    1.27095,
    1.2711,
    1.2702,
    1.27245,
    1.2742,
    1.27606,
    1.27636,
    1.27397,
    1.27206,
    1.27806,
    1.27729,
    1.27526,
    1.27395,
    1.27528,
    1.27529,
    1.27261,
    1.2728,
    1.27295,
    1.26952,
    1.26807,
    1.2625,
    1.26356,
    1.26102,
    1.26508,
    1.26785,
    1.268,
    1.26894,
    1.26873,
    1.2674,
    1.26524,
    1.26813,
    1.27074,
    1.2699,
    1.2684,
    1.2688,
    1.27092,
    1.27048,
    1.2727,
    1.27082,
    1.27374,
    1.27285,
    1.26928,
    1.27024,
    1.27647,
    1.27668,
    1.2748,
    1.27242,
    1.27105,
    1.27264,
    1.27364,
    1.26906,
    1.27087,
    1.27088,
    1.27061,
    1.27144,
    1.27488,
    1.27022,
    1.27004,
    1.26832,
    1.27096,
    1.2681,
    1.26809,
    1.26845,
    1.26777,
    1.267,
    1.27182
  ],
  "Daily": [
    0
  ],
  "Weekly": [
    0,
    1.16497,
    1.17457,
    1.15118,
    1.15911,
    1.14196,
    1.08484,
    1.11684,
    1.10956,
    1.11798,
    1.12972
  ]
}