{
  "Fifteen_Min": [
    0,
    0,
    0
  ],
  "Thirty_Min": [
    0,
    0,
    0
  ],
  "One_Hour": [
    0,
    0,
    0
  ],
  "Two_Hour": [
    0,
    0,
    0
  ],
  "Four_Hour": [
    0,
    1.10113,
    1.10258,
    1.10196,
    1.10268,
    1.09654,
    1.09614,
    1.10006,
    1.10172,
    1.10169,
    1.09904,
    1.09941,
    1.10212,
    1.10254,
    1.10238,
    1.09702,
    1.0974,
    1.09635,
    1.09698,
    1.09268,
    1.0931,
    1.08905,
    1.08776,
    1.10007,
    1.1001,
    1.09885,
    1.09699,
    1.0875,
    1.09485,
    1.09709,
    1.09454,
    1.10228,
    1.10158,
    1.1026,
    1.09412,
    1.09414,
    1.09578,
    1.09894,
    1.09943,
    1.10066,
    1.09389,
    1.09566,
    1.0961,
    1.0963,
    1.09771,
    1.09722,
    1.09874,
    1.09914,
    1.09717,
    1.09548,
    1.09681,
    1.0954,
    1.09534,
    1.09427,
    1.09196,
    1.0915,
    1.09138,
    1.0901,
    1.08894,
    1.08845,
    1.08763,
    1.08682,
    1.09058,
    1.09128,
    1.09176,
    1.0924,
    1.09084,
    1.08731,
    1.08959,
    1.09024,
    1.09054,
    1.09072,
    1.0922,
    1.09358,
    1.09394,
    1.09364,
    1.09432,
    1.09254,
    1.09544,
    1.09624,
    1.09674,
    1.09552,
    1.10012,
    1.10086,
    1.10305,
    1.10008,
    1.10106,
    1.10221,
    1.10206,
    1.10248,
    1.10144,
    1.10132,
    1.10269,
    1.10164,
    1.1018,
    1.10234,
    1.10301,
    1.10154,
    1.1025,
    1.1024,
    1.10202,
    1.10192,
    1.10156,
    1.1003,
    1.10044,
    1.09862,
    1.09878,
    1.09905,
    1.09931,
    1.10131,
    1.10183,
    1.09901,
    1.10295,
    1.10306,
    1.10251,
    1.10292,
    1.09922,
    1.0997,
    1.09958,
    1.09735,
    1.09762,
    1.0971,
    1.09846,
    1.0967,
    1.10048,
    1.09902,
    1.09796,
    1.09678,
    1.09744,
    1.09658,
    1.09996,
    1.0976,
    1.09617,
    1.09514,
    1.0958,
    1.09142,
    1.09042,
    1.0896,
    1.08969,
    1.0889,
    1.08804,
    1.0868,
    1.08676,
    1.0874,
    1.08688,
    1.08824,
    1.08718,
    1.0883,
    1.08862,
    1.08743,
    1.08726,
    1.08746,
    1.08701,
    1.08675,
    1.0891,
    1.08797,
    1.08774,
    1.08844,
    1.08812,
    1.08836,
    1.08766,
    1.09298,
    1.09581,
    1.09602,
    1.0964,
    1.09714,
    1.09542,
    1.09923,
    1.10302,
    1.10311,
    1.1015,
    1.10279,
    1.1028,
    1.1031,
    1.10264,
    1.10304,
    1.09936,
    1.0979,
    1.09858,
    1.09888,
    1.10174,
    1.10095,
    1.10152,
    1.10118,
    1.09994,
    1.09814,
    1.0973,
    1.09668,
    1.09498,
    1.09574,
    1.09572
  ],
  "Daily": [
    0,
    1.11606,
    1.11348,
    1.11429,
    1.10564,
    1.11056,
    1.10288,
    1.10186,
    1.10254,
    1.0974,
    1.08905,
    1.08452,
    1.1027,
    1.11408,
    1.10566,
    1.10359,
    1.10552,
    1.09412,
    1.10711,
    1.11749,
    1.11409,
    1.10908,
    1.12118,
    1.11985,
    1.12094,
    1.11826,
    1.11667,
    1.113,
    1.11844,
    1.11488,
    1.1199,
    1.12068,
    1.11508,
    1.12214,
    1.12128,
    1.11638,
    1.11616,
    1.11593,
    1.11088,
    1.11172,
    1.1138,
    1.11608,
    1.11168,
    1.10969,
    1.11285,
    1.11158,
    1.12172,
    1.12224,
    1.11924,
    1.11416,
    1.11494,
    1.11178,
    1.10856,
    1.11112,
    1.11148,
    1.12237,
    1.1189,
    1.11406,
    1.10968,
    1.11243,
    1.11354,
    1.11046,
    1.1102,
    1.1083,
    1.10713,
    1.11133,
    1.11777,
    1.11915,
    1.11374,
    1.11116,
    1.12254,
    1.11895,
    1.11832,
    1.11908,
    1.12204,
    1.1194,
    1.11654,
    1.11798,
    1.11742,
    1.11791,
    1.11077,
    1.11526,
    1.11306,
    1.11518,
    1.11462,
    1.11216,
    1.11852,
    1.11818,
    1.1154,
    1.11102,
    1.11264,
    1.11586,
    1.11572,
    1.11138,
    1.11262,
    1.11419,
    1.11598,
    1.1204,
    1.11976,
    1.12084,
    1.12107,
    1.117,
    1.11428,
    1.11068,
    1.11753,
    1.11484,
    1.11693,
    1.11448,
    1.11335,
    1.11274,
    1.11442,
    1.1137,
    1.11153,
    1.11165,
    1.11096,
    1.1094,
    1.11214,
    1.11038,
    1.11332,
    1.11662,
    1.11649,
    1.10997,
    1.11238,
    1.11237,
    1.10934,
    1.11151,
    1.11054,
    1.106,
    1.09566,
    1.09977,
    1.09681,
    1.0915,
    1.08247,
    1.0854,
    1.08596,
    1.08618,
    1.09024,
    1.09394,
    1.09767,
    1.10305,
    1.10555,
    1.11019,
    1.10714,
    1.10484,
    1.1037,
    1.1034,
    1.10712,
    1.10258,
    1.10326,
    1.10354,
    1.1067,
    1.10785,
    1.10434,
    1.10845,
    1.11145,
    1.1117,
    1.10938,
    1.10498,
    1.10452,
    1.1025,
    1.10202,
    1.09862,
    1.1021,
    1.10295,
    1.0997,
    1.09996,
    1.10334,
    1.09678,
    1.09617,
    1.09042,
    1.0866,
    1.08676,
    1.0863,
    1.07904,
    1.0756,
    1.0753,
    1.07828,
    1.08164,
    1.08126,
    1.08328,
    1.08416,
    1.08718,
    1.08746,
    1.0891,
    1.08858,
    1.09602,
    1.10302,
    1.1028
  ],
  "Weekly": [
    0
  ]
}