{
  "Fifteen_Min": [
    0,
    0,
    0
  ],
  "Thirty_Min": [
    0,
    0,
    0
  ],
  "One_Hour": [
    0,
    0,
    0
  ],
  "Two_Hour": [
    0,
    0,
    0
  ],
  "Four_Hour": [
    0,
    5.13322,
    5.12435,
    5.1164,
    5.13385,
    5.1375,
    5.133,
    5.13095,
    5.11905,
    5.1353,
    5.1339,
    5.13675,
    5.13275,
    5.13535,
    5.13505,
    5.1355,
    5.13565,
    5.1329,
    5.13455,
    5.1189,
    5.08109,
    5.09638,
    5.09425,
    5.12588,
    5.11225,
    5.12842,
    5.11894,
    5.13125,
    5.13182,
    5.13009,
    5.11705,
    5.11114,
    5.10775,
    5.10125,
    5.10625,
    5.11575,
    5.11993,
    5.12064,
    5.11722,
    5.10783,
    5.10912,
    5.11875,
    5.1195,
    5.12025,
    5.13525,
    5.12916,
    5.1245,
    5.12635,
    5.12432,
    5.13175,
    5.13746,
    5.129,
    5.12088,
    5.12825,
    5.1207,
    5.12055,
    5.11125,
    5.1126,
    5.1135,
    5.12645,
    5.12058,
    5.1235,
    5.122,
    5.1067,
    5.1021,
    5.1025,
    5.09774,
    5.09525,
    5.078,
    5.08195,
    5.11674,
    5.12,
    5.11725,
    5.1205,
    5.12475,
    5.13554,
    5.1315,
    5.1335,
    5.1285,
    5.1055,
    5.09516,
    5.10684,
    5.101,
    5.114,
    5.113,
    5.13313,
    5.13328,
    5.134,
    5.13376,
    5.13206,
    5.12725,
    5.12799,
    5.123,
    5.12075,
    5.09522,
    5.0995,
    5.098,
    5.0975,
    5.10194,
    5.07146,
    5.084,
    5.08525,
    5.06641,
    5.06835,
    5.07099,
    5.06845,
    5.0795,
    5.08132,
    5.07625,
    5.08068,
    5.08085,
    5.07204,
    5.0687,
    5.06204,
    5.06216,
    5.0661,
    5.06287,
    5.07025,
    5.07394,
    5.06935,
    5.0696,
    5.06916,
    5.076,
    5.08175,
    5.0765,
    5.0787,
    5.08558,
    5.10392,
    5.10072,
    5.10308,
    5.10215,
    5.09856,
    5.12797,
    5.12368,
    5.124,
    5.13001,
    5.12874,
    5.12548,
    5.12926,
    5.12325,
    5.11775,
    5.10984,
    5.08048,
    5.07812,
    5.07603,
    5.07444,
    5.07925
  ],
  "Daily": [
    0
  ],
  "Weekly": [
    0,
    5.15201,
    5.18233,
    5.1499,
    5.12237,
    5.07219,
    4.95362,
    5.05372,
    4.99458,
    5.06545,
    5.17658,
    5.18788,
    5.04632,
    5.01239,
    5.14878,
    5.19166,
    5.08577,
    5.08745,
    5.01282,
    4.93074,
    5.01265,
    4.99435,
    5.0101,
    5.09152,
    5.04288,
    4.93762,
    5.07876,
    5.12169,
    5.17168,
    5.19517,
    5.02832,
    5.01557,
    5.0327,
    4.91502,
    4.93295,
    4.95316,
    4.96355,
    4.98619,
    5.04259,
    5.0712,
    5.11066,
    5.11558,
    5.17566,
    5.13562,
    5.19842,
    5.17656,
    5.17111,
    5.11702,
    5.01742,
    5.17062,
    5.04914,
    5.08414,
    5.04664,
    5.14726,
    5.12796,
    5.18653,
    5.08148,
    5.06043,
    5.01158,
    5.00874,
    4.98378,
    4.96762,
    4.94794,
    4.92276,
    4.92956,
    4.9898,
    4.99195,
    5.05756,
    4.99386,
    4.96718,
    4.92012,
    4.96392,
    4.91774,
    5.0072,
    5.02108,
    5.00222,
    4.95972,
    4.9388,
    4.92662,
    4.95846,
    5.01021,
    5.00167,
    5.02084,
    4.99366,
    4.95542,
    4.96917,
    4.97308,
    5.03778,
    5.0025,
    5.05115,
    5.05422,
    5.02518,
    5.06767,
    5.02135,
    5.04374,
    5.05703,
    5.01665,
    5.04621,
    5.03534,
    5.03658,
    5.08169,
    5.11504,
    5.11437,
    5.12228,
    5.13156,
    5.09448,
    5.04373,
    5.15906,
    5.1839,
    5.17324,
    5.15737,
    5.0435,
    4.9458,
    4.97652,
    5.0857,
    5.12842,
    5.02396,
    4.96884,
    4.95842,
    5.1321,
    5.1787,
    5.18134,
    5.1669,
    5.08204,
    5.02149,
    5.05129,
    4.98024,
    5.03998,
    5.06608,
    4.98346,
    4.94319,
    4.94342,
    4.92286,
    4.98636,
    4.93542,
    4.99844,
    5.02484,
    4.96796,
    4.96748,
    4.92142,
    4.92348,
    4.91864,
    4.92976,
    4.92336,
    4.94323,
    4.99565,
    5.00208,
    4.98266,
    5.02286,
    5.0017,
    4.98672,
    4.95008,
    4.95022,
    4.97912,
    4.97254,
    4.92494,
    4.93226,
    4.95148,
    4.92707,
    4.99086,
    5.00402,
    5.06604,
    5.07916,
    4.99662,
    4.989,
    4.9749,
    4.97664,
    4.97311,
    5.04722,
    5.11408,
    5.03128,
    5.11868,
    5.03264,
    4.96742,
    4.93304,
    5.07482,
    5.18614,
    5.19752,
    5.1834,
    5.19624,
    5.1122,
    5.0367,
    4.94569,
    4.97685,
    4.95212,
    4.93168,
    4.95096,
    4.92248,
    4.91998,
    4.97083,
    4.92992,
    5.01262,
    5.02216,
    4.98748,
    4.9975,
    4.99166,
    4.95473,
    4.93066,
    5.01706,
    5.09986,
    5.00829,
    5.10543,
    5.1032,
    5.10635,
    5.11571,
    5.13876,
    5.18534,
    5.18892,
    5.18504,
    5.1966,
    5.18188,
    5.161,
    5.19187,
    5.15315,
    5.14625,
    5.13675,
    5.141,
    5.12064,
    5.1235,
    5.06835,
    5.00825,
    5.032,
    5.05246,
    5.04225,
    4.99856,
    5.01075,
    5.0555,
    5.07575,
    5.07603
  ]
}