{
  "Fifteen_Min": [
    0,
    0,
    0
  ],
  "Thirty_Min": [
    0,
    0,
    0
  ],
  "One_Hour": [
    0,
    0,
    0
  ],
  "Two_Hour": [
    0,
    0,
    0
  ],
  "Four_Hour": [
    0,
    0.61532,
    0.61585,
    0.61454,
    0.61377,
    0.61584,
    0.61379,
    0.61497,
    0.61529,
    0.61534,
    0.61434,
    0.61124,
    0.61205,
    0.61128,
    0.61156,
    0.61062,
    0.61038,
    0.6132,
    0.61292,
    0.6121,
    0.61308,
    0.61364,
    0.6101,
    0.61082,
    0.61276,
    0.60942,
    0.60838,
    0.61246,
    0.61227,
    0.61312,
    0.61304,
    0.61593,
    0.61536,
    0.61452,
    0.6148,
    0.61358,
    0.61088,
    0.6104,
    0.6105,
    0.61461,
    0.61542,
    0.61523,
    0.61432,
    0.61582,
    0.6135,
    0.61294,
    0.61387,
    0.61288,
    0.61208,
    0.61002,
    0.60848,
    0.61,
    0.60648,
    0.60797,
    0.60777,
    0.60872,
    0.61048,
    0.61026,
    0.60895,
    0.60908,
    0.6086,
    0.60951,
    0.60925,
    0.60756,
    0.60688,
    0.60826,
    0.61093,
    0.61138,
    0.61141,
    0.61046,
    0.61096,
    0.61004,
    0.61496,
    0.61463,
    0.6137,
    0.61486,
    0.61278,
    0.61405,
    0.60783,
    0.61134,
    0.60977,
    0.60786,
    0.60825,
    0.60894,
    0.6096,
    0.60948,
    0.61176,
    0.61518,
    0.61563,
    0.61457,
    0.616,
    0.61524,
    0.61502,
    0.61348,
    0.61226,
    0.60707,
    0.6117,
    0.61289,
    0.61554,
    0.61476,
    0.6139,
    0.61307,
    0.61077,
    0.61166,
    0.60922,
    0.61008,
    0.61164,
    0.61431,
    0.6144,
    0.61597,
    0.61332,
    0.61516,
    0.61606,
    0.615,
    0.61446,
    0.61223,
    0.61068,
    0.61086,
    0.60974,
    0.61078,
    0.6107,
    0.61024,
    0.61236,
    0.61249,
    0.6136,
    0.61568,
    0.61557,
    0.61352,
    0.61438,
    0.61374,
    0.61386,
    0.61359,
    0.61468,
    0.61472,
    0.61498,
    0.61422,
    0.61372,
    0.61344,
    0.61291,
    0.61293,
    0.6124,
    0.61162,
    0.61248,
    0.61362,
    0.61336,
    0.61488,
    0.61436,
    0.61286,
    0.61492,
    0.61402,
    0.61271,
    0.61127,
    0.60963,
    0.6083,
    0.60644,
    0.60627,
    0.60726,
    0.6073,
    0.60689,
    0.60712,
    0.60624,
    0.60898,
    0.6087,
    0.60659,
    0.60694,
    0.60742,
    0.60821,
    0.60634,
    0.60784,
    0.6078,
    0.60792,
    0.60666,
    0.60761,
    0.60807,
    0.60946,
    0.60929,
    0.60876,
    0.60952,
    0.61274,
    0.6128,
    0.61106,
    0.6123,
    0.61196,
    0.61458,
    0.61589,
    0.61508,
    0.6159,
    0.61592,
    0.61426,
    0.61306,
    0.6129,
    0.61408,
    0.61578,
    0.61514,
    0.61174,
    0.60901,
    0.60708,
    0.60862,
    0.60739,
    0.6076,
    0.60685,
    0.60684,
    0.60704,
    0.60678,
    0.60912,
    0.60788,
    0.6106,
    0.61384,
    0.61459,
    0.6152,
    0.61594,
    0.61444,
    0.61522,
    0.6157,
    0.61583,
    0.6133,
    0.61588,
    0.6156,
    0.61596,
    0.61394,
    0.61319,
    0.61042,
    0.60933,
    0.60885,
    0.60803,
    0.60818,
    0.60699,
    0.60778,
    0.60896,
    0.60782,
    0.60983,
    0.61015,
    0.61064,
    0.61044,
    0.6079,
    0.6065,
    0.60658,
    0.60736,
    0.60691,
    0.60866,
    0.60676,
    0.60923,
    0.60859,
    0.60984,
    0.60976,
    0.60928,
    0.6103,
    0.61305,
    0.6153,
    0.61546,
    0.61538,
    0.61547,
    0.6154,
    0.61371,
    0.6147,
    0.61539,
    0.61222,
    0.61506,
    0.61298,
    0.61122,
    0.61112,
    0.61346,
    0.61216,
    0.61212,
    0.61184,
    0.60988,
    0.60972,
    0.61171,
    0.61215,
    0.61598,
    0.61326,
    0.6138,
    0.61034,
    0.6116,
    0.61172,
    0.61211,
    0.60962,
    0.61142,
    0.611,
    0.61081,
    0.61005,
    0.60762,
    0.60861,
    0.609,
    0.60937,
    0.60696,
    0.61029,
    0.61032,
    0.61347,
    0.61118,
    0.61104,
    0.61242,
    0.61137,
    0.6108,
    0.61028,
    0.6098,
    0.60919,
    0.60978,
    0.61132,
    0.61058,
    0.61322,
    0.61214,
    0.61237,
    0.61258,
    0.6118
  ],
  "Daily": [
    0,
    0.62601,
    0.626,
    0.62698,
    0.62638,
    0.62441,
    0.62694,
    0.62484,
    0.62624,
    0.62708,
    0.62692,
    0.60892,
    0.60784,
    0.60448,
    0.59609,
    0.60164,
    0.59616,
    0.59764,
    0.60124,
    0.6085,
    0.60814,
    0.60876,
    0.59924,
    0.59664,
    0.60326,
    0.59682,
    0.59534,
    0.6008,
    0.60162,
    0.60474,
    0.60564,
    0.61271,
    0.6061,
    0.60516,
    0.60542,
    0.60114,
    0.60872,
    0.60774,
    0.59968,
    0.59996,
    0.60401,
    0.6077,
    0.61214,
    0.60982,
    0.61025,
    0.61992,
    0.61888,
    0.62105,
    0.62052,
    0.62313,
    0.62164,
    0.6238,
    0.62216,
    0.62062,
    0.62098,
    0.61692,
    0.61497,
    0.61775,
    0.61128,
    0.61292,
    0.61308,
    0.61246,
    0.61593,
    0.61536,
    0.62246,
    0.623,
    0.62541,
    0.62526,
    0.62632,
    0.62316,
    0.62648,
    0.62548,
    0.62423,
    0.62574,
    0.61738,
    0.61704,
    0.62128,
    0.61887,
    0.61358,
    0.61542,
    0.61294,
    0.61208,
    0.60797,
    0.61122,
    0.60951,
    0.60404,
    0.60748,
    0.60548,
    0.61046,
    0.59999,
    0.60044,
    0.59921,
    0.59595,
    0.59596,
    0.60277,
    0.61196,
    0.6096,
    0.61502,
    0.61289,
    0.61008,
    0.61532,
    0.62467,
    0.62494,
    0.61655,
    0.62017,
    0.6249,
    0.62502,
    0.62274,
    0.62572,
    0.62428,
    0.62134,
    0.62194,
    0.61644,
    0.61668,
    0.6185,
    0.62192,
    0.62231,
    0.61966,
    0.61068,
    0.6107,
    0.61004,
    0.6135,
    0.622,
    0.61881,
    0.61952,
    0.62458,
    0.61942,
    0.62205,
    0.62016,
    0.61964,
    0.62532,
    0.62252,
    0.62636,
    0.62552,
    0.62446,
    0.6253,
    0.62199,
    0.61927,
    0.62152,
    0.62092,
    0.61812,
    0.62084,
    0.61995,
    0.61772,
    0.61386,
    0.6167,
    0.61372,
    0.61162,
    0.61488,
    0.6182,
    0.61675,
    0.62074,
    0.62298,
    0.61903,
    0.62386,
    0.62312,
    0.6248,
    0.62256,
    0.61127,
    0.60627,
    0.60551,
    0.60437,
    0.60215,
    0.60592,
    0.60694,
    0.60374,
    0.6095,
    0.61299,
    0.6123,
    0.61498,
    0.62064,
    0.62348,
    0.6201,
    0.61676,
    0.61776,
    0.6144,
    0.61634,
    0.61624,
    0.60739,
    0.60704,
    0.61384,
    0.6152,
    0.61782,
    0.6157,
    0.6198,
    0.62721,
    0.62342,
    0.62037,
    0.62106,
    0.61827,
    0.6156,
    0.61499,
    0.60803,
    0.6078,
    0.60983,
    0.60658,
    0.60528,
    0.59848,
    0.59754,
    0.595,
    0.59568,
    0.59604,
    0.59624,
    0.59658,
    0.599,
    0.60236,
    0.60204,
    0.5964,
    0.60085,
    0.5971,
    0.59912,
    0.60369,
    0.60488,
    0.60219,
    0.60492,
    0.60866,
    0.60984,
    0.61374,
    0.61547,
    0.61222,
    0.61226,
    0.61333,
    0.61744,
    0.62088,
    0.6212,
    0.62712,
    0.62483,
    0.62508,
    0.62465,
    0.62347,
    0.62444,
    0.62396,
    0.62281,
    0.62336,
    0.62006,
    0.6138,
    0.6116,
    0.61156,
    0.60762,
    0.59472
  ],
  "Weekly": [
    0
  ]
}