{
  "Fifteen_Min": [
    0,
    0,
    0
  ],
  "Thirty_Min": [
    0,
    0,
    0
  ],
  "One_Hour": [
    0,
    0,
    0
  ],
  "Two_Hour": [
    0,
    0,
    0
  ],
  "Four_Hour": [
    0,
    0.86772,
    0.86762,
    0.86678,
    0.86596,
    0.86306,
    0.86226,
    0.85866,
    0.8588,
    0.85776,
    0.8575,
    0.86087,
    0.86144,
    0.86176,
    0.86105,
    0.85904,
    0.86044,
    0.86026,
    0.86006,
    0.85864,
    0.85922,
    0.85748,
    0.85764,
    0.8574,
    0.85825,
    0.85901,
    0.85782,
    0.85836,
    0.85727,
    0.85648,
    0.85816,
    0.86246,
    0.86666,
    0.8658,
    0.86626,
    0.86501,
    0.86566,
    0.86615,
    0.86672,
    0.86486,
    0.86752,
    0.8695,
    0.86952,
    0.86809,
    0.86792,
    0.86467,
    0.86394,
    0.865,
    0.86259,
    0.86258,
    0.86092,
    0.86086,
    0.8599,
    0.85596,
    0.86165,
    0.86799,
    0.86928,
    0.86948,
    0.86887,
    0.86832,
    0.86828,
    0.87036,
    0.86985,
    0.87056,
    0.87146,
    0.86949,
    0.87168,
    0.87246,
    0.87242,
    0.87302,
    0.87296,
    0.87105,
    0.87288,
    0.87188,
    0.87303,
    0.87042,
    0.86908,
    0.87041,
    0.87076,
    0.87244,
    0.87271,
    0.87278,
    0.8724,
    0.8719,
    0.87166,
    0.86898,
    0.86794,
    0.8697,
    0.86385,
    0.86768,
    0.86717,
    0.86705,
    0.8667,
    0.86859,
    0.87024,
    0.86926,
    0.86877,
    0.86777,
    0.86713,
    0.86736,
    0.86634,
    0.86614,
    0.86378,
    0.86184,
    0.86099,
    0.861,
    0.86134,
    0.86147,
    0.86203,
    0.86168,
    0.86187,
    0.86146,
    0.85802,
    0.85818,
    0.85615,
    0.85646,
    0.85566,
    0.85591,
    0.85582,
    0.85554,
    0.85522,
    0.856,
    0.85571,
    0.85699,
    0.85918,
    0.86052,
    0.86094,
    0.8616,
    0.86253,
    0.86192,
    0.86547,
    0.86438,
    0.86402,
    0.86478,
    0.86432,
    0.86878,
    0.86807,
    0.86872,
    0.86848,
    0.86818,
    0.86796,
    0.86776,
    0.86742,
    0.86849,
    0.86804,
    0.86571,
    0.86817,
    0.86869,
    0.87023,
    0.8694,
    0.86916,
    0.86512,
    0.86111,
    0.86219,
    0.86288,
    0.86421,
    0.86469,
    0.86345,
    0.86504,
    0.86698,
    0.86675,
    0.86667,
    0.8651,
    0.86334
  ],
  "Daily": [
    0,
    0.85656,
    0.85986,
    0.87114,
    0.86762,
    0.8588,
    0.86228,
    0.86026,
    0.85764,
    0.85836,
    0.86666,
    0.86596,
    0.86394,
    0.86092,
    0.86928,
    0.87036,
    0.87168,
    0.87288,
    0.86908,
    0.87278,
    0.87166,
    0.86768,
    0.87024,
    0.86713,
    0.86099,
    0.86268,
    0.85615,
    0.85591,
    0.85571,
    0.8616,
    0.86438,
    0.86807,
    0.86818,
    0.86912,
    0.85369
  ],
  "Weekly": [
    0,
    1.04104,
    1.0253,
    0.99836,
    1.0092,
    0.99516,
    1.00586,
    1.0012,
    1.0182,
    1.03438,
    1.04118,
    1.0477,
    1.02408,
    1.04232,
    1.01866,
    1.03594,
    1.0185,
    1.02532,
    1.01622,
    1.02282,
    1.0363,
    1.04962,
    1.0384,
    1.0296,
    1.02748,
    1.03132,
    1.01822,
    1.00882,
    1.01728,
    1.01262,
    1.00574,
    1.01664,
    1.0346,
    1.03498,
    1.0352,
    1.02396,
    1.02546,
    1.04144,
    1.05063,
    1.04122,
    1.03904,
    1.034,
    1.02792,
    1.01648,
    1.01978,
    1.00984,
    0.98306,
    0.97372,
    0.97706,
    0.98092,
    0.99228,
    0.9736,
    0.9811,
    0.97746,
    0.98042,
    0.975,
    0.97388,
    0.97874,
    0.98404,
    0.98782,
    1.00164,
    0.98602,
    0.97526,
    0.97596,
    0.98774,
    1.00564,
    1.00614,
    1.01873,
    0.99624,
    0.98336,
    0.99194,
    0.98662,
    0.99975,
    1.00152,
    1.016,
    0.99088,
    0.977,
    0.98994,
    0.99306,
    0.9826,
    0.97762,
    0.97262,
    0.97536,
    0.99024,
    0.97586,
    0.97212,
    0.97324,
    0.98322,
    0.98258,
    0.98069,
    0.97464,
    0.97809,
    0.97558,
    0.98026,
    0.97756,
    0.99045,
    0.98776,
    0.98796,
    1.01006,
    1.01424,
    1.01058,
    1.01694,
    1.0265,
    1.01894,
    1.01802,
    1.0088,
    1.00198,
    0.99932,
    0.99302,
    1.00224,
    1.00266,
    1.00754,
    1.00772,
    0.99867,
    0.99134,
    1.00316,
    1.00565,
    0.99528,
    0.98764,
    0.97254,
    0.9745,
    0.97788,
    0.97438,
    0.98466,
    0.9984,
    0.99622,
    0.98908,
    0.9794,
    0.97636,
    0.99096,
    0.98944,
    0.97426,
    0.9749,
    0.97471,
    0.98803,
    0.99979,
    0.99785,
    0.99004,
    0.98775,
    0.98488,
    0.98763,
    0.99035,
    0.98982,
    0.9929,
    0.99441,
    0.99403,
    0.99512,
    0.98364,
    0.98153,
    0.992,
    0.99201,
    0.99587,
    0.99692,
    1.00364,
    1.00008,
    0.99714,
    0.99908,
    0.99082,
    0.99784,
    0.99501,
    0.98461,
    0.98655,
    0.9838,
    0.99526,
    0.99556,
    1.00027,
    1.0005,
    0.99916,
    1.00212,
    0.99354,
    0.99522,
    1.00025,
    1.00261,
    1.01458,
    1.01651,
    1.01185,
    1.01101,
    1.00188,
    1.00088,
    0.98779,
    0.99879,
    0.97635,
    0.97625,
    0.98419,
    0.98173,
    0.98234,
    0.97268,
    0.97842,
    0.97474,
    0.98995,
    0.98752,
    0.99023,
    0.99103,
    0.99549,
    0.98438,
    0.99459,
    0.98574,
    0.9972,
    0.98978,
    0.99741,
    0.99029,
    0.98405,
    0.9828,
    0.97255,
    0.97282,
    0.97761,
    0.9783,
    0.97738,
    0.9734,
    0.98861,
    0.97616,
    0.98134,
    0.98731,
    0.99474,
    0.99782
  ]
}