{
  "Fifteen_Min": [
    0,
    0,
    0
  ],
  "Thirty_Min": [
    0,
    0,
    0
  ],
  "One_Hour": [
    0,
    0,
    0
  ],
  "Two_Hour": [
    0,
    0,
    0
  ],
  "Four_Hour": [
    0,
    10.37322,
    10.40088,
    10.4108,
    10.396,
    10.42864,
    10.48108,
    10.49669,
    10.49626,
    10.43324,
    10.46252,
    10.48024,
    10.53408,
    10.5278,
    10.47488,
    10.46437,
    10.53386,
    10.52432,
    10.52996,
    10.52233,
    10.47655,
    10.49762,
    10.5425,
    10.53925,
    10.48285,
    10.5187,
    10.5325,
    10.51932,
    10.51828,
    10.4844,
    10.5056,
    10.51265,
    10.3937,
    10.38595,
    10.39795,
    10.36892,
    10.38898,
    10.3989,
    10.39158,
    10.37871,
    10.46296,
    10.44028,
    10.52416,
    10.49369,
    10.4994,
    10.37546,
    10.36544,
    10.36851,
    10.39245,
    10.37665,
    10.37046,
    10.36696,
    10.38755,
    10.37834,
    10.4046,
    10.41606,
    10.42779,
    10.46686,
    10.44975,
    10.43556,
    10.43864,
    10.42451,
    10.41558,
    10.40525,
    10.3836,
    10.40116,
    10.3871,
    10.43837,
    10.4169,
    10.42016,
    10.39781,
    10.41708,
    10.47076,
    10.50894,
    10.51644,
    10.5405,
    10.53987,
    10.52784,
    10.4753,
    10.52622,
    10.50954,
    10.48097,
    10.46208,
    10.4317,
    10.39623,
    10.38918,
    10.402,
    10.40905,
    10.39104,
    10.46946,
    10.49536,
    10.48302,
    10.47764,
    10.47946,
    10.53013,
    10.48638,
    10.46866,
    10.44181,
    10.42495,
    10.43428,
    10.3991,
    10.40643,
    10.41545,
    10.43481,
    10.41685,
    10.41842,
    10.4049,
    10.39562,
    10.38724,
    10.3938,
    10.4318,
    10.4541,
    10.44976,
    10.47425,
    10.44294,
    10.42134,
    10.39394,
    10.4014,
    10.45547,
    10.44498,
    10.4697,
    10.44416,
    10.4591,
    10.4294,
    10.44382,
    10.45145,
    10.45808,
    10.46715,
    10.4858,
    10.49734,
    10.5058,
    10.50104,
    10.508,
    10.48259,
    10.5362,
    10.52152,
    10.5092,
    10.50435,
    10.50748,
    10.44965,
    10.42838,
    10.44372,
    10.4335,
    10.43568,
    10.4119,
    10.37214,
    10.38234,
    10.39305,
    10.38685,
    10.40943,
    10.38538,
    10.483,
    10.48706,
    10.47345,
    10.44504,
    10.46346,
    10.46942,
    10.46711,
    10.47799,
    10.49215,
    10.53119,
    10.54286,
    10.52903,
    10.52269,
    10.53595,
    10.49996,
    10.46937,
    10.4781,
    10.49929,
    10.51683,
    10.5189,
    10.44252,
    10.50524,
    10.5043,
    10.4953,
    10.50204,
    10.49127,
    10.49534,
    10.51295,
    10.5223,
    10.4948,
    10.52383,
    10.53906,
    10.53508,
    10.50606,
    10.4803,
    10.4682,
    10.4547,
    10.41058,
    10.3676,
    10.42625,
    10.42828,
    10.4398,
    10.45644,
    10.44889,
    10.45056,
    10.47865,
    10.48516,
    10.46353,
    10.49985,
    10.48802,
    10.5134,
    10.53586,
    10.52837,
    10.50347,
    10.53902,
    10.54185,
    10.5097,
    10.4747,
    10.51146,
    10.51205,
    10.47068,
    10.44015,
    10.46235,
    10.4472,
    10.41836,
    10.37056,
    10.39462,
    10.39203,
    10.3804,
    10.37794,
    10.36754,
    10.37189,
    10.36794,
    10.3677,
    10.38974,
    10.40728,
    10.44114,
    10.41852,
    10.46912,
    10.46486,
    10.48985,
    10.48445,
    10.52965,
    10.5062,
    10.50046,
    10.50132,
    10.50765,
    10.5417,
    10.52916,
    10.46292,
    10.4966,
    10.49268,
    10.4819,
    10.48503,
    10.50194,
    10.48958,
    10.5103,
    10.48134,
    10.50095,
    10.5035,
    10.50665,
    10.50315,
    10.49952,
    10.45432,
    10.43448,
    10.43355,
    10.4684,
    10.46795,
    10.41419,
    10.45386,
    10.4336,
    10.43488
  ],
  "Daily": [
    0
  ],
  "Weekly": [
    0
  ]
}