{
  "Fifteen_Min": [
    0,
    0,
    0
  ],
  "Thirty_Min": [
    0,
    0,
    0
  ],
  "One_Hour": [
    0,
    0,
    0
  ],
  "Two_Hour": [
    0,
    0,
    0
  ],
  "Four_Hour": [
    0,
    7.29726,
    7.32424,
    7.3267,
    7.31358,
    7.33855,
    7.35944,
    7.32448,
    7.31405,
    7.3086,
    7.27626,
    7.27832,
    7.28612,
    7.28582,
    7.32332,
    7.32626,
    7.33176
  ],
  "Daily": [
    0,
    7.13514,
    7.13506,
    7.16693,
    7.16741,
    7.14375,
    7.16183,
    7.16189,
    7.17823,
    7.14656,
    7.13791,
    7.10569,
    7.10811,
    7.10928,
    7.10832,
    7.10266,
    7.12101,
    7.10979,
    7.10654,
    7.1285,
    7.12451,
    7.13831,
    7.13862,
    7.14113,
    7.12842,
    7.11236,
    7.11227,
    7.13441,
    7.13826,
    7.10397,
    7.12642,
    7.11996,
    7.11456,
    7.11177,
    7.10712,
    7.10094,
    7.1304,
    7.1215,
    7.12964,
    7.10734,
    7.10797,
    7.11176,
    7.11118,
    7.11882,
    7.11753,
    7.10698,
    7.13314,
    7.14819,
    7.14615,
    7.16983,
    7.13356,
    7.12627,
    7.10678,
    7.1187,
    7.10823,
    7.13412,
    7.17369,
    7.16146,
    7.14123,
    7.10268,
    7.13065,
    7.15469,
    7.16886,
    7.17469,
    7.1774,
    7.21733,
    7.20776,
    7.18656,
    7.17488,
    7.152,
    7.10843,
    7.14911,
    7.12252,
    7.13799,
    7.15257,
    7.1691,
    7.19366,
    7.14472,
    7.10482,
    7.11023,
    7.1181,
    7.12862,
    7.14425,
    7.15583,
    7.17441,
    7.12072,
    7.12828,
    7.16424,
    7.18182,
    7.17797,
    7.19478,
    7.21604,
    7.21398,
    7.16742,
    7.15003,
    7.15646,
    7.17917,
    7.19441,
    7.1748,
    7.18744,
    7.18521,
    7.1367,
    7.15037,
    7.15042,
    7.1471,
    7.18494,
    7.17942,
    7.18794,
    7.20352,
    7.21799,
    7.16383,
    7.14312,
    7.14892,
    7.14768,
    7.13222,
    7.14282,
    7.14611,
    7.12434,
    7.14785,
    7.17318,
    7.17436,
    7.16565,
    7.18554,
    7.1929,
    7.13588,
    7.125,
    7.13598,
    7.14378,
    7.12464,
    7.15086,
    7.14152,
    7.13986,
    7.1523,
    7.11884,
    7.12523,
    7.15054,
    7.1651,
    7.1665,
    7.16218,
    7.18434,
    7.17487,
    7.19134,
    7.1844,
    7.219,
    7.21569,
    7.20314,
    7.19436
  ],
  "Weekly": [
    0,
    7.13514,
    7.12101,
    7.13402,
    7.13356,
    7.13412,
    7.14123,
    7.13065,
    7.21733,
    7.22958,
    7.17488,
    7.12252,
    7.14425,
    7.12828,
    7.21604,
    7.23285,
    7.15646,
    7.18744,
    7.15042,
    7.18794,
    7.21799,
    7.14768,
    7.12434,
    7.13598,
    7.15592,
    7.12523,
    7.1665,
    7.19134
  ]
}