{
  "Fifteen_Min": [
    0,
    0,
    0
  ],
  "Thirty_Min": [
    0,
    0,
    0
  ],
  "One_Hour": [
    0,
    0,
    0
  ],
  "Two_Hour": [
    0,
    0,
    0
  ],
  "Four_Hour": [
    0,
    7.81958,
    7.81302,
    7.81274,
    7.81684,
    7.81704,
    7.81768,
    7.81637,
    7.81714,
    7.81824,
    7.81442,
    7.81292,
    7.81582,
    7.81298,
    7.8174,
    7.81644,
    7.81337,
    7.81326,
    7.81307,
    7.81376,
    7.81381,
    7.81838,
    7.81818,
    7.81812,
    7.81672,
    7.81752,
    7.81279,
    7.81468,
    7.8165,
    7.81916,
    7.81765,
    7.8172,
    7.82062,
    7.81464,
    7.81574,
    7.81653,
    7.82077,
    7.82098,
    7.81893,
    7.81956,
    7.8182,
    7.81575,
    7.81734,
    7.81585,
    7.81659,
    7.81525,
    7.8206,
    7.81901,
    7.81762,
    7.81636,
    7.82066,
    7.81963,
    7.82064,
    7.81609,
    7.81686,
    7.8151,
    7.81407,
    7.81396,
    7.8138,
    7.81388,
    7.81412,
    7.81425,
    7.8146,
    7.8133,
    7.81284,
    7.81394,
    7.81346,
    7.8164,
    7.81722,
    7.81716,
    7.81746,
    7.81713,
    7.8126,
    7.81322,
    7.81269,
    7.81304,
    7.8127,
    7.81418,
    7.81533,
    7.81786,
    7.81966,
    7.82082,
    7.81948,
    7.81792,
    7.81616,
    7.81618,
    7.8187,
    7.81931,
    7.81742,
    7.81521,
    7.81724,
    7.81584,
    7.81649,
    7.82065,
    7.81979,
    7.82084,
    7.82016,
    7.81866,
    7.81822,
    7.8159,
    7.81694,
    7.81678,
    7.81962,
    7.8201,
    7.82092,
    7.81766,
    7.81922,
    7.82029,
    7.82052,
    7.81638,
    7.8157,
    7.8156,
    7.8166,
    7.81624,
    7.81921,
    7.8202,
    7.82042,
    7.82026,
    7.82072,
    7.8194,
    7.81959,
    7.81946,
    7.81924,
    7.81938,
    7.8198,
    7.81937,
    7.8193,
    7.81759,
    7.81661,
    7.81667,
    7.81902,
    7.8208,
    7.81978,
    7.82074,
    7.8204,
    7.82044,
    7.8197,
    7.82034,
    7.81936,
    7.81747,
    7.81676,
    7.81471,
    7.81338,
    7.81422,
    7.8141,
    7.81444,
    7.81557,
    7.8155,
    7.81596,
    7.81524,
    7.81586,
    7.81781,
    7.81273,
    7.81348,
    7.8135,
    7.81334,
    7.81354,
    7.81508,
    7.81542,
    7.81303,
    7.81423,
    7.81353,
    7.81478,
    7.81426,
    7.81517,
    7.81398,
    7.81506,
    7.81554,
    7.81656,
    7.81945,
    7.81806,
    7.81858,
    7.81868,
    7.81774,
    7.81696,
    7.81833,
    7.81926,
    7.819,
    7.82059,
    7.81894,
    7.82055,
    7.8192,
    7.81815,
    7.81727,
    7.8163,
    7.81775,
    7.81848,
    7.81854,
    7.81874,
    7.81807,
    7.81852,
    7.81846,
    7.81731,
    7.81753,
    7.81754,
    7.81804,
    7.81523,
    7.81534,
    7.81305,
    7.81434,
    7.81473,
    7.81484,
    7.81308,
    7.8134,
    7.8128,
    7.81614,
    7.81735,
    7.81771,
    7.8181,
    7.81934,
    7.81784,
    7.8178
  ],
  "Daily": [
    0
  ],
  "Weekly": [
    0
  ]
}