{
  "Fifteen_Min": [
    0,
    0,
    0
  ],
  "Thirty_Min": [
    0,
    0,
    0
  ],
  "One_Hour": [
    0,
    0,
    0
  ],
  "Two_Hour": [
    0,
    0,
    0
  ],
  "Four_Hour": [
    0,
    18.6264,
    18.62515,
    18.6251,
    18.8122,
    18.64448,
    18.8563,
    18.8508,
    18.86494,
    18.89074,
    19.02865,
    19.02338,
    19.0238,
    18.92675,
    18.89532,
    18.83575,
    18.83755,
    18.86044,
    18.77707,
    18.72247,
    18.72425,
    18.70855,
    18.73025,
    18.62754,
    18.62835,
    18.68028,
    18.66998,
    18.74375,
    18.73959,
    18.71214,
    18.66206,
    18.66644,
    18.6569,
    18.65096,
    18.67545,
    18.68622,
    18.65536,
    18.77922,
    18.76532,
    18.77875,
    18.74621,
    18.88242,
    18.80158,
    18.84625,
    18.82874,
    18.78962,
    18.72954,
    18.73492,
    18.76367,
    18.76777,
    18.78136,
    18.70076,
    18.646,
    18.66793,
    18.66572,
    18.64464,
    18.67006,
    18.75388,
    18.72155,
    18.7797,
    18.7884,
    18.79538,
    18.79996,
    18.86899,
    19.00888,
    18.83875,
    18.86975,
    18.87063,
    18.91386,
    18.77222,
    18.8063,
    18.788,
    18.79966,
    18.73904,
    18.68387,
    18.65434,
    18.68155,
    18.67804,
    18.6822,
    18.64084,
    18.65607,
    18.71844,
    18.70335,
    18.7219,
    18.77514,
    18.75192,
    18.91734,
    18.9278,
    18.93692,
    18.9047,
    18.89216,
    18.99403,
    18.97965,
    18.98668,
    18.97592,
    18.8106,
    18.73155,
    18.7497,
    18.84054,
    18.8597,
    18.84902,
    18.8952,
    18.94386,
    18.9556,
    18.9909,
    19.02305,
    18.9589,
    19.01796,
    18.96276,
    18.9888,
    18.9693,
    18.99792,
    18.98628,
    18.991,
    18.9644,
    18.9817,
    18.95805,
    18.83914,
    18.8062,
    18.81192,
    18.7989,
    18.7868,
    18.75318,
    18.67335,
    18.66658,
    18.66803,
    18.7716,
    18.81035,
    18.81506,
    18.66697,
    18.62882,
    18.68598,
    18.65163,
    18.6865,
    18.69756,
    18.706,
    18.70594,
    18.74246,
    18.86955,
    18.8761,
    18.84877,
    18.73848,
    18.67555,
    18.8286,
    18.80956,
    18.7565,
    18.85172,
    19.00328,
    19.00447,
    18.91772,
    18.883,
    18.86462,
    18.87622,
    18.88649,
    18.89034,
    18.93426,
    18.9135,
    18.91488,
    18.91538,
    18.86132,
    18.81288,
    18.81586,
    18.784,
    18.78287,
    18.85292,
    18.94286,
    18.99702,
    18.99205,
    19.01275,
    18.97784,
    18.95465,
    18.9543,
    19.02228,
    19.01442,
    19.01308,
    19.00132,
    18.959,
    18.938,
    18.92504,
    18.92554,
    18.91611,
    18.93846,
    18.80271,
    18.6883,
    18.86105,
    18.90905,
    18.936,
    18.88552,
    18.96116,
    18.9198,
    18.96286,
    18.91148,
    18.85254,
    18.75408,
    18.75733,
    18.72946,
    18.7588,
    18.75279,
    18.77474,
    18.77978,
    18.79649,
    18.82475,
    18.92114,
    18.97033,
    19.00942,
    18.98011,
    18.94794,
    18.78518,
    18.81383,
    18.89516,
    18.92355,
    18.91076,
    18.94276,
    18.9955,
    19.0197,
    19.00908,
    18.91316,
    18.88164,
    18.85159,
    18.8348,
    18.82725,
    18.81296,
    18.81678,
    18.87641,
    18.96365,
    18.99764,
    19.00217,
    18.99332,
    18.87141,
    18.99245,
    18.99913,
    18.96602,
    18.90023,
    18.81772,
    18.76894,
    18.77724,
    18.77984,
    18.82088,
    18.82362,
    18.76628,
    18.78995,
    18.7503,
    18.76162,
    18.86963,
    18.98525,
    18.99447,
    18.9635,
    19.0205,
    19.01412,
    18.98932,
    18.983,
    18.96016,
    18.91599,
    18.9578,
    18.94411,
    18.90964,
    19.0022,
    19.02636,
    19.00652,
    18.9949,
    19.01126,
    18.96282,
    18.9447,
    18.91676,
    18.89217,
    18.81596,
    18.81778,
    18.83524,
    18.81399,
    18.81414,
    18.75439,
    18.8411,
    18.85467,
    18.79494,
    18.75335,
    18.74754,
    18.6482,
    18.66565,
    18.6863,
    18.63344,
    18.66255,
    18.66784,
    18.66225,
    18.72178,
    18.72856,
    18.72575,
    18.74089,
    18.73976,
    18.71004,
    18.72295,
    18.7207,
    18.72639,
    18.70038,
    18.62792,
    18.62879,
    18.63054,
    18.7145,
    18.6708,
    18.85124,
    18.86165,
    18.81248,
    18.70808,
    18.77928,
    18.81325,
    18.81262,
    18.81174,
    18.91693,
    18.84405,
    18.77726,
    18.80358,
    18.7439,
    18.66749,
    18.70142,
    18.66032,
    18.63184,
    18.64825,
    18.7266,
    18.66694,
    18.74485,
    18.72358,
    18.8445,
    18.86728,
    18.859,
    18.8195,
    18.71651,
    18.70175,
    18.6285,
    18.63271,
    18.63111,
    18.65486,
    18.70458,
    18.78844,
    18.80828,
    18.80678,
    18.79598,
    18.9003,
    18.95456,
    18.94348,
    18.93209,
    18.85749,
    18.94312,
    18.96836,
    18.96634,
    18.85402,
    18.74708,
    18.74664,
    18.7664,
    18.75708,
    18.7775,
    18.8907,
    18.8783,
    18.9787,
    18.9708,
    19.00714,
    19.00775,
    19.02534,
    18.94366,
    18.98612,
    18.93456,
    18.95954,
    18.97216,
    19.024,
    18.68175,
    18.65004,
    18.6377,
    18.71713,
    18.72552,
    18.7238,
    18.72056,
    18.7185,
    18.62791,
    18.70394,
    18.69955,
    18.68526,
    18.71611,
    18.77513,
    18.68368,
    18.6692,
    18.66721,
    18.71588,
    18.70818,
    18.62922,
    18.64312,
    18.66776,
    18.68346,
    18.67424,
    18.63099,
    18.64067,
    18.68983,
    18.67857,
    18.64374,
    18.64444,
    18.71114,
    18.6424,
    18.62654,
    18.66004,
    18.6604,
    18.65776,
    18.66836,
    18.664,
    18.67307,
    18.68184,
    18.7356,
    18.78982,
    18.88255,
    18.90056,
    18.9707,
    18.96256,
    19.01753,
    19.01172,
    19.01692,
    18.93197,
    18.96916,
    18.9396,
    18.91559,
    18.95295,
    18.96066,
    19.01506,
    19.01235,
    19.01534,
    19.02323,
    18.844,
    18.8065,
    18.8424,
    18.90055,
    18.90554,
    18.86752,
    18.86364,
    18.87025
  ],
  "Daily": [
    0,
    18.467,
    18.66257,
    18.70166,
    18.79318,
    18.84139,
    18.96993,
    19.02344,
    19.06579,
    18.77922,
    18.66758,
    18.5256,
    18.57119,
    18.51456,
    18.58983,
    18.4518,
    18.49432,
    18.45127,
    18.59515,
    18.57148,
    18.51588,
    18.6264,
    18.8563,
    19.1871,
    19.02865,
    19.0731,
    19.2617,
    19.33982,
    19.2311,
    19.21,
    19.2572,
    19.2642,
    19.20405,
    19.1041,
    18.83755,
    18.70855,
    18.57185,
    18.62754,
    18.52331,
    18.66644,
    18.52154,
    18.65096,
    18.76532,
    18.79425,
    18.66572,
    18.7884,
    18.86975,
    18.788,
    18.4905,
    18.46945,
    18.6822,
    18.45595,
    18.70335,
    18.9278,
    18.87036,
    18.9556,
    19.08665,
    19.15655,
    19.07176,
    18.9888,
    18.9644,
    18.7989,
    18.469,
    18.61969,
    18.59094,
    18.47825,
    18.6865,
    18.86955,
    18.8448,
    19.12866,
    19.1928,
    19.17905,
    19.124,
    18.87622,
    18.9135,
    18.81586,
    18.97784,
    19.01308,
    18.92554,
    18.86105,
    18.76305,
    18.77978,
    19.07645,
    18.98011,
    18.92355,
    19.22274,
    19.32725,
    19.3295,
    19.3161,
    19.3393,
    19.0197,
    18.8348,
    18.99245,
    18.77724,
    18.78995,
    18.98525,
    18.983,
    18.9578,
    19.04852,
    18.96282,
    18.86355,
    18.8411,
    18.6482,
    18.52165,
    18.47021,
    18.66255,
    18.7207,
    18.62792,
    18.8151,
    18.77726,
    18.66032,
    18.60169,
    18.7541,
    18.63271,
    18.80828,
    18.96245,
    18.96836,
    18.7664,
    18.9708,
    18.93456,
    18.68175,
    18.53125,
    18.56688,
    18.5819,
    18.69955,
    18.6692,
    18.59705,
    18.68983,
    18.6424,
    18.6569,
    18.68184,
    18.9707,
    18.9396,
    19.01235
  ],
  "Weekly": [
    0
  ]
}