{
  "Fifteen_Min": [
    0,
    0,
    0
  ],
  "Thirty_Min": [
    0,
    0,
    0
  ],
  "One_Hour": [
    0,
    0,
    0
  ],
  "Two_Hour": [
    0,
    0,
    0
  ],
  "Four_Hour": [
    0,
    155.76096,
    153.30204,
    154.41617,
    155.85548,
    155.67652,
    155.64591,
    155.39076,
    156.11699,
    154.91902,
    150.59417,
    150.8639,
    150.33944,
    150.90648,
    150.67382,
    150.68049,
    150.78308,
    151.72672,
    151.5718,
    151.32604,
    150.92342,
    150.6812,
    150.17886,
    150.40317,
    151.18535,
    151.59683,
    151.61976,
    151.65974,
    151.20674,
    150.66494,
    150.03734,
    149.75897,
    149.44374,
    148.79031,
    148.56498,
    148.65394,
    148.45602,
    148.79168,
    149.09742,
    148.69806,
    150.77418,
    150.21296,
    150.05468,
    148.54033,
    148.44108,
    148.42556,
    149.82312,
    150.0044,
    151.22986,
    152.36766,
    153.8761,
    155.62779,
    156.25866,
    154.49869,
    156.03807,
    155.67155,
    156.16178,
    156.26478,
    155.29568,
    155.2719,
    154.29647,
    154.9863,
    153.09936,
    153.28319,
    152.82497,
    151.85879,
    151.18248,
    151.20224,
    150.37328,
    149.51356,
    149.06926,
    148.82698,
    149.00604,
    149.1588,
    148.43073,
    149.56708,
    149.97148,
    149.7865,
    150.02367,
    149.61464,
    149.51326,
    150.04842,
    150.33174,
    151.4454,
    150.7154,
    151.00698,
    151.04734,
    150.54478,
    150.68364,
    150.96296,
    148.32253,
    148.12618,
    148.60502,
    148.15536,
    150.93082,
    154.21156,
    155.4137,
    154.9829,
    154.3753,
    152.68312,
    152.59792,
    151.8694,
    151.05234,
    151.67286,
    153.07594,
    153.90888,
    153.74308,
    154.01769,
    152.6589,
    152.63234,
    151.21602,
    150.48849,
    149.64702,
    150.3644,
    149.5638,
    151.78221,
    153.57402,
    152.44324,
    151.40786,
    151.39961,
    152.08876,
    153.12262,
    152.77294,
    151.54044,
    150.88334,
    150.9661,
    151.2628,
    151.28405,
    152.31064,
    152.4577,
    153.55336,
    151.63735,
    152.12836,
    154.01269,
    153.73766,
    154.12817,
    153.45664,
    152.67764,
    149.1118,
    148.47159,
    148.1489,
    148.49254,
    148.62409,
    149.49492,
    149.43012,
    149.70813,
    150.75525,
    152.37489,
    154.48329,
    154.85644,
    154.0225,
    153.63422,
    153.92261,
    152.04048,
    151.85976,
    152.73453,
    150.3545,
    150.08242,
    150.41982,
    150.18258,
    148.67254,
    149.33026,
    149.56786,
    149.12928,
    148.02599,
    148.25104,
    148.09144,
    148.09541,
    150.07816,
    152.123,
    152.1575,
    150.43236,
    150.91682,
    151.20593,
    150.89174,
    151.2228,
    148.80354,
    148.2849,
    151.80693,
    151.8664,
    151.01723,
    152.83669,
    152.82539,
    153.52,
    153.70174,
    153.47742,
    152.10888,
    153.19842,
    152.95957,
    153.2357,
    153.38059,
    150.96792,
    150.97084,
    150.57208,
    150.69934,
    150.62416,
    149.28676,
    149.64662,
    150.13576,
    150.44687
  ],
  "Daily": [
    0
  ],
  "Weekly": [
    0
  ]
}