{
  "Fifteen_Min": [
    0,
    0,
    0
  ],
  "Thirty_Min": [
    0,
    0,
    0
  ],
  "One_Hour": [
    0,
    0,
    0
  ],
  "Two_Hour": [
    0,
    0,
    0
  ],
  "Four_Hour": [
    0,
    22.6964,
    22.63385,
    22.677,
    22.763,
    23.014,
    23.1475,
    23.237,
    23.0555,
    22.8715,
    22.7106,
    22.57895,
    22.6573,
    22.71125,
    23.037,
    23.0393,
    23.0705,
    23.213,
    23.01995,
    23.18515,
    23.29555,
    23.25535,
    23.2263,
    23.29865,
    23.05895,
    23.24445,
    23.125,
    23.09,
    23.01205,
    22.9662,
    22.6449,
    22.9806,
    23.1025,
    23.2325,
    23.2667,
    23.0723,
    23.22485,
    23.05815,
    22.9945,
    23.1063,
    22.96875,
    23.27215,
    23.22295,
    23.239,
    23.28025,
    23.30655,
    23.2463,
    23.271,
    23.1132,
    22.8125,
    22.53395,
    22.50505,
    22.49435,
    22.717,
    22.9915,
    23.0056,
    22.8505,
    22.89735,
    23.102,
    23.10705,
    23.1147,
    23.0525,
    23.217,
    23.2315,
    23.15035,
    23.05415,
    23.0278,
    22.8995,
    22.998,
    23.0735,
    22.97505,
    22.8913,
    23.082,
    23.287,
    23.22245,
    23.233,
    23.22345,
    23.2482,
    23.22815,
    23.09945,
    23.06,
    23.0915,
    23.0475,
    22.884,
    22.81,
    22.7325,
    22.7362,
    22.93975,
    23.1263,
    23.1335,
    23.23915,
    23.2571,
    23.2419,
    23.2285,
    23.1667,
    23.1675,
    23.1555,
    23.0592,
    23.176,
    23.1778,
    23.193,
    23.18525,
    23.19495,
    23.31,
    23.21355,
    23.1525,
    23.1479,
    23.13075,
    23.06775,
    22.906,
    22.8014,
    22.6555,
    22.6542,
    22.5678,
    22.5929,
    22.505,
    22.6115,
    22.7363,
    22.7914,
    22.7579,
    22.793,
    22.77885,
    22.96355,
    22.89885,
    22.8835,
    22.8565,
    22.8925,
    22.7521,
    22.6345,
    22.6935,
    22.7375,
    22.756,
    22.511,
    22.6245,
    22.5715,
    22.5835,
    22.769,
    22.7415,
    22.8585,
    22.9025,
    22.94465,
    22.9637,
    22.9805,
    22.962,
    22.93485,
    22.834,
    22.89245,
    23.124,
    23.1483,
    23.10795,
    22.752,
    22.699,
    22.7205,
    22.7187,
    22.70085,
    22.7035,
    22.77,
    23.021,
    23.094,
    22.798,
    23.121,
    23.146,
    23.151,
    23.2239,
    23.1235,
    23.09935,
    23.1265,
    23.18,
    23.249,
    23.1665,
    23.152,
    23.112,
    22.7775,
    22.7395,
    22.8085,
    22.6855,
    22.6525,
    22.6715,
    22.716,
    22.6615,
    22.7835,
    22.783,
    22.7005,
    22.7625,
    22.6795,
    22.759,
    22.6655,
    22.616,
    22.583,
    22.6815,
    22.6565,
    22.601,
    22.604,
    22.5325,
    22.5655,
    22.522,
    22.577,
    22.576,
    22.602,
    22.483,
    22.5095,
    22.5845,
    22.6835,
    22.6845,
    22.78455,
    22.78895,
    22.685,
    22.746,
    22.7555,
    22.7885,
    22.849,
    22.785,
    23.2412,
    23.2435,
    23.3105,
    23.2595,
    23.2705,
    23.1825,
    23.17,
    23.1091,
    23.09395,
    22.995,
    22.9315,
    22.9705,
    23.0185,
    23.042,
    22.8805,
    22.8915,
    22.929,
    22.9605,
    23.098,
    23.1065,
    23.087,
    23.078,
    23.072,
    23.07285,
    22.9279,
    23.061,
    22.911,
    22.9328,
    22.838,
    22.833,
    22.7355,
    22.582,
    22.649,
    22.663,
    23.0695,
    22.99,
    23.0385,
    23.08,
    23.1225,
    23.062,
    23.20515,
    23.1835,
    23.155,
    23.202,
    23.189,
    23.069,
    23.2525,
    23.3005,
    23.248,
    23.1685,
    23.139,
    22.904,
    23.1105,
    23.1285,
    22.9595,
    23.0372,
    22.9275,
    22.8535,
    22.7872,
    22.7156,
    22.697,
    22.529,
    22.534,
    22.493,
    22.5445,
    22.501,
    22.52045,
    22.6155,
    22.6235,
    22.8795,
    23.0175,
    22.5585,
    22.701,
    22.62,
    22.7006,
    22.5387,
    22.58,
    22.613,
    22.5465,
    22.6105,
    22.6725,
    22.801,
    22.8395,
    23.145,
    22.879,
    22.8905,
    22.885,
    22.87,
    23.015,
    22.905,
    23.118,
    23.2665,
    23.1135,
    23.073,
    22.983,
    23.0355,
    22.9415,
    22.8705,
    22.9385,
    22.9185,
    22.923,
    22.7995,
    22.771,
    22.8215,
    22.862,
    22.85915,
    22.9725,
    22.7895,
    22.8045,
    22.79595,
    22.84675,
    22.7435,
    22.7245,
    23.101,
    23.1125,
    23.1155,
    23.1,
    23.2845,
    23.143,
    23.2565,
    22.897,
    22.859,
    22.8007,
    22.6425,
    22.623,
    22.772,
    22.641,
    22.952,
    22.9488,
    23.0145,
    22.7595,
    22.767,
    22.71715,
    22.7045,
    22.6775,
    23.1495,
    23.1945,
    23.14,
    23.1455,
    23.1415,
    23.033,
    22.94,
    22.8985,
    22.7185,
    22.6185,
    22.4855,
    22.5705,
    22.6825,
    22.5425,
    22.6195,
    22.6545,
    22.635,
    22.688,
    22.658,
    23.085,
    23.091,
    23.0777,
    23.172,
    22.982,
    23.03185,
    22.899,
    22.9175,
    22.74995,
    22.822,
    22.8375,
    22.9115,
    22.90905,
    22.726,
    22.7664,
    22.69,
    22.6865,
    22.7225,
    23.041,
    22.901,
    22.9895,
    22.949,
    23.017,
    22.9985,
    23.0085,
    23.106,
    22.972,
    23.0585,
    23.1565,
    23.1351,
    22.8975,
    23.103,
    23.108,
    23.166,
    22.9105,
    22.9755,
    23.0285,
    22.868,
    22.88,
    22.896,
    22.991,
    22.7545,
    22.8945,
    22.864,
    23.1217,
    23.1915,
    23.234,
    23.2215,
    23.1805,
    23.221,
    23.169,
    23.096,
    23,
    22.892,
    22.922,
    22.9085,
    22.7765,
    22.8065,
    22.7145,
    22.579,
    22.5545,
    22.5915,
    22.595,
    22.679,
    22.7495,
    22.76805,
    22.6883,
    22.715,
    22.5905,
    22.619,
    22.5875,
    22.748,
    22.847,
    22.671,
    22.745,
    22.76205,
    22.8385,
    22.8875,
    22.7405,
    22.913,
    22.874,
    22.829,
    22.749
  ],