{
  "Fifteen_Min": [
    0
  ],
  "Thirty_Min": [
    0,
    0,
    0
  ],
  "One_Hour": [
    0,
    0,
    0
  ],
  "Two_Hour": [
    0,
    0,
    0
  ],
  "Four_Hour": [
    0,
    21.9855,
    22.1955,
    22.2489,
    22.0905,
    22.23495,
    22.6964,
    22.63385,
    22.677,
    22.763,
    22.46545,
    22.21905,
    22.252,
    22.39935,
    22.435,
    22.3957,
    22.1905,
    22.24405,
    22.33,
    22.3076,
    22.4515,
    22.7106,
    22.57895,
    22.6573,
    22.71125,
    22.6449,
    22.311,
    22.3525,
    22.37375,
    22.46305,
    22.3253,
    22.19275,
    22.2855,
    22.36175,
    22.31585,
    22.2513,
    22.162,
    22.34015,
    22.4216,
    22.3881,
    22.3205,
    22.3788,
    22.39285,
    22.45525,
    22.14935,
    21.9765,
    22.03665,
    22.1403,
    21.9895,
    22.01,
    21.9819,
    21.98585,
    22.194,
    22.33385,
    22.32745,
    22.2847,
    22.45275,
    22.53395,
    22.50505,
    22.3941,
    22.49435,
    22.298,
    22.3985,
    22.4308,
    22.35395,
    22.44555,
    22.2785,
    22.717,
    22.81,
    22.7325,
    22.7362,
    22.8014,
    22.6555,
    22.6542,
    22.5678,
    22.5929,
    22.505,
    22.4585,
    22.2595,
    22.24725,
    22.291,
    22.32155,
    22.314,
    22.4355,
    22.6115,
    22.7363,
    22.7914,
    22.7579,
    22.793,
    22.77885,
    22.7521,
    22.6345,
    22.6935,
    22.7375,
    22.756,
    22.511,
    22.6245,
    22.5715,
    22.5835,
    22.36055,
    22.44195,
    22.769,
    22.7415,
    22.752,
    22.699,
    22.7205,
    22.7187,
    22.70085,
    22.7035,
    22.77,
    22.798,
    22.7775,
    22.7395,
    22.8085,
    22.6855,
    22.6525,
    22.6715,
    22.716,
    22.6615,
    22.7835,
    22.783,
    22.7005,
    22.7625,
    22.6795,
    22.759,
    22.6655,
    22.616,
    22.583,
    22.6815,
    22.6565,
    22.601,
    22.604,
    22.5325,
    22.471,
    22.5655,
    22.522,
    22.577,
    22.576,
    22.602,
    22.483,
    22.4185,
    22.422,
    22.5095,
    22.5845,
    22.6835,
    22.6845,
    22.78455,
    22.78895,
    22.685,
    22.746,
    22.7555,
    22.7885,
    22.785,
    22.7355,
    22.582,
    22.649,
    22.663,
    22.7872,
    22.7156,
    22.697,
    22.529,
    22.534,
    22.493,
    22.5445,
    22.501,
    22.52045,
    22.6155,
    22.6235,
    22.321,
    22.19,
    21.9965,
    22.073,
    21.993,
    22.0325,
    22.0555,
    22.1595,
    22.098,
    21.98835,
    22.1015,
    22.5585,
    22.701,
    22.62,
    22.7006,
    22.5387,
    22.58,
    22.613,
    22.5465,
    22.467,
    22.6105,
    22.6725,
    22.801,
    22.7995,
    22.771,
    22.7895,
    22.8045,
    22.79595,
    22.7435,
    22.7245,
    22.8007,
    22.6425,
    22.623,
    22.772,
    22.641,
    22.7595,
    22.767,
    22.71715,
    22.7045,
    22.6775,
    22.7185,
    22.6185,
    22.4855,
    22.5705,
    22.4455,
    22.458,
    22.6825,
    22.5425,
    22.6195,
    22.464,
    22.436,
    22.6545,
    22.635,
    22.688,
    22.447,
    22.2765,
    22.254,
    22.1405,
    22.1107,
    22.072,
    22.0085,
    22.25825,
    22.3125,
    22.341,
    22.3148,
    22.4436,
    22.658,
    22.74995,
    22.726,
    22.7664,
    22.69,
    22.6865,
    22.7225,
    22.7545,
    22.7765,
    22.8065,
    22.7145,
    22.579,
    22.5545,
    22.5915,
    22.595,
    22.4485,
    22.679,
    22.7495,
    22.76805,
    22.6883,
    22.715,
    22.5905,
    22.619,
    22.5875,
    22.1085,
    22.013,
    22.0875,
    22.1287,
    22.288,
    22.3257,
    22.334,
    22.421,
    22.41,
    22.748,
    22.671,
    22.745,
    22.76205,
    22.7405,
    22.749,
    22.8005,
    22.657,
    22.5605,
    22.661,
    22.6375,
    22.572,
    22.3025,
    22.358,
    22.3535,
    22.36275,
    22.305,
    22.3345,
    22.4275,
    22.4165,
    22.2625,
    22.283,
    22.3185,
    22.2155,
    22.2305,
    22.332,
    22.379,
    22.1676,
    22.5555,
    22.584,
    22.599,
    22.6015,
    22.5365,
    22.6065,
    22.678,
    22.792,
    22.686,
    22.6915,
    22.721,
    22.4838,
    22.096,
    22.12,
    22.0685,
    22.0355,
    22.0275
  ],