{
  "Fifteen_Min": [
    0
  ],
  "Thirty_Min": [
    0,
    0,
    0
  ],
  "One_Hour": [
    0,
    0,
    0
  ],
  "Two_Hour": [
    0,
    0,
    0
  ],
  "Four_Hour": [
    0,
    32.6784,
    32.6853,
    32.80292,
    32.78383,
    32.71283,
    32.69685,
    32.68274,
    32.68272,
    32.6785,
    32.66485,
    32.72005,
    32.74277,
    32.5971,
    32.6095,
    32.61855,
    32.61385,
    32.6308,
    32.66697,
    32.69758,
    32.6858,
    32.66908,
    32.67777,
    32.60115,
    32.62522,
    32.70078,
    32.7052,
    32.72256,
    32.73128,
    32.77312,
    32.81178,
    32.74624,
    32.81794,
    32.80234,
    32.80648,
    32.75685,
    32.74085,
    32.79714,
    32.8025,
    32.84776,
    32.82712,
    32.89489,
    32.90764,
    33.03335,
    33.02558,
    32.93926,
    32.93517,
    32.99115,
    33.03542,
    32.99392,
    32.9708,
    32.95994,
    32.95234,
    32.9995,
    32.9862,
    32.9956,
    32.9485,
    32.97406,
    32.9322,
    32.89893,
    32.80558,
    32.77426,
    32.71995,
    32.79583,
    32.75972,
    32.80106,
    32.77416,
    32.77274,
    32.82004,
    32.94118,
    32.91274,
    32.80785,
    32.81235,
    32.85142,
    32.87432,
    32.88683,
    32.8914,
    32.88334,
    32.91546,
    32.96176,
    32.96522,
    32.96915,
    32.98446,
    32.97557,
    32.9344,
    32.99012,
    32.99798,
    32.95912,
    32.81841,
    32.86216,
    32.91286,
    32.93632,
    33.04615,
    32.93805,
    32.91464,
    33.00126,
    33.01592,
    33.04156,
    32.8928,
    32.93054,
    32.92446,
    32.9319,
    32.91481,
    32.96205,
    32.94197,
    32.8863,
    32.92195,
    32.88088,
    32.87192,
    32.84138,
    32.90952,
    32.88134,
    32.90396,
    32.92286,
    32.92841,
    32.91944,
    32.8847,
    32.88546,
    32.96827,
    32.8282,
    32.91216,
    32.89584,
    32.8713,
    32.9026,
    33.05832,
    33.0505,
    33.13272,
    33.15516,
    32.95262,
    32.8806,
    32.9224,
    32.9559,
    32.88206,
    32.83778,
    32.85646,
    32.75182,
    32.87769,
    32.8328,
    32.82606,
    32.88822,
    32.8882,
    32.96348,
    32.98665,
    32.97152,
    32.98342,
    33.06785,
    33.08077,
    32.96468,
    33.04658,
    33.05831,
    33.07144,
    33.07586,
    33.06398,
    33.11358,
    33.13096,
    33.12727,
    33.14595,
    33.0919,
    33.08518,
    33.12858,
    33.10972,
    33.10648,
    32.9317,
    32.94254,
    32.92871,
    32.9454,
    32.92417,
    32.95802,
    33.02382,
    33.03794,
    33.1162,
    33.12061,
    33.12203,
    33.21408,
    33.1905,
    33.1604,
    33.15908,
    33.18142,
    33.13083
  ],
  "Daily": [
    0
  ],
  "Weekly": [
    0
  ]
}