{
  "Fifteen_Min": [
    0
  ],
  "Thirty_Min": [
    0,
    0,
    0
  ],
  "One_Hour": [
    0,
    0,
    0
  ],
  "Two_Hour": [
    0,
    0,
    0
  ],
  "Four_Hour": [
    0,
    26.87949,
    26.85008,
    26.81746,
    26.80168,
    26.79945,
    26.76153,
    26.75548,
    26.71566,
    26.59113,
    26.2599,
    26.11464,
    26.06972,
    25.96722,
    25.91624,
    25.90671,
    25.93046,
    25.99646,
    26.14198,
    26.13944,
    25.96246,
    26.10588,
    25.93483,
    25.88004,
    25.85478,
    25.95314,
    25.95648,
    26.0491,
    25.89699,
    25.86218,
    26.07877,
    26.52864,
    26.58344,
    26.59578,
    26.5115,
    26.5363,
    26.41741,
    26.45304,
    26.4308,
    26.34754,
    26.29134,
    26.41309,
    26.31378,
    26.31396,
    26.17123,
    26.14169,
    25.90869,
    25.91858,
    25.87712,
    25.98578,
    25.93048,
    26.19462,
    26.31245,
    26.59153,
    26.40125,
    26.34924,
    26.09178,
    26.27212,
    26.1497,
    26.12186,
    26.10684,
    25.94838,
    25.9457,
    25.864,
    25.82816,
    25.85176,
    25.83987,
    25.94129,
    25.8505,
    25.79846,
    25.97334,
    26.28888,
    26.02306,
    26.10424,
    26.16604,
    26.37699,
    26.41152,
    26.48456,
    26.37867,
    26.31546,
    25.87474,
    25.86564,
    26.22498,
    25.99058,
    26.25206,
    26.3227,
    26.31238,
    26.44733,
    26.69056,
    26.81645,
    26.77338,
    26.80532,
    26.42283,
    26.36444,
    26.45124,
    26.41614,
    26.14933,
    26.28341,
    26.31126,
    26.25814,
    25.91808,
    25.9465,
    25.97098,
    25.96779,
    25.94859,
    25.84498,
    25.79562,
    26.12812,
    26.47482,
    26.49145,
    26.31352,
    26.3697,
    26.42044,
    26.3474,
    26.4026,
    26.0072,
    25.89168,
    26.32372,
    26.23369,
    26.48587,
    26.41078,
    26.52352,
    26.55296,
    26.49475,
    26.31864,
    26.50639,
    26.38482,
    26.47484,
    26.45583,
    26.17249,
    26.19174,
    26.13078,
    26.14108,
    26.1273,
    25.95446,
    26.07275,
    26.09659,
    26.11378
  ],
  "Daily": [
    0,
    30.54412,
    32.62794,
    32.38358,
    31.52119,
    32.5812,
    32.45939,
    30.92812,
    30.63696,
    31.6563,
    30.953,
    31.61191,
    31.57408,
    30.71192,
    31.57112,
    31.45311,
    31.6971,
    31.90894,
    32.1362,
    31.8675,
    32.17484,
    32.33586,
    32.46982,
    32.29942,
    32.07757,
    32.12128,
    31.1499,
    30.98862,
    31.50646,
    31.84762,
    31.38619,
    31.32178,
    31.57622,
    31.71606,
    31.91978,
    32.38487,
    32.08399,
    31.84463,
    31.43235,
    31.65679,
    30.88526,
    31.0446,
    30.95073,
    30.92336,
    31.33729,
    30.71122,
    30.56567,
    30.57876,
    31.11636,
    32.29168,
    32.5127,
    32.27202,
    31.84536,
    31.99843,
    32.25349,
    31.5457,
    31.86105,
    32.10985,
    32.63998,
    32.48278,
    32.29521,
    32.34332,
    32.35356,
    32.12136,
    31.94778,
    31.82258,
    32.34616,
    32.27838,
    32.64109,
    32.54764,
    32.24998,
    31.53736,
    31.57188,
    31.5142,
    31.0371,
    30.6685,
    31.31218,
    31.15273,
    31.62008,
    31.71517,
    31.66046,
    31.17076,
    31.76278,
    31.82506,
    32.43088,
    32.47681,
    32.3691,
    32.5869,
    32.44171,
    32.49495,
    32.25618,
    32.04918,
    31.87166,
    32.62788,
    32.48286,
    32.00867,
    32.13418,
    32.08644,
    31.71331,
    31.85535,
    31.95932,
    32.08168,
    32.2063,
    31.94423,
    32.39322,
    32.37691,
    32.60373,
    32.58384,
    32.63902,
    32.50086,
    32.46842,
    32.62653,
    32.52098,
    32.38133,
    32.09988,
    31.62328,
    31.73714,
    31.63126,
    31.6045,
    31.11504,
    31.26666,
    31.74536,
    31.80574,
    31.77004,
    31.83676,
    31.44966,
    30.57054,
    30.93386,
    30.75194,
    30.78494,
    31.77292,
    31.3664,
    31.19046,
    31.25742,
    31.12687,
    30.71644,
    30.58036,
    30.56282,
    30.77614,
    31.04748,
    30.8291,
    30.99032,
    31.95214,
    31.94355,
    32.1243,
    31.77244,
    31.80724,
    31.46577,
    31.73348,
    31.13882,
    31.56881,
    31.85142,
    31.13326,
    30.98588,
    31.036,
    31.0016,
    30.82536,
    30.6374,
    30.68403,
    30.97208,
    31.13842,
    31.71324,
    32.07542,
    32.3407,
    32.3227,
    31.77449,
    31.4806,
    31.02262,
    30.71544,
    30.55806,
    31.03146,
    31.35777,
    32.03082,
    31.7902,
    32.14834,
    31.53852,
    31.8204,
    31.38922,
    32.62478,
    32.1713,
    32.27258,
    32.0294,
    32.38637,
    32.46414,
    32.02765,
    31.5387,
    31.67306,
    31.6964,
    31.43881,
    31.77526,
    32.50839,
    32.05242,
    31.67136,
    32.00506,
    31.36504,
    31.64874,
    31.86634,
    31.4178,
    31.6006,
    31.58361,
    31.25622,
    30.80469,
    30.71518,
    31.56963,
    31.68208,
    31.51817,
    31.72163,
    31.64738,
    32.33042,
    32.57284,
    32.22682,
    32.62778,
    32.50156,
    32.44438,
    32.01199,
    31.95772,
    31.7287,
    31.91398,
    31.66351,
    31.35088,
    31.01532,
    31.47571,
    31.54291,
    31.92255,
    31.7158,
    31.68909,
    31.6245,
    31.34626,
    32.3942,
    32.16847,
    31.51087,
    31.86694,
    31.57951,
    31.65971,
    30.64194,
    30.65062,
    30.73534,
    30.59786,
    31.81542,
    32.61931,
    32.61082,
    32.55584,
    32.06052,
    32.51134,
    31.90898,
    32.25573,
    32.27234,
    31.66548,
    31.48248,
    31.6164,
    30.92636,
    30.5616,
    30.52808,
    30.50876,
    30.72978,
    30.83882,
    31.57348,
    31.7198,
    32.60249,
    32.11402,
    31.59324,
    31.43789,
    31.27665,
    31.32804,
    31.26569,
    30.93598,
    30.58986,
    31.16118,
    31.20043,
    31.29395,
    31.54934,
    31.11847,
    30.89017,
    30.50152,
    31.00446,
    30.77505,
    31.34106,
    31.60254,
    31.46328,
    31.49346,
    31.55026,
    31.54376,
    32.0509,
    31.71983,
    31.80402,
    31.27514,
    31.69256,
    31.55269,
    31.15397,
    31.09443,
    30.70632,
    30.80417,
    31.61906,
    32.07432,
    32.55207,
    32.16776,
    32.54164,
    32.35126,
    32.49318,
    32.37844,
    31.24429,
    30.97938,
    30.94875,
    32.1868,
    31.9333,
    31.89676,
    32.06786,
    32.27722,
    32.12553,
    31.98144,
    32.0547,
    31.7134,
    31.5335,
    31.51436,
    30.69696,
    30.71066,
    30.83881,
    30.76477,
    30.63485,
    31.09516,
    30.93186,
    30.68124,
    30.66004,
    30.87355,
    30.67238,
    31.03126,
    30.82066,
    31.01836,
    30.55516
  ],