{
  "Fifteen_Min": [
    0
  ],
  "Thirty_Min": [
    0,
    0,
    0
  ],
  "One_Hour": [
    0,
    0,
    0
  ],
  "Two_Hour": [
    0,
    0,
    0
  ],
  "Four_Hour": [
    0,
    0.65827,
    0.65746,
    0.65398,
    0.6531,
    0.64926,
    0.64922,
    0.65112,
    0.65138,
    0.6499,
    0.65074,
    0.65077,
    0.64995,
    0.64912,
    0.64982,
    0.65056,
    0.65296,
    0.65616,
    0.65818,
    0.65826,
    0.65831,
    0.6583,
    0.65798,
    0.65722,
    0.65374,
    0.65436,
    0.65412,
    0.65264,
    0.65308,
    0.65178,
    0.65048,
    0.65002,
    0.65158,
    0.65225,
    0.65143,
    0.65175,
    0.65288,
    0.65396,
    0.65417,
    0.65384,
    0.65402,
    0.65174,
    0.65352,
    0.65101,
    0.65172,
    0.65168,
    0.64965,
    0.65034,
    0.64927,
    0.65148,
    0.65046,
    0.65282,
    0.65728,
    0.65758,
    0.65838,
    0.6563,
    0.65507,
    0.65386,
    0.65351,
    0.65263,
    0.65362,
    0.65506,
    0.65712,
    0.65582,
    0.65764,
    0.65701,
    0.65823,
    0.65738,
    0.65648,
    0.65682,
    0.65744,
    0.65681,
    0.6547,
    0.65258,
    0.65084,
    0.65204,
    0.65446,
    0.65294,
    0.65546,
    0.65332,
    0.65286,
    0.65284,
    0.65516,
    0.65152,
    0.6522,
    0.6521,
    0.65063,
    0.6491,
    0.64964,
    0.64937,
    0.65118,
    0.65128,
    0.6507,
    0.65001,
    0.64968,
    0.6495,
    0.64914,
    0.65016,
    0.65068,
    0.6509,
    0.65094,
    0.64966,
    0.65038,
    0.65146,
    0.65458,
    0.65486,
    0.65491,
    0.65569,
    0.65693,
    0.65695,
    0.65588,
    0.65612,
    0.65557,
    0.65544,
    0.65414,
    0.6554,
    0.65528,
    0.65399,
    0.65432,
    0.65529,
    0.65625,
    0.65579,
    0.65604,
    0.65584,
    0.65634,
    0.65691,
    0.65699,
    0.65842,
    0.65754,
    0.65834,
    0.65768,
    0.65596,
    0.65576,
    0.6552,
    0.65608,
    0.65488,
    0.65345,
    0.65711,
    0.65835,
    0.65757,
    0.65751,
    0.65566,
    0.65595,
    0.65572,
    0.65622,
    0.65673,
    0.65762,
    0.65594,
    0.65498,
    0.65597,
    0.65547,
    0.65822,
    0.65837,
    0.65602,
    0.6553,
    0.65397,
    0.65592,
    0.6557,
    0.65447,
    0.65737,
    0.6571,
    0.65845,
    0.65696,
    0.65593,
    0.658,
    0.65742,
    0.65772,
    0.65748,
    0.65809,
    0.65664,
    0.65672
  ],
  "Daily": [
    0
  ],
  "Weekly": [
    0
  ]
}