{
  "Fifteen_Min": [
    0
  ],
  "Thirty_Min": [
    0,
    0,
    0
  ],
  "One_Hour": [
    0,
    0,
    0
  ],
  "Two_Hour": [
    0,
    0,
    0
  ],
  "Four_Hour": [
    0,
    19.03514,
    19.07534,
    19.0881,
    19.09508,
    19.09946,
    19.09974,
    19.09858,
    19.09816,
    19.13067,
    19.12983,
    19.1587,
    19.22878,
    19.04528,
    19.04776,
    19.04044,
    19.0419,
    19.0399,
    19.05729,
    19.05573,
    19.06149,
    19.07552,
    19.12962,
    19.099,
    19.07437,
    19.08005,
    19.06611,
    19.0645,
    19.07458,
    19.0373,
    19.04894,
    19.07814,
    19.07083,
    19.114,
    19.11646,
    19.11686,
    19.12615,
    19.12848,
    19.1355,
    19.13226,
    19.14159,
    19.13115,
    19.03677,
    19.03579,
    19.04715,
    19.06393,
    19.06597,
    19.03691,
    19.05513,
    19.04486,
    19.03883,
    19.03356,
    19.03968,
    19.07381,
    19.06587,
    19.07198,
    19.05917,
    19.10805,
    19.13912,
    19.14285,
    19.13171,
    19.13716,
    19.1101,
    19.11861,
    19.11584,
    19.1086,
    19.10613,
    19.11897,
    19.11713,
    19.12982,
    19.127,
    19.12673,
    19.13365,
    19.14329,
    19.14155,
    19.14333,
    19.13002,
    19.13603,
    19.13166,
    19.13693,
    19.12903,
    19.13362,
    19.14281,
    19.13787,
    19.144,
    19.155,
    19.15753,
    19.1666,
    19.14812,
    19.14838,
    19.14981,
    19.15971,
    19.1601,
    19.12897,
    19.134,
    19.12857,
    19.13311,
    19.11542,
    19.149,
    19.14935,
    19.15903,
    19.15194,
    19.16426,
    19.16663,
    19.17206,
    19.20336,
    19.20037,
    19.2308,
    19.23159,
    19.2045,
    19.22963,
    19.22752,
    19.20491,
    19.19227,
    19.16245,
    19.12853,
    19.13358,
    19.12128,
    19.12425,
    19.05397,
    19.06097,
    19.10576,
    19.18883,
    19.22311,
    19.292,
    19.34176,
    19.33069,
    19.3255,
    19.311,
    19.297,
    19.22015,
    19.2318,
    19.22375,
    19.16892,
    19.231,
    19.2186,
    19.20575,
    19.09199,
    19.08644,
    19.09567,
    19.11899,
    19.12071,
    19.13678,
    19.1535,
    19.16376,
    19.1865,
    19.19046,
    19.21758,
    19.23813,
    19.25249,
    19.2355,
    19.25873,
    19.27165,
    19.28386,
    19.30697,
    19.3082,
    19.319,
    19.3156,
    19.33931,
    19.32944,
    19.33599,
    19.29091,
    19.26881,
    19.29181,
    19.3075,
    19.26339,
    19.31356,
    19.30824,
    19.29292,
    19.31442,
    19.3215,
    19.18624,
    19.19154,
    19.19425,
    19.17945,
    19.13513,
    19.05322,
    19.03621,
    19.041,
    19.03517,
    19.07673,
    19.12473,
    19.13998,
    19.1805,
    19.13922,
    19.11335,
    19.13959,
    19.16772,
    19.17664,
    19.17216,
    19.1456,
    19.18747,
    19.1772,
    19.14982,
    19.14955,
    19.10381,
    19.11724,
    19.0835,
    19.0955,
    19.089,
    19.08407,
    19.09961,
    19.10124,
    19.09578,
    19.08772,
    19.07167,
    19.0767,
    19.06704,
    19.07732,
    19.08478,
    19.1045,
    19.10571,
    19.12817,
    19.1335,
    19.23935,
    19.28259,
    19.2525,
    19.25332,
    19.26751,
    19.24027,
    19.26369,
    19.20898,
    19.20808,
    19.18388,
    19.1603
  ],
  "Daily": [
    0
  ],
  "Weekly": [
    0
  ]
}