{
  "Fifteen_Min": [
    0
  ],
  "Thirty_Min": [
    0,
    0,
    0
  ],
  "One_Hour": [
    0,
    0,
    0
  ],
  "Two_Hour": [
    0,
    0,
    0
  ],
  "Four_Hour": [
    0,
    1.06514,
    1.06627,
    1.06586,
    1.06528,
    1.0652,
    1.06556,
    1.06563,
    1.0655,
    1.0661,
    1.06606,
    1.06548,
    1.06688,
    1.07039,
    1.06985,
    1.06968,
    1.06791,
    1.0679,
    1.06638,
    1.066,
    1.06636,
    1.06668,
    1.06772,
    1.06722,
    1.07252,
    1.07338,
    1.07364,
    1.07428,
    1.07216,
    1.07335,
    1.07342,
    1.0731,
    1.07476,
    1.07416,
    1.07498,
    1.07468,
    1.07579,
    1.07628,
    1.07654,
    1.07938,
    1.08158,
    1.08138,
    1.08174,
    1.08175,
    1.07822,
    1.0788,
    1.07964,
    1.07798,
    1.0796,
    1.07946,
    1.07878,
    1.07917,
    1.08098,
    1.08164,
    1.08066,
    1.07939,
    1.07851,
    1.07665,
    1.07581,
    1.07132,
    1.0725,
    1.07404,
    1.0711,
    1.06954,
    1.07274,
    1.07266,
    1.07316,
    1.07284,
    1.07143,
    1.07248,
    1.07356,
    1.07637,
    1.07488,
    1.0739,
    1.07337,
    1.0726,
    1.07066,
    1.06958,
    1.06684,
    1.06774,
    1.0667,
    1.06696,
    1.0677,
    1.06808,
    1.07183,
    1.07242,
    1.07288,
    1.07384,
    1.07611,
    1.07278,
    1.07357,
    1.0715,
    1.07258,
    1.0683,
    1.0688,
    1.07048,
    1.07004,
    1.06794,
    1.06928,
    1.0673,
    1.06536,
    1.06784,
    1.0676,
    1.0691,
    1.06806,
    1.06844,
    1.06736,
    1.06738,
    1.06632,
    1.0653,
    1.06608,
    1.06577,
    1.06654,
    1.06546,
    1.06854,
    1.06831,
    1.06852,
    1.06569,
    1.06564,
    1.06686,
    1.06817,
    1.07076,
    1.06966,
    1.07191,
    1.07028,
    1.07064,
    1.07174,
    1.07332,
    1.0734,
    1.06494,
    1.06523,
    1.06675,
    1.06656,
    1.06698,
    1.06612,
    1.07052,
    1.07238,
    1.07122,
    1.07298,
    1.07675,
    1.07694,
    1.0768,
    1.07688,
    1.07802,
    1.0782,
    1.0799,
    1.07493,
    1.07574,
    1.07598,
    1.07679,
    1.07666,
    1.07732,
    1.07912,
    1.07992,
    1.08123,
    1.08139,
    1.0793,
    1.08166,
    1.07902,
    1.07631,
    1.07712,
    1.07738,
    1.07882,
    1.08059,
    1.08062,
    1.08184,
    1.08104,
    1.0813,
    1.08118,
    1.08033,
    1.0764,
    1.07668,
    1.07707,
    1.07724,
    1.07801,
    1.07776,
    1.07562,
    1.07494,
    1.07506,
    1.07344,
    1.0723,
    1.07184,
    1.07127,
    1.07254,
    1.07399,
    1.07318,
    1.07197,
    1.072,
    1.07241,
    1.07149,
    1.07128,
    1.07091,
    1.0708,
    1.07046,
    1.07225,
    1.07208,
    1.06982,
    1.06599,
    1.06865,
    1.06816,
    1.06867,
    1.07081,
    1.076,
    1.07622,
    1.07619,
    1.07632,
    1.07474,
    1.07102,
    1.07078,
    1.06937,
    1.07,
    1.06961,
    1.07116,
    1.07119,
    1.07163,
    1.06992,
    1.06708,
    1.06886,
    1.06922,
    1.06906,
    1.06932,
    1.07086,
    1.07268,
    1.07828,
    1.07753,
    1.07635,
    1.07671,
    1.07482,
    1.07496,
    1.07454,
    1.0741,
    1.07662,
    1.07486,
    1.0758,
    1.07606,
    1.08074,
    1.08024,
    1.07933,
    1.07898,
    1.08021,
    1.08116,
    1.08043,
    1.08102,
    1.07945,
    1.07827,
    1.07864,
    1.07962,
    1.07944,
    1.08025,
    1.08078,
    1.08007,
    1.08075,
    1.07925,
    1.07841,
    1.07752,
    1.07788,
    1.0787,
    1.07973,
    1.07966,
    1.07932,
    1.07923,
    1.07483,
    1.0744,
    1.07296,
    1.07217,
    1.07193,
    1.07358,
    1.07272,
    1.07222,
    1.07106,
    1.06935,
    1.07042,
    1.06959,
    1.07136,
    1.07117,
    1.07024,
    1.07134,
    1.07287,
    1.07276,
    1.07504,
    1.07392,
    1.07144,
    1.07074,
    1.07233,
    1.07566,
    1.07523,
    1.07352,
    1.07477,
    1.07407,
    1.07401,
    1.07341,
    1.06771,
    1.06487,
    1.06535,
    1.06658,
    1.06504,
    1.06592,
    1.06716,
    1.0664,
    1.06919,
    1.068,
    1.06868,
    1.06848,
    1.0685,
    1.06788,
    1.06964,
    1.06981,
    1.0656,
    1.06576,
    1.0649,
    1.06647,
    1.06724,
    1.07094,
    1.07286,
    1.07376,
    1.07177,
    1.07105,
    1.06836,
    1.06762,
    1.06773,
    1.06861,
    1.06694,
    1.07093,
    1.06977,
    1.06681,
    1.0672,
    1.06847,
    1.06858,
    1.06898,
    1.06728,
    1.06989,
    1.07162,
    1.07895,
    1.0792,
    1.07983,
    1.07922,
    1.07911,
    1.0798,
    1.07814,
    1.07644,
    1.07672,
    1.07616,
    1.07904,
    1.0784,
    1.0777,
    1.0747,
    1.07561,
    1.0761,
    1.07674,
    1.07636,
    1.07441,
    1.07648,
    1.07692,
    1.07763,
    1.079,
    1.07875,
    1.08006,
    1.07844,
    1.08176,
    1.0809,
    1.08028,
    1.07986,
    1.08072,
    1.07834,
    1.07786,
    1.07536,
    1.07419,
    1.07294,
    1.07306,
    1.07511,
    1.07537,
    1.07627,
    1.07702,
    1.0765,
    1.07734,
    1.07735,
    1.07744,
    1.0767,
    1.07832,
    1.07856,
    1.07857,
    1.07916,
    1.07716,
    1.07667,
    1.07155,
    1.07118
  ],
  "Daily": [
    0,
    1.00393,
    1.00374,
    1.0058,
    1.00206,
    1.00416,
    0.99419,
    0.99672,
    0.99682,
    0.9974,
    0.99632,
    0.99982,
    1.0016,
    0.9947,
    0.99564,
    0.99302,
    0.99059,
    1.00072,
    0.99992,
    1.00467,
    0.99674,
    0.9979,
    0.99972,
    1.0017,
    0.997,
    0.98382,
    0.98346,
    0.96914,
    0.97368,
    0.9814,
    0.98016,
    0.9825,
    0.98854,
    0.97922,
    0.97422,
    0.97046,
    0.97036,
    0.97038,
    0.97789,
    0.97237,
    0.98446,
    0.97726,
    0.97886,
    0.98605,
    0.98736,
    0.99679,
    0.99648,
    0.9966,
    0.98828,
    0.98742,
    0.98156,
    1.01614,
    1.00878,
    1.01444,
    1.01174,
    1.0166,
    1.01692,
    1.01596,
    1.01709,
    1.00876
  ],
  "Weekly": [
    0
  ]
}