{
  "Fifteen_Min": [
    0
  ],
  "Thirty_Min": [
    0,
    0,
    0
  ],
  "One_Hour": [
    0,
    0,
    0
  ],
  "Two_Hour": [
    0,
    0,
    0
  ],
  "Four_Hour": [
    0
  ],
  "Daily": [
    0
  ],
  "Weekly": [
    0,
    1.0126,
    1.01434,
    1.01802,
    0.99018,
    1.01178,
    1.00934,
    1.0206,
    1.02258,
    1.02367,
    1.0239,
    1.02428,
    1.02452,
    1.00637,
    1.02024,
    1.01706,
    1.02384,
    1.01011,
    1.00206,
    1.0165,
    1.02009,
    1.02436,
    1.02176,
    1.02418,
    1.01915,
    1.01284,
    1.01436,
    1.00725,
    1.01231,
    1.0154,
    1.01176,
    1.01222,
    1.01372,
    1.01558,
    1.0233,
    1.01702,
    1.02225,
    1.02492,
    1.0249,
    1.0105,
    1.02016,
    1.01336,
    1.01265,
    1.00999,
    1.00501,
    1.01442,
    1.01172,
    1.0177,
    1.01792,
    1.02326,
    1.0238,
    1.025,
    1.00378,
    0.99189,
    0.99216,
    0.99307,
    0.99016,
    0.9851,
    0.98594,
    0.98608,
    0.98762,
    0.99206,
    0.99246,
    0.98866,
    0.9769,
    0.9772,
    0.96887,
    0.98508,
    0.98586,
    0.98538,
    0.98488,
    0.99075,
    0.98704,
    0.99677,
    0.99356,
    1.0053,
    1.00701,
    1.01338,
    1.01411,
    0.9997,
    1.00624,
    1.00512,
    1.00045,
    1.00159,
    0.9967,
    0.99515,
    1.00111,
    1.008,
    1.00608,
    0.99915,
    1.00345,
    1.00019,
    0.9874,
    0.99148,
    0.9855,
    0.97908,
    0.98217,
    0.98814,
    0.98804,
    0.99638,
    0.99558,
    0.99495,
    0.9932
  ]
}