{
  "Fifteen_Min": [
    0
  ],
  "Thirty_Min": [
    0,
    0,
    0
  ],
  "One_Hour": [
    0,
    0,
    0
  ],
  "Two_Hour": [
    0,
    0,
    0
  ],
  "Four_Hour": [
    0
  ],
  "Daily": [
    0,
    19.92201,
    19.93105,
    19.95242,
    19.92138,
    20.91245,
    20.95564,
    21.3485,
    21.04002,
    21.24988,
    21.17025,
    21.28826,
    21.29832,
    21.2051,
    21.20066,
    21.15419,
    20.54125,
    20.56569,
    21.31062,
    21.25532,
    21.30508,
    21.13581,
    21.35438,
    21.12022,
    21.25012,
    20.88725,
    20.66014,
    20.77592,
    20.81444,
    20.72818,
    20.87227,
    20.12689,
    20.66007,
    20.98269,
    20.97039,
    20.98004,
    20.98545,
    20.94631,
    21.00077,
    21.33198,
    21.1365,
    20.97374,
    20.56199,
    20.60365,
    20.698,
    20.71976,
    20.64594,
    20.28982,
    20.42749,
    20.28665,
    20.42488,
    20.66824,
    20.67951,
    20.51629,
    20.78558,
    20.96264,
    21.01414,
    21.11188,
    20.88077,
    21.06024,
    21.03684,
    21.11773,
    20.90768,
    20.44637,
    20.54365,
    20.83542,
    21.0431,
    21.03985,
    20.99012,
    21.05714,
    21.19422,
    20.92306,
    20.82558,
    20.85178,
    20.81628,
    20.63021,
    20.84844,
    21.25181,
    21.18422,
    20.73526,
    21.15934,
    21.16772,
    21.332,
    21.20915,
    21.05033,
    21.16041,
    21.1139,
    21.04029,
    20.68524,
    21.02894,
    21.36954,
    21.10503,
    21.25798,
    21.01763,
    21.07113,
    21.22667,
    21.02904,
    20.93034,
    20.96162,
    20.58714,
    20.14542,
    20.26232,
    20.22619,
    19.96814,
    20.55078,
    20.3049,
    20.4595,
    20.03297,
    20.72382,
    20.55718,
    20.72136,
    20.8927,
    20.43594,
    20.73782,
    20.3722,
    20.27902,
    19.9532,
    20.00158,
    19.99942,
    20.07212,
    20.2955,
    20.29674,
    19.87344,
    20.27917,
    20.9834,
    21.32117,
    20.97607,
    20.90622,
    21.35971,
    20.69986,
    20.68584,
    20.43237,
    20.55696,
    20.266,
    20.33053,
    20.2227,
    20.15054,
    19.97806,
    19.97804,
    20.08977,
    20.13908,
    20.04208,
    19.90615,
    19.8789,
    20.33336,
    20.15783,
    20.93481,
    20.94972,
    20.65926,
    21.09091,
    21.17622,
    21.37042,
    21.12403,
    21.28631,
    21.34077,
    21.26965,
    21.21444,
    21.13586,
    20.87402,
    20.59189,
    20.9418,
    21.01122,
    21.36062,
    21.33702,
    21.29984,
    20.7848,
    20.23261,
    19.91758,
    20.12476,
    20.41524,
    20.35562,
    20.30566,
    20.38725,
    20.53018,
    20.5822,
    20.33836,
    20.5267,
    20.49242,
    20.33998,
    20.93456,
    21.36841,
    21.37248,
    21.31926,
    21.17198,
    21.32296,
    20.97256,
    21.18848,
    21.26529,
    20.81028,
    20.60888,
    20.62429,
    20.19115,
    19.94967,
    19.88746,
    19.90426,
    19.88666,
    19.92981,
    20.07934,
    20.47909,
    20.61036,
    21.34568,
    21.33518,
    21.20001,
    20.94184,
    20.64646,
    20.50487,
    20.47388,
    20.55985,
    20.40564,
    20.28705,
    20.67578,
    20.8556,
    20.8302,
    20.892,
    21.16557,
    21.09433,
    20.92924,
    20.76332,
    20.69195,
    20.2982,
    20.48595,
    20.35487,
    20.52774,
    20.54351,
    20.53402,
    20.47809,
    20.46716,
    20.50579,
    20.49941,
    20.84658,
    20.80992,
    20.83503,
    20.62451,
    20.71647,
    20.37152,
    20.27573,
    20.08223,
    20.11795,
    20.5305,
    20.81678,
    21.01389,
    20.74271,
    20.98374,
    20.89192,
    21.09613,
    21.14484,
    20.9099,
    20.8362,
    20.24322,
    20.04684,
    19.93089,
    20.75454,
    20.77456,
    20.64092,
    20.70822,
    20.83008,
    20.72615,
    20.68536,
    20.45848,
    20.25419,
    20.0235,
    20.1182,
    19.96144,
    19.879
  ],
  "Weekly": [
    0,
    19.5645,
    20.6285,
    20.6415,
    19.619,
    19.6465,
    20.087,
    20.3435,
    20.303,
    21.327,
    20.291,
    20.9685,
    20.8495,
    19.1715,
    19.099,
    19.6265,
    20.171,
    20.2705,
    20.959,
    21.1015,
    21.526,
    21.71573,
    21.6513,
    21.53838,
    21.26498,
    20.27889,
    20.34049,
    21.54678,
    21.87622,
    20.65594,
    19.82976,
    19.73666,
    19.72312,
    19.45234,
    19.77589,
    19.96228,
    19.82094,
    19.16979,
    19.25891,
    19.87264,
    19.37447,
    19.70552,
    19.32296,
    19.21178,
    20.95564,
    21.24988,
    21.8374,
    22.09728,
    21.6866,
    22.03102,
    20.54125,
    21.5736,
    21.30508,
    22.08456,
    21.7485,
    21.12022,
    21.89496,
    21.7983,
    20.88725,
    20.72818,
    20.98269,
    21.04008,
    21.51328,
    21.88566,
    22.0615,
    21.39309,
    20.698,
    20.42749,
    20.67951,
    21.01414,
    20.54365,
    20.99012,
    20.92306,
    20.84844,
    21.82806,
    22.01476,
    22.16178,
    22.10768,
    21.15934,
    21.20915,
    21.16144,
    21.10503,
    21.02904,
    20.26232,
    19.36789,
    19.13918,
    19.3622,
    19.17838,
    20.43594,
    20.00158,
    20.29674,
    21.68574,
    21.94255,
    21.70438,
    22.15572,
    22.15989,
    22.1252,
    22.01026,
    21.74028,
    20.69986,
    20.33053,
    20.08977,
    19.53843,
    19.91772,
    20.93481,
    21.37042,
    22.05488,
    21.5404,
    21.44352,
    21.1026,
    21.46931,
    21.62558,
    20.12476,
    20.38725,
    20.5267,
    21.31926,
    21.18848,
    20.62429,
    19.88666,
    20.07934,
    21.4203,
    20.47388,
    20.67578,
    20.2982,
    19.65165,
    20.48595,
    20.84351,
    20.84658,
    20.87717,
    20.08223,
    21.01389,
    21.45371,
    20.24322,
    20.77456,
    20.72615,
    20.0235,
    19.7202,
    19.77528,
    19.63657,
    19.6986,
    19.67125
  ]
}